[2023-07-04 10:19:00] local.ERROR: syntax error, unexpected end of file {"exception":"[object] (ParseError(code: 0): syntax error, unexpected end of file at /var/www/asap-template/back/routes/api.php:22)
[stacktrace]
#0 /var/www/asap-template/back/vendor/laravel/framework/src/Illuminate/Routing/Router.php(504): Illuminate\\Routing\\RouteFileRegistrar->register()
#1 /var/www/asap-template/back/vendor/laravel/framework/src/Illuminate/Routing/Router.php(458): Illuminate\\Routing\\Router->loadRoutes()
#2 /var/www/asap-template/back/vendor/laravel/framework/src/Illuminate/Routing/RouteRegistrar.php(192): Illuminate\\Routing\\Router->group()
#3 /var/www/asap-template/back/app/Providers/RouteServiceProvider.php(34): Illuminate\\Routing\\RouteRegistrar->group()
#4 /var/www/asap-template/back/vendor/laravel/framework/src/Illuminate/Container/BoundMethod.php(36): App\\Providers\\RouteServiceProvider->App\\Providers\\{closure}()
#5 /var/www/asap-template/back/vendor/laravel/framework/src/Illuminate/Container/Util.php(41): Illuminate\\Container\\BoundMethod::Illuminate\\Container\\{closure}()
#6 /var/www/asap-template/back/vendor/laravel/framework/src/Illuminate/Container/BoundMethod.php(81): Illuminate\\Container\\Util::unwrapIfClosure()
#7 /var/www/asap-template/back/vendor/laravel/framework/src/Illuminate/Container/BoundMethod.php(35): Illuminate\\Container\\BoundMethod::callBoundMethod()
#8 /var/www/asap-template/back/vendor/laravel/framework/src/Illuminate/Container/Container.php(662): Illuminate\\Container\\BoundMethod::call()
#9 /var/www/asap-template/back/vendor/laravel/framework/src/Illuminate/Foundation/Support/Providers/RouteServiceProvider.php(120): Illuminate\\Container\\Container->call()
#10 /var/www/asap-template/back/vendor/laravel/framework/src/Illuminate/Foundation/Support/Providers/RouteServiceProvider.php(45): Illuminate\\Foundation\\Support\\Providers\\RouteServiceProvider->loadRoutes()
#11 /var/www/asap-template/back/vendor/laravel/framework/src/Illuminate/Container/BoundMethod.php(36): Illuminate\\Foundation\\Support\\Providers\\RouteServiceProvider->Illuminate\\Foundation\\Support\\Providers\\{closure}()
#12 /var/www/asap-template/back/vendor/laravel/framework/src/Illuminate/Container/Util.php(41): Illuminate\\Container\\BoundMethod::Illuminate\\Container\\{closure}()
#13 /var/www/asap-template/back/vendor/laravel/framework/src/Illuminate/Container/BoundMethod.php(81): Illuminate\\Container\\Util::unwrapIfClosure()
#14 /var/www/asap-template/back/vendor/laravel/framework/src/Illuminate/Container/BoundMethod.php(35): Illuminate\\Container\\BoundMethod::callBoundMethod()
#15 /var/www/asap-template/back/vendor/laravel/framework/src/Illuminate/Container/Container.php(662): Illuminate\\Container\\BoundMethod::call()
#16 /var/www/asap-template/back/vendor/laravel/framework/src/Illuminate/Support/ServiceProvider.php(119): Illuminate\\Container\\Container->call()
#17 /var/www/asap-template/back/vendor/laravel/framework/src/Illuminate/Foundation/Application.php(1009): Illuminate\\Support\\ServiceProvider->callBootedCallbacks()
#18 /var/www/asap-template/back/vendor/laravel/framework/src/Illuminate/Foundation/Application.php(987): Illuminate\\Foundation\\Application->bootProvider()
#19 [internal function]: Illuminate\\Foundation\\Application->Illuminate\\Foundation\\{closure}()
#20 /var/www/asap-template/back/vendor/laravel/framework/src/Illuminate/Foundation/Application.php(986): array_walk()
#21 /var/www/asap-template/back/vendor/laravel/framework/src/Illuminate/Foundation/Bootstrap/BootProviders.php(17): Illuminate\\Foundation\\Application->boot()
#22 /var/www/asap-template/back/vendor/laravel/framework/src/Illuminate/Foundation/Application.php(261): Illuminate\\Foundation\\Bootstrap\\BootProviders->bootstrap()
#23 /var/www/asap-template/back/vendor/laravel/framework/src/Illuminate/Foundation/Console/Kernel.php(428): Illuminate\\Foundation\\Application->bootstrapWith()
#24 /var/www/asap-template/back/vendor/laravel/framework/src/Illuminate/Foundation/Console/Kernel.php(198): Illuminate\\Foundation\\Console\\Kernel->bootstrap()
#25 /var/www/asap-template/back/artisan(35): Illuminate\\Foundation\\Console\\Kernel->handle()
#26 {main}
"} 
[2023-07-04 10:42:53] local.ERROR: Route [login] not defined. {"exception":"[object] (Symfony\\Component\\Routing\\Exception\\RouteNotFoundException(code: 0): Route [login] not defined. at /var/www/asap-template/back/vendor/laravel/framework/src/Illuminate/Routing/UrlGenerator.php:467)
[stacktrace]
#0 /var/www/asap-template/back/vendor/laravel/framework/src/Illuminate/Foundation/helpers.php(808): Illuminate\\Routing\\UrlGenerator->route()
#1 /var/www/asap-template/back/app/Http/Middleware/Authenticate.php(15): route()
#2 /var/www/asap-template/back/vendor/laravel/framework/src/Illuminate/Auth/Middleware/Authenticate.php(96): App\\Http\\Middleware\\Authenticate->redirectTo()
#3 /var/www/asap-template/back/vendor/laravel/framework/src/Illuminate/Auth/Middleware/Authenticate.php(81): Illuminate\\Auth\\Middleware\\Authenticate->unauthenticated()
#4 /var/www/asap-template/back/vendor/laravel/framework/src/Illuminate/Auth/Middleware/Authenticate.php(55): Illuminate\\Auth\\Middleware\\Authenticate->authenticate()
#5 /var/www/asap-template/back/vendor/laravel/framework/src/Illuminate/Pipeline/Pipeline.php(180): Illuminate\\Auth\\Middleware\\Authenticate->handle()
#6 /var/www/asap-template/back/vendor/laravel/sanctum/src/Http/Middleware/EnsureFrontendRequestsAreStateful.php(25): Illuminate\\Pipeline\\Pipeline->Illuminate\\Pipeline\\{closure}()
#7 /var/www/asap-template/back/vendor/laravel/framework/src/Illuminate/Pipeline/Pipeline.php(141): Laravel\\Sanctum\\Http\\Middleware\\EnsureFrontendRequestsAreStateful->Laravel\\Sanctum\\Http\\Middleware\\{closure}()
#8 /var/www/asap-template/back/vendor/laravel/framework/src/Illuminate/Pipeline/Pipeline.php(116): Illuminate\\Pipeline\\Pipeline->Illuminate\\Pipeline\\{closure}()
#9 /var/www/asap-template/back/vendor/laravel/sanctum/src/Http/Middleware/EnsureFrontendRequestsAreStateful.php(24): Illuminate\\Pipeline\\Pipeline->then()
#10 /var/www/asap-template/back/vendor/laravel/framework/src/Illuminate/Pipeline/Pipeline.php(180): Laravel\\Sanctum\\Http\\Middleware\\EnsureFrontendRequestsAreStateful->handle()
#11 /var/www/asap-template/back/vendor/laravel/framework/src/Illuminate/Pipeline/Pipeline.php(116): Illuminate\\Pipeline\\Pipeline->Illuminate\\Pipeline\\{closure}()
#12 /var/www/asap-template/back/vendor/laravel/framework/src/Illuminate/Routing/Router.php(798): Illuminate\\Pipeline\\Pipeline->then()
#13 /var/www/asap-template/back/vendor/laravel/framework/src/Illuminate/Routing/Router.php(777): Illuminate\\Routing\\Router->runRouteWithinStack()
#14 /var/www/asap-template/back/vendor/laravel/framework/src/Illuminate/Routing/Router.php(741): Illuminate\\Routing\\Router->runRoute()
#15 /var/www/asap-template/back/vendor/laravel/framework/src/Illuminate/Routing/Router.php(730): Illuminate\\Routing\\Router->dispatchToRoute()
#16 /var/www/asap-template/back/vendor/laravel/framework/src/Illuminate/Foundation/Http/Kernel.php(200): Illuminate\\Routing\\Router->dispatch()
#17 /var/www/asap-template/back/vendor/laravel/framework/src/Illuminate/Pipeline/Pipeline.php(141): Illuminate\\Foundation\\Http\\Kernel->Illuminate\\Foundation\\Http\\{closure}()
#18 /var/www/asap-template/back/vendor/laravel/framework/src/Illuminate/Foundation/Http/Middleware/TransformsRequest.php(21): Illuminate\\Pipeline\\Pipeline->Illuminate\\Pipeline\\{closure}()
#19 /var/www/asap-template/back/vendor/laravel/framework/src/Illuminate/Foundation/Http/Middleware/ConvertEmptyStringsToNull.php(31): Illuminate\\Foundation\\Http\\Middleware\\TransformsRequest->handle()
#20 /var/www/asap-template/back/vendor/laravel/framework/src/Illuminate/Pipeline/Pipeline.php(180): Illuminate\\Foundation\\Http\\Middleware\\ConvertEmptyStringsToNull->handle()
#21 /var/www/asap-template/back/vendor/laravel/framework/src/Illuminate/Foundation/Http/Middleware/TransformsRequest.php(21): Illuminate\\Pipeline\\Pipeline->Illuminate\\Pipeline\\{closure}()
#22 /var/www/asap-template/back/vendor/laravel/framework/src/Illuminate/Foundation/Http/Middleware/TrimStrings.php(40): Illuminate\\Foundation\\Http\\Middleware\\TransformsRequest->handle()
#23 /var/www/asap-template/back/vendor/laravel/framework/src/Illuminate/Pipeline/Pipeline.php(180): Illuminate\\Foundation\\Http\\Middleware\\TrimStrings->handle()
#24 /var/www/asap-template/back/vendor/laravel/framework/src/Illuminate/Foundation/Http/Middleware/ValidatePostSize.php(27): Illuminate\\Pipeline\\Pipeline->Illuminate\\Pipeline\\{closure}()
#25 /var/www/asap-template/back/vendor/laravel/framework/src/Illuminate/Pipeline/Pipeline.php(180): Illuminate\\Foundation\\Http\\Middleware\\ValidatePostSize->handle()
#26 /var/www/asap-template/back/vendor/laravel/framework/src/Illuminate/Foundation/Http/Middleware/PreventRequestsDuringMaintenance.php(86): Illuminate\\Pipeline\\Pipeline->Illuminate\\Pipeline\\{closure}()
#27 /var/www/asap-template/back/vendor/laravel/framework/src/Illuminate/Pipeline/Pipeline.php(180): Illuminate\\Foundation\\Http\\Middleware\\PreventRequestsDuringMaintenance->handle()
#28 /var/www/asap-template/back/vendor/laravel/framework/src/Illuminate/Http/Middleware/HandleCors.php(62): Illuminate\\Pipeline\\Pipeline->Illuminate\\Pipeline\\{closure}()
#29 /var/www/asap-template/back/vendor/laravel/framework/src/Illuminate/Pipeline/Pipeline.php(180): Illuminate\\Http\\Middleware\\HandleCors->handle()
#30 /var/www/asap-template/back/vendor/laravel/framework/src/Illuminate/Http/Middleware/TrustProxies.php(39): Illuminate\\Pipeline\\Pipeline->Illuminate\\Pipeline\\{closure}()
#31 /var/www/asap-template/back/vendor/laravel/framework/src/Illuminate/Pipeline/Pipeline.php(180): Illuminate\\Http\\Middleware\\TrustProxies->handle()
#32 /var/www/asap-template/back/vendor/laravel/framework/src/Illuminate/Pipeline/Pipeline.php(116): Illuminate\\Pipeline\\Pipeline->Illuminate\\Pipeline\\{closure}()
#33 /var/www/asap-template/back/vendor/laravel/framework/src/Illuminate/Foundation/Http/Kernel.php(175): Illuminate\\Pipeline\\Pipeline->then()
#34 /var/www/asap-template/back/vendor/laravel/framework/src/Illuminate/Foundation/Http/Kernel.php(144): Illuminate\\Foundation\\Http\\Kernel->sendRequestThroughRouter()
#35 /var/www/asap-template/back/public/index.php(51): Illuminate\\Foundation\\Http\\Kernel->handle()
#36 /var/www/asap-template/back/vendor/laravel/framework/src/Illuminate/Foundation/resources/server.php(16): require_once('...')
#37 {main}
"} 
[2023-07-04 10:48:03] local.ERROR: Method Illuminate\Auth\RequestGuard::logout does not exist. {"userId":1,"exception":"[object] (BadMethodCallException(code: 0): Method Illuminate\\Auth\\RequestGuard::logout does not exist. at /var/www/asap-template/back/vendor/laravel/framework/src/Illuminate/Macroable/Traits/Macroable.php:112)
[stacktrace]
#0 /var/www/asap-template/back/vendor/laravel/framework/src/Illuminate/Auth/AuthManager.php(340): Illuminate\\Auth\\RequestGuard->__call()
#1 /var/www/asap-template/back/vendor/laravel/framework/src/Illuminate/Support/Facades/Facade.php(353): Illuminate\\Auth\\AuthManager->__call()
#2 /var/www/asap-template/back/app/Http/Controllers/UserAuthController.php(29): Illuminate\\Support\\Facades\\Facade::__callStatic()
#3 /var/www/asap-template/back/vendor/laravel/framework/src/Illuminate/Routing/Controller.php(54): App\\Http\\Controllers\\UserAuthController->logout()
#4 /var/www/asap-template/back/vendor/laravel/framework/src/Illuminate/Routing/ControllerDispatcher.php(43): Illuminate\\Routing\\Controller->callAction()
#5 /var/www/asap-template/back/vendor/laravel/framework/src/Illuminate/Routing/Route.php(259): Illuminate\\Routing\\ControllerDispatcher->dispatch()
#6 /var/www/asap-template/back/vendor/laravel/framework/src/Illuminate/Routing/Route.php(205): Illuminate\\Routing\\Route->runController()
#7 /var/www/asap-template/back/vendor/laravel/framework/src/Illuminate/Routing/Router.php(799): Illuminate\\Routing\\Route->run()
#8 /var/www/asap-template/back/vendor/laravel/framework/src/Illuminate/Pipeline/Pipeline.php(141): Illuminate\\Routing\\Router->Illuminate\\Routing\\{closure}()
#9 /var/www/asap-template/back/vendor/laravel/framework/src/Illuminate/Routing/Middleware/SubstituteBindings.php(50): Illuminate\\Pipeline\\Pipeline->Illuminate\\Pipeline\\{closure}()
#10 /var/www/asap-template/back/vendor/laravel/framework/src/Illuminate/Pipeline/Pipeline.php(180): Illuminate\\Routing\\Middleware\\SubstituteBindings->handle()
#11 /var/www/asap-template/back/vendor/laravel/framework/src/Illuminate/Routing/Middleware/ThrottleRequests.php(159): Illuminate\\Pipeline\\Pipeline->Illuminate\\Pipeline\\{closure}()
#12 /var/www/asap-template/back/vendor/laravel/framework/src/Illuminate/Routing/Middleware/ThrottleRequests.php(125): Illuminate\\Routing\\Middleware\\ThrottleRequests->handleRequest()
#13 /var/www/asap-template/back/vendor/laravel/framework/src/Illuminate/Routing/Middleware/ThrottleRequests.php(87): Illuminate\\Routing\\Middleware\\ThrottleRequests->handleRequestUsingNamedLimiter()
#14 /var/www/asap-template/back/vendor/laravel/framework/src/Illuminate/Pipeline/Pipeline.php(180): Illuminate\\Routing\\Middleware\\ThrottleRequests->handle()
#15 /var/www/asap-template/back/vendor/laravel/framework/src/Illuminate/Auth/Middleware/Authenticate.php(57): Illuminate\\Pipeline\\Pipeline->Illuminate\\Pipeline\\{closure}()
#16 /var/www/asap-template/back/vendor/laravel/framework/src/Illuminate/Pipeline/Pipeline.php(180): Illuminate\\Auth\\Middleware\\Authenticate->handle()
#17 /var/www/asap-template/back/vendor/laravel/sanctum/src/Http/Middleware/EnsureFrontendRequestsAreStateful.php(25): Illuminate\\Pipeline\\Pipeline->Illuminate\\Pipeline\\{closure}()
#18 /var/www/asap-template/back/vendor/laravel/framework/src/Illuminate/Pipeline/Pipeline.php(141): Laravel\\Sanctum\\Http\\Middleware\\EnsureFrontendRequestsAreStateful->Laravel\\Sanctum\\Http\\Middleware\\{closure}()
#19 /var/www/asap-template/back/vendor/laravel/framework/src/Illuminate/Foundation/Http/Middleware/VerifyCsrfToken.php(78): Illuminate\\Pipeline\\Pipeline->Illuminate\\Pipeline\\{closure}()
#20 /var/www/asap-template/back/vendor/laravel/framework/src/Illuminate/Pipeline/Pipeline.php(180): Illuminate\\Foundation\\Http\\Middleware\\VerifyCsrfToken->handle()
#21 /var/www/asap-template/back/vendor/laravel/framework/src/Illuminate/Session/Middleware/StartSession.php(121): Illuminate\\Pipeline\\Pipeline->Illuminate\\Pipeline\\{closure}()
#22 /var/www/asap-template/back/vendor/laravel/framework/src/Illuminate/Session/Middleware/StartSession.php(64): Illuminate\\Session\\Middleware\\StartSession->handleStatefulRequest()
#23 /var/www/asap-template/back/vendor/laravel/framework/src/Illuminate/Pipeline/Pipeline.php(180): Illuminate\\Session\\Middleware\\StartSession->handle()
#24 /var/www/asap-template/back/vendor/laravel/framework/src/Illuminate/Cookie/Middleware/AddQueuedCookiesToResponse.php(37): Illuminate\\Pipeline\\Pipeline->Illuminate\\Pipeline\\{closure}()
#25 /var/www/asap-template/back/vendor/laravel/framework/src/Illuminate/Pipeline/Pipeline.php(180): Illuminate\\Cookie\\Middleware\\AddQueuedCookiesToResponse->handle()
#26 /var/www/asap-template/back/vendor/laravel/framework/src/Illuminate/Cookie/Middleware/EncryptCookies.php(67): Illuminate\\Pipeline\\Pipeline->Illuminate\\Pipeline\\{closure}()
#27 /var/www/asap-template/back/vendor/laravel/framework/src/Illuminate/Pipeline/Pipeline.php(180): Illuminate\\Cookie\\Middleware\\EncryptCookies->handle()
#28 /var/www/asap-template/back/vendor/laravel/sanctum/src/Http/Middleware/EnsureFrontendRequestsAreStateful.php(60): Illuminate\\Pipeline\\Pipeline->Illuminate\\Pipeline\\{closure}()
#29 /var/www/asap-template/back/vendor/laravel/framework/src/Illuminate/Pipeline/Pipeline.php(162): Laravel\\Sanctum\\Http\\Middleware\\EnsureFrontendRequestsAreStateful->Laravel\\Sanctum\\Http\\Middleware\\{closure}()
#30 /var/www/asap-template/back/vendor/laravel/framework/src/Illuminate/Pipeline/Pipeline.php(116): Illuminate\\Pipeline\\Pipeline->Illuminate\\Pipeline\\{closure}()
#31 /var/www/asap-template/back/vendor/laravel/sanctum/src/Http/Middleware/EnsureFrontendRequestsAreStateful.php(24): Illuminate\\Pipeline\\Pipeline->then()
#32 /var/www/asap-template/back/vendor/laravel/framework/src/Illuminate/Pipeline/Pipeline.php(180): Laravel\\Sanctum\\Http\\Middleware\\EnsureFrontendRequestsAreStateful->handle()
#33 /var/www/asap-template/back/vendor/laravel/framework/src/Illuminate/Pipeline/Pipeline.php(116): Illuminate\\Pipeline\\Pipeline->Illuminate\\Pipeline\\{closure}()
#34 /var/www/asap-template/back/vendor/laravel/framework/src/Illuminate/Routing/Router.php(798): Illuminate\\Pipeline\\Pipeline->then()
#35 /var/www/asap-template/back/vendor/laravel/framework/src/Illuminate/Routing/Router.php(777): Illuminate\\Routing\\Router->runRouteWithinStack()
#36 /var/www/asap-template/back/vendor/laravel/framework/src/Illuminate/Routing/Router.php(741): Illuminate\\Routing\\Router->runRoute()
#37 /var/www/asap-template/back/vendor/laravel/framework/src/Illuminate/Routing/Router.php(730): Illuminate\\Routing\\Router->dispatchToRoute()
#38 /var/www/asap-template/back/vendor/laravel/framework/src/Illuminate/Foundation/Http/Kernel.php(200): Illuminate\\Routing\\Router->dispatch()
#39 /var/www/asap-template/back/vendor/laravel/framework/src/Illuminate/Pipeline/Pipeline.php(141): Illuminate\\Foundation\\Http\\Kernel->Illuminate\\Foundation\\Http\\{closure}()
#40 /var/www/asap-template/back/vendor/laravel/framework/src/Illuminate/Foundation/Http/Middleware/TransformsRequest.php(21): Illuminate\\Pipeline\\Pipeline->Illuminate\\Pipeline\\{closure}()
#41 /var/www/asap-template/back/vendor/laravel/framework/src/Illuminate/Foundation/Http/Middleware/ConvertEmptyStringsToNull.php(31): Illuminate\\Foundation\\Http\\Middleware\\TransformsRequest->handle()
#42 /var/www/asap-template/back/vendor/laravel/framework/src/Illuminate/Pipeline/Pipeline.php(180): Illuminate\\Foundation\\Http\\Middleware\\ConvertEmptyStringsToNull->handle()
#43 /var/www/asap-template/back/vendor/laravel/framework/src/Illuminate/Foundation/Http/Middleware/TransformsRequest.php(21): Illuminate\\Pipeline\\Pipeline->Illuminate\\Pipeline\\{closure}()
#44 /var/www/asap-template/back/vendor/laravel/framework/src/Illuminate/Foundation/Http/Middleware/TrimStrings.php(40): Illuminate\\Foundation\\Http\\Middleware\\TransformsRequest->handle()
#45 /var/www/asap-template/back/vendor/laravel/framework/src/Illuminate/Pipeline/Pipeline.php(180): Illuminate\\Foundation\\Http\\Middleware\\TrimStrings->handle()
#46 /var/www/asap-template/back/vendor/laravel/framework/src/Illuminate/Foundation/Http/Middleware/ValidatePostSize.php(27): Illuminate\\Pipeline\\Pipeline->Illuminate\\Pipeline\\{closure}()
#47 /var/www/asap-template/back/vendor/laravel/framework/src/Illuminate/Pipeline/Pipeline.php(180): Illuminate\\Foundation\\Http\\Middleware\\ValidatePostSize->handle()
#48 /var/www/asap-template/back/vendor/laravel/framework/src/Illuminate/Foundation/Http/Middleware/PreventRequestsDuringMaintenance.php(86): Illuminate\\Pipeline\\Pipeline->Illuminate\\Pipeline\\{closure}()
#49 /var/www/asap-template/back/vendor/laravel/framework/src/Illuminate/Pipeline/Pipeline.php(180): Illuminate\\Foundation\\Http\\Middleware\\PreventRequestsDuringMaintenance->handle()
#50 /var/www/asap-template/back/vendor/laravel/framework/src/Illuminate/Http/Middleware/HandleCors.php(62): Illuminate\\Pipeline\\Pipeline->Illuminate\\Pipeline\\{closure}()
#51 /var/www/asap-template/back/vendor/laravel/framework/src/Illuminate/Pipeline/Pipeline.php(180): Illuminate\\Http\\Middleware\\HandleCors->handle()
#52 /var/www/asap-template/back/vendor/laravel/framework/src/Illuminate/Http/Middleware/TrustProxies.php(39): Illuminate\\Pipeline\\Pipeline->Illuminate\\Pipeline\\{closure}()
#53 /var/www/asap-template/back/vendor/laravel/framework/src/Illuminate/Pipeline/Pipeline.php(180): Illuminate\\Http\\Middleware\\TrustProxies->handle()
#54 /var/www/asap-template/back/vendor/laravel/framework/src/Illuminate/Pipeline/Pipeline.php(116): Illuminate\\Pipeline\\Pipeline->Illuminate\\Pipeline\\{closure}()
#55 /var/www/asap-template/back/vendor/laravel/framework/src/Illuminate/Foundation/Http/Kernel.php(175): Illuminate\\Pipeline\\Pipeline->then()
#56 /var/www/asap-template/back/vendor/laravel/framework/src/Illuminate/Foundation/Http/Kernel.php(144): Illuminate\\Foundation\\Http\\Kernel->sendRequestThroughRouter()
#57 /var/www/asap-template/back/public/index.php(51): Illuminate\\Foundation\\Http\\Kernel->handle()
#58 /var/www/asap-template/back/vendor/laravel/framework/src/Illuminate/Foundation/resources/server.php(16): require_once('...')
#59 {main}
"} 
[2023-07-04 10:48:29] local.ERROR: Method Illuminate\Auth\RequestGuard::logout does not exist. {"userId":1,"exception":"[object] (BadMethodCallException(code: 0): Method Illuminate\\Auth\\RequestGuard::logout does not exist. at /var/www/asap-template/back/vendor/laravel/framework/src/Illuminate/Macroable/Traits/Macroable.php:112)
[stacktrace]
#0 /var/www/asap-template/back/vendor/laravel/framework/src/Illuminate/Auth/AuthManager.php(340): Illuminate\\Auth\\RequestGuard->__call()
#1 /var/www/asap-template/back/vendor/laravel/framework/src/Illuminate/Support/Facades/Facade.php(353): Illuminate\\Auth\\AuthManager->__call()
#2 /var/www/asap-template/back/app/Http/Controllers/UserAuthController.php(29): Illuminate\\Support\\Facades\\Facade::__callStatic()
#3 /var/www/asap-template/back/vendor/laravel/framework/src/Illuminate/Routing/Controller.php(54): App\\Http\\Controllers\\UserAuthController->logout()
#4 /var/www/asap-template/back/vendor/laravel/framework/src/Illuminate/Routing/ControllerDispatcher.php(43): Illuminate\\Routing\\Controller->callAction()
#5 /var/www/asap-template/back/vendor/laravel/framework/src/Illuminate/Routing/Route.php(259): Illuminate\\Routing\\ControllerDispatcher->dispatch()
#6 /var/www/asap-template/back/vendor/laravel/framework/src/Illuminate/Routing/Route.php(205): Illuminate\\Routing\\Route->runController()
#7 /var/www/asap-template/back/vendor/laravel/framework/src/Illuminate/Routing/Router.php(799): Illuminate\\Routing\\Route->run()
#8 /var/www/asap-template/back/vendor/laravel/framework/src/Illuminate/Pipeline/Pipeline.php(141): Illuminate\\Routing\\Router->Illuminate\\Routing\\{closure}()
#9 /var/www/asap-template/back/vendor/laravel/framework/src/Illuminate/Routing/Middleware/SubstituteBindings.php(50): Illuminate\\Pipeline\\Pipeline->Illuminate\\Pipeline\\{closure}()
#10 /var/www/asap-template/back/vendor/laravel/framework/src/Illuminate/Pipeline/Pipeline.php(180): Illuminate\\Routing\\Middleware\\SubstituteBindings->handle()
#11 /var/www/asap-template/back/vendor/laravel/framework/src/Illuminate/Routing/Middleware/ThrottleRequests.php(159): Illuminate\\Pipeline\\Pipeline->Illuminate\\Pipeline\\{closure}()
#12 /var/www/asap-template/back/vendor/laravel/framework/src/Illuminate/Routing/Middleware/ThrottleRequests.php(125): Illuminate\\Routing\\Middleware\\ThrottleRequests->handleRequest()
#13 /var/www/asap-template/back/vendor/laravel/framework/src/Illuminate/Routing/Middleware/ThrottleRequests.php(87): Illuminate\\Routing\\Middleware\\ThrottleRequests->handleRequestUsingNamedLimiter()
#14 /var/www/asap-template/back/vendor/laravel/framework/src/Illuminate/Pipeline/Pipeline.php(180): Illuminate\\Routing\\Middleware\\ThrottleRequests->handle()
#15 /var/www/asap-template/back/vendor/laravel/framework/src/Illuminate/Auth/Middleware/Authenticate.php(57): Illuminate\\Pipeline\\Pipeline->Illuminate\\Pipeline\\{closure}()
#16 /var/www/asap-template/back/vendor/laravel/framework/src/Illuminate/Pipeline/Pipeline.php(180): Illuminate\\Auth\\Middleware\\Authenticate->handle()
#17 /var/www/asap-template/back/vendor/laravel/sanctum/src/Http/Middleware/EnsureFrontendRequestsAreStateful.php(25): Illuminate\\Pipeline\\Pipeline->Illuminate\\Pipeline\\{closure}()
#18 /var/www/asap-template/back/vendor/laravel/framework/src/Illuminate/Pipeline/Pipeline.php(141): Laravel\\Sanctum\\Http\\Middleware\\EnsureFrontendRequestsAreStateful->Laravel\\Sanctum\\Http\\Middleware\\{closure}()
#19 /var/www/asap-template/back/vendor/laravel/framework/src/Illuminate/Foundation/Http/Middleware/VerifyCsrfToken.php(78): Illuminate\\Pipeline\\Pipeline->Illuminate\\Pipeline\\{closure}()
#20 /var/www/asap-template/back/vendor/laravel/framework/src/Illuminate/Pipeline/Pipeline.php(180): Illuminate\\Foundation\\Http\\Middleware\\VerifyCsrfToken->handle()
#21 /var/www/asap-template/back/vendor/laravel/framework/src/Illuminate/Session/Middleware/StartSession.php(121): Illuminate\\Pipeline\\Pipeline->Illuminate\\Pipeline\\{closure}()
#22 /var/www/asap-template/back/vendor/laravel/framework/src/Illuminate/Session/Middleware/StartSession.php(64): Illuminate\\Session\\Middleware\\StartSession->handleStatefulRequest()
#23 /var/www/asap-template/back/vendor/laravel/framework/src/Illuminate/Pipeline/Pipeline.php(180): Illuminate\\Session\\Middleware\\StartSession->handle()
#24 /var/www/asap-template/back/vendor/laravel/framework/src/Illuminate/Cookie/Middleware/AddQueuedCookiesToResponse.php(37): Illuminate\\Pipeline\\Pipeline->Illuminate\\Pipeline\\{closure}()
#25 /var/www/asap-template/back/vendor/laravel/framework/src/Illuminate/Pipeline/Pipeline.php(180): Illuminate\\Cookie\\Middleware\\AddQueuedCookiesToResponse->handle()
#26 /var/www/asap-template/back/vendor/laravel/framework/src/Illuminate/Cookie/Middleware/EncryptCookies.php(67): Illuminate\\Pipeline\\Pipeline->Illuminate\\Pipeline\\{closure}()
#27 /var/www/asap-template/back/vendor/laravel/framework/src/Illuminate/Pipeline/Pipeline.php(180): Illuminate\\Cookie\\Middleware\\EncryptCookies->handle()
#28 /var/www/asap-template/back/vendor/laravel/sanctum/src/Http/Middleware/EnsureFrontendRequestsAreStateful.php(60): Illuminate\\Pipeline\\Pipeline->Illuminate\\Pipeline\\{closure}()
#29 /var/www/asap-template/back/vendor/laravel/framework/src/Illuminate/Pipeline/Pipeline.php(162): Laravel\\Sanctum\\Http\\Middleware\\EnsureFrontendRequestsAreStateful->Laravel\\Sanctum\\Http\\Middleware\\{closure}()
#30 /var/www/asap-template/back/vendor/laravel/framework/src/Illuminate/Pipeline/Pipeline.php(116): Illuminate\\Pipeline\\Pipeline->Illuminate\\Pipeline\\{closure}()
#31 /var/www/asap-template/back/vendor/laravel/sanctum/src/Http/Middleware/EnsureFrontendRequestsAreStateful.php(24): Illuminate\\Pipeline\\Pipeline->then()
#32 /var/www/asap-template/back/vendor/laravel/framework/src/Illuminate/Pipeline/Pipeline.php(180): Laravel\\Sanctum\\Http\\Middleware\\EnsureFrontendRequestsAreStateful->handle()
#33 /var/www/asap-template/back/vendor/laravel/framework/src/Illuminate/Pipeline/Pipeline.php(116): Illuminate\\Pipeline\\Pipeline->Illuminate\\Pipeline\\{closure}()
#34 /var/www/asap-template/back/vendor/laravel/framework/src/Illuminate/Routing/Router.php(798): Illuminate\\Pipeline\\Pipeline->then()
#35 /var/www/asap-template/back/vendor/laravel/framework/src/Illuminate/Routing/Router.php(777): Illuminate\\Routing\\Router->runRouteWithinStack()
#36 /var/www/asap-template/back/vendor/laravel/framework/src/Illuminate/Routing/Router.php(741): Illuminate\\Routing\\Router->runRoute()
#37 /var/www/asap-template/back/vendor/laravel/framework/src/Illuminate/Routing/Router.php(730): Illuminate\\Routing\\Router->dispatchToRoute()
#38 /var/www/asap-template/back/vendor/laravel/framework/src/Illuminate/Foundation/Http/Kernel.php(200): Illuminate\\Routing\\Router->dispatch()
#39 /var/www/asap-template/back/vendor/laravel/framework/src/Illuminate/Pipeline/Pipeline.php(141): Illuminate\\Foundation\\Http\\Kernel->Illuminate\\Foundation\\Http\\{closure}()
#40 /var/www/asap-template/back/vendor/laravel/framework/src/Illuminate/Foundation/Http/Middleware/TransformsRequest.php(21): Illuminate\\Pipeline\\Pipeline->Illuminate\\Pipeline\\{closure}()
#41 /var/www/asap-template/back/vendor/laravel/framework/src/Illuminate/Foundation/Http/Middleware/ConvertEmptyStringsToNull.php(31): Illuminate\\Foundation\\Http\\Middleware\\TransformsRequest->handle()
#42 /var/www/asap-template/back/vendor/laravel/framework/src/Illuminate/Pipeline/Pipeline.php(180): Illuminate\\Foundation\\Http\\Middleware\\ConvertEmptyStringsToNull->handle()
#43 /var/www/asap-template/back/vendor/laravel/framework/src/Illuminate/Foundation/Http/Middleware/TransformsRequest.php(21): Illuminate\\Pipeline\\Pipeline->Illuminate\\Pipeline\\{closure}()
#44 /var/www/asap-template/back/vendor/laravel/framework/src/Illuminate/Foundation/Http/Middleware/TrimStrings.php(40): Illuminate\\Foundation\\Http\\Middleware\\TransformsRequest->handle()
#45 /var/www/asap-template/back/vendor/laravel/framework/src/Illuminate/Pipeline/Pipeline.php(180): Illuminate\\Foundation\\Http\\Middleware\\TrimStrings->handle()
#46 /var/www/asap-template/back/vendor/laravel/framework/src/Illuminate/Foundation/Http/Middleware/ValidatePostSize.php(27): Illuminate\\Pipeline\\Pipeline->Illuminate\\Pipeline\\{closure}()
#47 /var/www/asap-template/back/vendor/laravel/framework/src/Illuminate/Pipeline/Pipeline.php(180): Illuminate\\Foundation\\Http\\Middleware\\ValidatePostSize->handle()
#48 /var/www/asap-template/back/vendor/laravel/framework/src/Illuminate/Foundation/Http/Middleware/PreventRequestsDuringMaintenance.php(86): Illuminate\\Pipeline\\Pipeline->Illuminate\\Pipeline\\{closure}()
#49 /var/www/asap-template/back/vendor/laravel/framework/src/Illuminate/Pipeline/Pipeline.php(180): Illuminate\\Foundation\\Http\\Middleware\\PreventRequestsDuringMaintenance->handle()
#50 /var/www/asap-template/back/vendor/laravel/framework/src/Illuminate/Http/Middleware/HandleCors.php(62): Illuminate\\Pipeline\\Pipeline->Illuminate\\Pipeline\\{closure}()
#51 /var/www/asap-template/back/vendor/laravel/framework/src/Illuminate/Pipeline/Pipeline.php(180): Illuminate\\Http\\Middleware\\HandleCors->handle()
#52 /var/www/asap-template/back/vendor/laravel/framework/src/Illuminate/Http/Middleware/TrustProxies.php(39): Illuminate\\Pipeline\\Pipeline->Illuminate\\Pipeline\\{closure}()
#53 /var/www/asap-template/back/vendor/laravel/framework/src/Illuminate/Pipeline/Pipeline.php(180): Illuminate\\Http\\Middleware\\TrustProxies->handle()
#54 /var/www/asap-template/back/vendor/laravel/framework/src/Illuminate/Pipeline/Pipeline.php(116): Illuminate\\Pipeline\\Pipeline->Illuminate\\Pipeline\\{closure}()
#55 /var/www/asap-template/back/vendor/laravel/framework/src/Illuminate/Foundation/Http/Kernel.php(175): Illuminate\\Pipeline\\Pipeline->then()
#56 /var/www/asap-template/back/vendor/laravel/framework/src/Illuminate/Foundation/Http/Kernel.php(144): Illuminate\\Foundation\\Http\\Kernel->sendRequestThroughRouter()
#57 /var/www/asap-template/back/public/index.php(51): Illuminate\\Foundation\\Http\\Kernel->handle()
#58 /var/www/asap-template/back/vendor/laravel/framework/src/Illuminate/Foundation/resources/server.php(16): require_once('...')
#59 {main}
"} 
[2023-07-04 10:48:41] local.ERROR: Method Illuminate\Auth\RequestGuard::logout does not exist. {"userId":1,"exception":"[object] (BadMethodCallException(code: 0): Method Illuminate\\Auth\\RequestGuard::logout does not exist. at /var/www/asap-template/back/vendor/laravel/framework/src/Illuminate/Macroable/Traits/Macroable.php:112)
[stacktrace]
#0 /var/www/asap-template/back/vendor/laravel/framework/src/Illuminate/Auth/AuthManager.php(340): Illuminate\\Auth\\RequestGuard->__call()
#1 /var/www/asap-template/back/vendor/laravel/framework/src/Illuminate/Support/Facades/Facade.php(353): Illuminate\\Auth\\AuthManager->__call()
#2 /var/www/asap-template/back/app/Http/Controllers/UserAuthController.php(29): Illuminate\\Support\\Facades\\Facade::__callStatic()
#3 /var/www/asap-template/back/vendor/laravel/framework/src/Illuminate/Routing/Controller.php(54): App\\Http\\Controllers\\UserAuthController->logout()
#4 /var/www/asap-template/back/vendor/laravel/framework/src/Illuminate/Routing/ControllerDispatcher.php(43): Illuminate\\Routing\\Controller->callAction()
#5 /var/www/asap-template/back/vendor/laravel/framework/src/Illuminate/Routing/Route.php(259): Illuminate\\Routing\\ControllerDispatcher->dispatch()
#6 /var/www/asap-template/back/vendor/laravel/framework/src/Illuminate/Routing/Route.php(205): Illuminate\\Routing\\Route->runController()
#7 /var/www/asap-template/back/vendor/laravel/framework/src/Illuminate/Routing/Router.php(799): Illuminate\\Routing\\Route->run()
#8 /var/www/asap-template/back/vendor/laravel/framework/src/Illuminate/Pipeline/Pipeline.php(141): Illuminate\\Routing\\Router->Illuminate\\Routing\\{closure}()
#9 /var/www/asap-template/back/vendor/laravel/framework/src/Illuminate/Routing/Middleware/SubstituteBindings.php(50): Illuminate\\Pipeline\\Pipeline->Illuminate\\Pipeline\\{closure}()
#10 /var/www/asap-template/back/vendor/laravel/framework/src/Illuminate/Pipeline/Pipeline.php(180): Illuminate\\Routing\\Middleware\\SubstituteBindings->handle()
#11 /var/www/asap-template/back/vendor/laravel/framework/src/Illuminate/Routing/Middleware/ThrottleRequests.php(159): Illuminate\\Pipeline\\Pipeline->Illuminate\\Pipeline\\{closure}()
#12 /var/www/asap-template/back/vendor/laravel/framework/src/Illuminate/Routing/Middleware/ThrottleRequests.php(125): Illuminate\\Routing\\Middleware\\ThrottleRequests->handleRequest()
#13 /var/www/asap-template/back/vendor/laravel/framework/src/Illuminate/Routing/Middleware/ThrottleRequests.php(87): Illuminate\\Routing\\Middleware\\ThrottleRequests->handleRequestUsingNamedLimiter()
#14 /var/www/asap-template/back/vendor/laravel/framework/src/Illuminate/Pipeline/Pipeline.php(180): Illuminate\\Routing\\Middleware\\ThrottleRequests->handle()
#15 /var/www/asap-template/back/vendor/laravel/framework/src/Illuminate/Auth/Middleware/Authenticate.php(57): Illuminate\\Pipeline\\Pipeline->Illuminate\\Pipeline\\{closure}()
#16 /var/www/asap-template/back/vendor/laravel/framework/src/Illuminate/Pipeline/Pipeline.php(180): Illuminate\\Auth\\Middleware\\Authenticate->handle()
#17 /var/www/asap-template/back/vendor/laravel/sanctum/src/Http/Middleware/EnsureFrontendRequestsAreStateful.php(25): Illuminate\\Pipeline\\Pipeline->Illuminate\\Pipeline\\{closure}()
#18 /var/www/asap-template/back/vendor/laravel/framework/src/Illuminate/Pipeline/Pipeline.php(141): Laravel\\Sanctum\\Http\\Middleware\\EnsureFrontendRequestsAreStateful->Laravel\\Sanctum\\Http\\Middleware\\{closure}()
#19 /var/www/asap-template/back/vendor/laravel/framework/src/Illuminate/Foundation/Http/Middleware/VerifyCsrfToken.php(78): Illuminate\\Pipeline\\Pipeline->Illuminate\\Pipeline\\{closure}()
#20 /var/www/asap-template/back/vendor/laravel/framework/src/Illuminate/Pipeline/Pipeline.php(180): Illuminate\\Foundation\\Http\\Middleware\\VerifyCsrfToken->handle()
#21 /var/www/asap-template/back/vendor/laravel/framework/src/Illuminate/Session/Middleware/StartSession.php(121): Illuminate\\Pipeline\\Pipeline->Illuminate\\Pipeline\\{closure}()
#22 /var/www/asap-template/back/vendor/laravel/framework/src/Illuminate/Session/Middleware/StartSession.php(64): Illuminate\\Session\\Middleware\\StartSession->handleStatefulRequest()
#23 /var/www/asap-template/back/vendor/laravel/framework/src/Illuminate/Pipeline/Pipeline.php(180): Illuminate\\Session\\Middleware\\StartSession->handle()
#24 /var/www/asap-template/back/vendor/laravel/framework/src/Illuminate/Cookie/Middleware/AddQueuedCookiesToResponse.php(37): Illuminate\\Pipeline\\Pipeline->Illuminate\\Pipeline\\{closure}()
#25 /var/www/asap-template/back/vendor/laravel/framework/src/Illuminate/Pipeline/Pipeline.php(180): Illuminate\\Cookie\\Middleware\\AddQueuedCookiesToResponse->handle()
#26 /var/www/asap-template/back/vendor/laravel/framework/src/Illuminate/Cookie/Middleware/EncryptCookies.php(67): Illuminate\\Pipeline\\Pipeline->Illuminate\\Pipeline\\{closure}()
#27 /var/www/asap-template/back/vendor/laravel/framework/src/Illuminate/Pipeline/Pipeline.php(180): Illuminate\\Cookie\\Middleware\\EncryptCookies->handle()
#28 /var/www/asap-template/back/vendor/laravel/sanctum/src/Http/Middleware/EnsureFrontendRequestsAreStateful.php(60): Illuminate\\Pipeline\\Pipeline->Illuminate\\Pipeline\\{closure}()
#29 /var/www/asap-template/back/vendor/laravel/framework/src/Illuminate/Pipeline/Pipeline.php(162): Laravel\\Sanctum\\Http\\Middleware\\EnsureFrontendRequestsAreStateful->Laravel\\Sanctum\\Http\\Middleware\\{closure}()
#30 /var/www/asap-template/back/vendor/laravel/framework/src/Illuminate/Pipeline/Pipeline.php(116): Illuminate\\Pipeline\\Pipeline->Illuminate\\Pipeline\\{closure}()
#31 /var/www/asap-template/back/vendor/laravel/sanctum/src/Http/Middleware/EnsureFrontendRequestsAreStateful.php(24): Illuminate\\Pipeline\\Pipeline->then()
#32 /var/www/asap-template/back/vendor/laravel/framework/src/Illuminate/Pipeline/Pipeline.php(180): Laravel\\Sanctum\\Http\\Middleware\\EnsureFrontendRequestsAreStateful->handle()
#33 /var/www/asap-template/back/vendor/laravel/framework/src/Illuminate/Pipeline/Pipeline.php(116): Illuminate\\Pipeline\\Pipeline->Illuminate\\Pipeline\\{closure}()
#34 /var/www/asap-template/back/vendor/laravel/framework/src/Illuminate/Routing/Router.php(798): Illuminate\\Pipeline\\Pipeline->then()
#35 /var/www/asap-template/back/vendor/laravel/framework/src/Illuminate/Routing/Router.php(777): Illuminate\\Routing\\Router->runRouteWithinStack()
#36 /var/www/asap-template/back/vendor/laravel/framework/src/Illuminate/Routing/Router.php(741): Illuminate\\Routing\\Router->runRoute()
#37 /var/www/asap-template/back/vendor/laravel/framework/src/Illuminate/Routing/Router.php(730): Illuminate\\Routing\\Router->dispatchToRoute()
#38 /var/www/asap-template/back/vendor/laravel/framework/src/Illuminate/Foundation/Http/Kernel.php(200): Illuminate\\Routing\\Router->dispatch()
#39 /var/www/asap-template/back/vendor/laravel/framework/src/Illuminate/Pipeline/Pipeline.php(141): Illuminate\\Foundation\\Http\\Kernel->Illuminate\\Foundation\\Http\\{closure}()
#40 /var/www/asap-template/back/vendor/laravel/framework/src/Illuminate/Foundation/Http/Middleware/TransformsRequest.php(21): Illuminate\\Pipeline\\Pipeline->Illuminate\\Pipeline\\{closure}()
#41 /var/www/asap-template/back/vendor/laravel/framework/src/Illuminate/Foundation/Http/Middleware/ConvertEmptyStringsToNull.php(31): Illuminate\\Foundation\\Http\\Middleware\\TransformsRequest->handle()
#42 /var/www/asap-template/back/vendor/laravel/framework/src/Illuminate/Pipeline/Pipeline.php(180): Illuminate\\Foundation\\Http\\Middleware\\ConvertEmptyStringsToNull->handle()
#43 /var/www/asap-template/back/vendor/laravel/framework/src/Illuminate/Foundation/Http/Middleware/TransformsRequest.php(21): Illuminate\\Pipeline\\Pipeline->Illuminate\\Pipeline\\{closure}()
#44 /var/www/asap-template/back/vendor/laravel/framework/src/Illuminate/Foundation/Http/Middleware/TrimStrings.php(40): Illuminate\\Foundation\\Http\\Middleware\\TransformsRequest->handle()
#45 /var/www/asap-template/back/vendor/laravel/framework/src/Illuminate/Pipeline/Pipeline.php(180): Illuminate\\Foundation\\Http\\Middleware\\TrimStrings->handle()
#46 /var/www/asap-template/back/vendor/laravel/framework/src/Illuminate/Foundation/Http/Middleware/ValidatePostSize.php(27): Illuminate\\Pipeline\\Pipeline->Illuminate\\Pipeline\\{closure}()
#47 /var/www/asap-template/back/vendor/laravel/framework/src/Illuminate/Pipeline/Pipeline.php(180): Illuminate\\Foundation\\Http\\Middleware\\ValidatePostSize->handle()
#48 /var/www/asap-template/back/vendor/laravel/framework/src/Illuminate/Foundation/Http/Middleware/PreventRequestsDuringMaintenance.php(86): Illuminate\\Pipeline\\Pipeline->Illuminate\\Pipeline\\{closure}()
#49 /var/www/asap-template/back/vendor/laravel/framework/src/Illuminate/Pipeline/Pipeline.php(180): Illuminate\\Foundation\\Http\\Middleware\\PreventRequestsDuringMaintenance->handle()
#50 /var/www/asap-template/back/vendor/laravel/framework/src/Illuminate/Http/Middleware/HandleCors.php(62): Illuminate\\Pipeline\\Pipeline->Illuminate\\Pipeline\\{closure}()
#51 /var/www/asap-template/back/vendor/laravel/framework/src/Illuminate/Pipeline/Pipeline.php(180): Illuminate\\Http\\Middleware\\HandleCors->handle()
#52 /var/www/asap-template/back/vendor/laravel/framework/src/Illuminate/Http/Middleware/TrustProxies.php(39): Illuminate\\Pipeline\\Pipeline->Illuminate\\Pipeline\\{closure}()
#53 /var/www/asap-template/back/vendor/laravel/framework/src/Illuminate/Pipeline/Pipeline.php(180): Illuminate\\Http\\Middleware\\TrustProxies->handle()
#54 /var/www/asap-template/back/vendor/laravel/framework/src/Illuminate/Pipeline/Pipeline.php(116): Illuminate\\Pipeline\\Pipeline->Illuminate\\Pipeline\\{closure}()
#55 /var/www/asap-template/back/vendor/laravel/framework/src/Illuminate/Foundation/Http/Kernel.php(175): Illuminate\\Pipeline\\Pipeline->then()
#56 /var/www/asap-template/back/vendor/laravel/framework/src/Illuminate/Foundation/Http/Kernel.php(144): Illuminate\\Foundation\\Http\\Kernel->sendRequestThroughRouter()
#57 /var/www/asap-template/back/public/index.php(51): Illuminate\\Foundation\\Http\\Kernel->handle()
#58 /var/www/asap-template/back/vendor/laravel/framework/src/Illuminate/Foundation/resources/server.php(16): require_once('...')
#59 {main}
"} 
[2023-07-04 11:29:20] local.ERROR: syntax error, unexpected variable "$request" {"exception":"[object] (ParseError(code: 0): syntax error, unexpected variable \"$request\" at /var/www/asap-template/back/app/Http/Controllers/UserAuthController.php:15)
[stacktrace]
#0 /var/www/asap-template/back/vendor/composer/ClassLoader.php(428): Composer\\Autoload\\includeFile()
#1 [internal function]: Composer\\Autoload\\ClassLoader->loadClass()
#2 /var/www/asap-template/back/vendor/laravel/framework/src/Illuminate/Routing/Route.php(1092): is_a()
#3 /var/www/asap-template/back/vendor/laravel/framework/src/Illuminate/Routing/Route.php(1031): Illuminate\\Routing\\Route->controllerMiddleware()
#4 /var/www/asap-template/back/vendor/laravel/framework/src/Illuminate/Routing/Router.php(811): Illuminate\\Routing\\Route->gatherMiddleware()
#5 /var/www/asap-template/back/vendor/laravel/framework/src/Illuminate/Routing/Router.php(793): Illuminate\\Routing\\Router->gatherRouteMiddleware()
#6 /var/www/asap-template/back/vendor/laravel/framework/src/Illuminate/Routing/Router.php(777): Illuminate\\Routing\\Router->runRouteWithinStack()
#7 /var/www/asap-template/back/vendor/laravel/framework/src/Illuminate/Routing/Router.php(741): Illuminate\\Routing\\Router->runRoute()
#8 /var/www/asap-template/back/vendor/laravel/framework/src/Illuminate/Routing/Router.php(730): Illuminate\\Routing\\Router->dispatchToRoute()
#9 /var/www/asap-template/back/vendor/laravel/framework/src/Illuminate/Foundation/Http/Kernel.php(200): Illuminate\\Routing\\Router->dispatch()
#10 /var/www/asap-template/back/vendor/laravel/framework/src/Illuminate/Pipeline/Pipeline.php(141): Illuminate\\Foundation\\Http\\Kernel->Illuminate\\Foundation\\Http\\{closure}()
#11 /var/www/asap-template/back/vendor/laravel/framework/src/Illuminate/Foundation/Http/Middleware/TransformsRequest.php(21): Illuminate\\Pipeline\\Pipeline->Illuminate\\Pipeline\\{closure}()
#12 /var/www/asap-template/back/vendor/laravel/framework/src/Illuminate/Foundation/Http/Middleware/ConvertEmptyStringsToNull.php(31): Illuminate\\Foundation\\Http\\Middleware\\TransformsRequest->handle()
#13 /var/www/asap-template/back/vendor/laravel/framework/src/Illuminate/Pipeline/Pipeline.php(180): Illuminate\\Foundation\\Http\\Middleware\\ConvertEmptyStringsToNull->handle()
#14 /var/www/asap-template/back/vendor/laravel/framework/src/Illuminate/Foundation/Http/Middleware/TransformsRequest.php(21): Illuminate\\Pipeline\\Pipeline->Illuminate\\Pipeline\\{closure}()
#15 /var/www/asap-template/back/vendor/laravel/framework/src/Illuminate/Foundation/Http/Middleware/TrimStrings.php(40): Illuminate\\Foundation\\Http\\Middleware\\TransformsRequest->handle()
#16 /var/www/asap-template/back/vendor/laravel/framework/src/Illuminate/Pipeline/Pipeline.php(180): Illuminate\\Foundation\\Http\\Middleware\\TrimStrings->handle()
#17 /var/www/asap-template/back/vendor/laravel/framework/src/Illuminate/Foundation/Http/Middleware/ValidatePostSize.php(27): Illuminate\\Pipeline\\Pipeline->Illuminate\\Pipeline\\{closure}()
#18 /var/www/asap-template/back/vendor/laravel/framework/src/Illuminate/Pipeline/Pipeline.php(180): Illuminate\\Foundation\\Http\\Middleware\\ValidatePostSize->handle()
#19 /var/www/asap-template/back/vendor/laravel/framework/src/Illuminate/Foundation/Http/Middleware/PreventRequestsDuringMaintenance.php(86): Illuminate\\Pipeline\\Pipeline->Illuminate\\Pipeline\\{closure}()
#20 /var/www/asap-template/back/vendor/laravel/framework/src/Illuminate/Pipeline/Pipeline.php(180): Illuminate\\Foundation\\Http\\Middleware\\PreventRequestsDuringMaintenance->handle()
#21 /var/www/asap-template/back/vendor/laravel/framework/src/Illuminate/Http/Middleware/HandleCors.php(62): Illuminate\\Pipeline\\Pipeline->Illuminate\\Pipeline\\{closure}()
#22 /var/www/asap-template/back/vendor/laravel/framework/src/Illuminate/Pipeline/Pipeline.php(180): Illuminate\\Http\\Middleware\\HandleCors->handle()
#23 /var/www/asap-template/back/vendor/laravel/framework/src/Illuminate/Http/Middleware/TrustProxies.php(39): Illuminate\\Pipeline\\Pipeline->Illuminate\\Pipeline\\{closure}()
#24 /var/www/asap-template/back/vendor/laravel/framework/src/Illuminate/Pipeline/Pipeline.php(180): Illuminate\\Http\\Middleware\\TrustProxies->handle()
#25 /var/www/asap-template/back/vendor/laravel/framework/src/Illuminate/Pipeline/Pipeline.php(116): Illuminate\\Pipeline\\Pipeline->Illuminate\\Pipeline\\{closure}()
#26 /var/www/asap-template/back/vendor/laravel/framework/src/Illuminate/Foundation/Http/Kernel.php(175): Illuminate\\Pipeline\\Pipeline->then()
#27 /var/www/asap-template/back/vendor/laravel/framework/src/Illuminate/Foundation/Http/Kernel.php(144): Illuminate\\Foundation\\Http\\Kernel->sendRequestThroughRouter()
#28 /var/www/asap-template/back/public/index.php(51): Illuminate\\Foundation\\Http\\Kernel->handle()
#29 /var/www/asap-template/back/vendor/laravel/framework/src/Illuminate/Foundation/resources/server.php(16): require_once('...')
#30 {main}
"} 
[2024-11-16 08:43:04] production.ERROR: SQLSTATE[HY000] [2002] Подключение не установлено, т.к. конечный компьютер отверг запрос на подключение (Connection: mysql, SQL: select * from information_schema.tables where table_schema = forge and table_name = migrations and table_type = 'BASE TABLE') {"exception":"[object] (Illuminate\\Database\\QueryException(code: 2002): SQLSTATE[HY000] [2002] Подключение не установлено, т.к. конечный компьютер отверг запрос на подключение (Connection: mysql, SQL: select * from information_schema.tables where table_schema = forge and table_name = migrations and table_type = 'BASE TABLE') at D:\\OSPanel\\domains\\asap-new-site-dev\\back\\vendor\\laravel\\framework\\src\\Illuminate\\Database\\Connection.php:795)
[stacktrace]
#0 D:\\OSPanel\\domains\\asap-new-site-dev\\back\\vendor\\laravel\\framework\\src\\Illuminate\\Database\\Connection.php(755): Illuminate\\Database\\Connection->runQueryCallback()
#1 D:\\OSPanel\\domains\\asap-new-site-dev\\back\\vendor\\laravel\\framework\\src\\Illuminate\\Database\\Connection.php(407): Illuminate\\Database\\Connection->run()
#2 D:\\OSPanel\\domains\\asap-new-site-dev\\back\\vendor\\laravel\\framework\\src\\Illuminate\\Database\\Connection.php(394): Illuminate\\Database\\Connection->select()
#3 D:\\OSPanel\\domains\\asap-new-site-dev\\back\\vendor\\laravel\\framework\\src\\Illuminate\\Database\\Schema\\MySqlBuilder.php(43): Illuminate\\Database\\Connection->selectFromWriteConnection()
#4 D:\\OSPanel\\domains\\asap-new-site-dev\\back\\vendor\\laravel\\framework\\src\\Illuminate\\Database\\Migrations\\DatabaseMigrationRepository.php(184): Illuminate\\Database\\Schema\\MySqlBuilder->hasTable()
#5 D:\\OSPanel\\domains\\asap-new-site-dev\\back\\vendor\\laravel\\framework\\src\\Illuminate\\Database\\Migrations\\Migrator.php(700): Illuminate\\Database\\Migrations\\DatabaseMigrationRepository->repositoryExists()
#6 D:\\OSPanel\\domains\\asap-new-site-dev\\back\\vendor\\laravel\\framework\\src\\Illuminate\\Database\\Console\\Migrations\\MigrateCommand.php(138): Illuminate\\Database\\Migrations\\Migrator->repositoryExists()
#7 D:\\OSPanel\\domains\\asap-new-site-dev\\back\\vendor\\laravel\\framework\\src\\Illuminate\\Support\\helpers.php(248): Illuminate\\Database\\Console\\Migrations\\MigrateCommand->Illuminate\\Database\\Console\\Migrations\\{closure}()
#8 D:\\OSPanel\\domains\\asap-new-site-dev\\back\\vendor\\laravel\\framework\\src\\Illuminate\\Database\\Console\\Migrations\\MigrateCommand.php(138): retry()
#9 D:\\OSPanel\\domains\\asap-new-site-dev\\back\\vendor\\laravel\\framework\\src\\Illuminate\\Database\\Console\\Migrations\\MigrateCommand.php(114): Illuminate\\Database\\Console\\Migrations\\MigrateCommand->repositoryExists()
#10 D:\\OSPanel\\domains\\asap-new-site-dev\\back\\vendor\\laravel\\framework\\src\\Illuminate\\Database\\Console\\Migrations\\MigrateCommand.php(82): Illuminate\\Database\\Console\\Migrations\\MigrateCommand->prepareDatabase()
#11 D:\\OSPanel\\domains\\asap-new-site-dev\\back\\vendor\\laravel\\framework\\src\\Illuminate\\Database\\Migrations\\Migrator.php(633): Illuminate\\Database\\Console\\Migrations\\MigrateCommand->Illuminate\\Database\\Console\\Migrations\\{closure}()
#12 D:\\OSPanel\\domains\\asap-new-site-dev\\back\\vendor\\laravel\\framework\\src\\Illuminate\\Database\\Console\\Migrations\\MigrateCommand.php(81): Illuminate\\Database\\Migrations\\Migrator->usingConnection()
#13 D:\\OSPanel\\domains\\asap-new-site-dev\\back\\vendor\\laravel\\framework\\src\\Illuminate\\Container\\BoundMethod.php(36): Illuminate\\Database\\Console\\Migrations\\MigrateCommand->handle()
#14 D:\\OSPanel\\domains\\asap-new-site-dev\\back\\vendor\\laravel\\framework\\src\\Illuminate\\Container\\Util.php(41): Illuminate\\Container\\BoundMethod::Illuminate\\Container\\{closure}()
#15 D:\\OSPanel\\domains\\asap-new-site-dev\\back\\vendor\\laravel\\framework\\src\\Illuminate\\Container\\BoundMethod.php(93): Illuminate\\Container\\Util::unwrapIfClosure()
#16 D:\\OSPanel\\domains\\asap-new-site-dev\\back\\vendor\\laravel\\framework\\src\\Illuminate\\Container\\BoundMethod.php(35): Illuminate\\Container\\BoundMethod::callBoundMethod()
#17 D:\\OSPanel\\domains\\asap-new-site-dev\\back\\vendor\\laravel\\framework\\src\\Illuminate\\Container\\Container.php(662): Illuminate\\Container\\BoundMethod::call()
#18 D:\\OSPanel\\domains\\asap-new-site-dev\\back\\vendor\\laravel\\framework\\src\\Illuminate\\Console\\Command.php(208): Illuminate\\Container\\Container->call()
#19 D:\\OSPanel\\domains\\asap-new-site-dev\\back\\vendor\\symfony\\console\\Command\\Command.php(326): Illuminate\\Console\\Command->execute()
#20 D:\\OSPanel\\domains\\asap-new-site-dev\\back\\vendor\\laravel\\framework\\src\\Illuminate\\Console\\Command.php(177): Symfony\\Component\\Console\\Command\\Command->run()
#21 D:\\OSPanel\\domains\\asap-new-site-dev\\back\\vendor\\symfony\\console\\Application.php(1081): Illuminate\\Console\\Command->run()
#22 D:\\OSPanel\\domains\\asap-new-site-dev\\back\\vendor\\symfony\\console\\Application.php(320): Symfony\\Component\\Console\\Application->doRunCommand()
#23 D:\\OSPanel\\domains\\asap-new-site-dev\\back\\vendor\\symfony\\console\\Application.php(174): Symfony\\Component\\Console\\Application->doRun()
#24 D:\\OSPanel\\domains\\asap-new-site-dev\\back\\vendor\\laravel\\framework\\src\\Illuminate\\Foundation\\Console\\Kernel.php(200): Symfony\\Component\\Console\\Application->run()
#25 D:\\OSPanel\\domains\\asap-new-site-dev\\back\\artisan(35): Illuminate\\Foundation\\Console\\Kernel->handle()
#26 {main}

[previous exception] [object] (PDOException(code: 2002): SQLSTATE[HY000] [2002] Подключение не установлено, т.к. конечный компьютер отверг запрос на подключение at D:\\OSPanel\\domains\\asap-new-site-dev\\back\\vendor\\laravel\\framework\\src\\Illuminate\\Database\\Connectors\\Connector.php:65)
[stacktrace]
#0 D:\\OSPanel\\domains\\asap-new-site-dev\\back\\vendor\\laravel\\framework\\src\\Illuminate\\Database\\Connectors\\Connector.php(65): PDO->__construct()
#1 D:\\OSPanel\\domains\\asap-new-site-dev\\back\\vendor\\laravel\\framework\\src\\Illuminate\\Database\\Connectors\\Connector.php(44): Illuminate\\Database\\Connectors\\Connector->createPdoConnection()
#2 D:\\OSPanel\\domains\\asap-new-site-dev\\back\\vendor\\laravel\\framework\\src\\Illuminate\\Database\\Connectors\\MySqlConnector.php(24): Illuminate\\Database\\Connectors\\Connector->createConnection()
#3 D:\\OSPanel\\domains\\asap-new-site-dev\\back\\vendor\\laravel\\framework\\src\\Illuminate\\Database\\Connectors\\ConnectionFactory.php(184): Illuminate\\Database\\Connectors\\MySqlConnector->connect()
#4 [internal function]: Illuminate\\Database\\Connectors\\ConnectionFactory->Illuminate\\Database\\Connectors\\{closure}()
#5 D:\\OSPanel\\domains\\asap-new-site-dev\\back\\vendor\\laravel\\framework\\src\\Illuminate\\Database\\Connection.php(1275): call_user_func()
#6 D:\\OSPanel\\domains\\asap-new-site-dev\\back\\vendor\\laravel\\framework\\src\\Illuminate\\Database\\Connection.php(521): Illuminate\\Database\\Connection->getPdo()
#7 D:\\OSPanel\\domains\\asap-new-site-dev\\back\\vendor\\laravel\\framework\\src\\Illuminate\\Database\\Connection.php(416): Illuminate\\Database\\Connection->getPdoForSelect()
#8 D:\\OSPanel\\domains\\asap-new-site-dev\\back\\vendor\\laravel\\framework\\src\\Illuminate\\Database\\Connection.php(788): Illuminate\\Database\\Connection->Illuminate\\Database\\{closure}()
#9 D:\\OSPanel\\domains\\asap-new-site-dev\\back\\vendor\\laravel\\framework\\src\\Illuminate\\Database\\Connection.php(755): Illuminate\\Database\\Connection->runQueryCallback()
#10 D:\\OSPanel\\domains\\asap-new-site-dev\\back\\vendor\\laravel\\framework\\src\\Illuminate\\Database\\Connection.php(407): Illuminate\\Database\\Connection->run()
#11 D:\\OSPanel\\domains\\asap-new-site-dev\\back\\vendor\\laravel\\framework\\src\\Illuminate\\Database\\Connection.php(394): Illuminate\\Database\\Connection->select()
#12 D:\\OSPanel\\domains\\asap-new-site-dev\\back\\vendor\\laravel\\framework\\src\\Illuminate\\Database\\Schema\\MySqlBuilder.php(43): Illuminate\\Database\\Connection->selectFromWriteConnection()
#13 D:\\OSPanel\\domains\\asap-new-site-dev\\back\\vendor\\laravel\\framework\\src\\Illuminate\\Database\\Migrations\\DatabaseMigrationRepository.php(184): Illuminate\\Database\\Schema\\MySqlBuilder->hasTable()
#14 D:\\OSPanel\\domains\\asap-new-site-dev\\back\\vendor\\laravel\\framework\\src\\Illuminate\\Database\\Migrations\\Migrator.php(700): Illuminate\\Database\\Migrations\\DatabaseMigrationRepository->repositoryExists()
#15 D:\\OSPanel\\domains\\asap-new-site-dev\\back\\vendor\\laravel\\framework\\src\\Illuminate\\Database\\Console\\Migrations\\MigrateCommand.php(138): Illuminate\\Database\\Migrations\\Migrator->repositoryExists()
#16 D:\\OSPanel\\domains\\asap-new-site-dev\\back\\vendor\\laravel\\framework\\src\\Illuminate\\Support\\helpers.php(248): Illuminate\\Database\\Console\\Migrations\\MigrateCommand->Illuminate\\Database\\Console\\Migrations\\{closure}()
#17 D:\\OSPanel\\domains\\asap-new-site-dev\\back\\vendor\\laravel\\framework\\src\\Illuminate\\Database\\Console\\Migrations\\MigrateCommand.php(138): retry()
#18 D:\\OSPanel\\domains\\asap-new-site-dev\\back\\vendor\\laravel\\framework\\src\\Illuminate\\Database\\Console\\Migrations\\MigrateCommand.php(114): Illuminate\\Database\\Console\\Migrations\\MigrateCommand->repositoryExists()
#19 D:\\OSPanel\\domains\\asap-new-site-dev\\back\\vendor\\laravel\\framework\\src\\Illuminate\\Database\\Console\\Migrations\\MigrateCommand.php(82): Illuminate\\Database\\Console\\Migrations\\MigrateCommand->prepareDatabase()
#20 D:\\OSPanel\\domains\\asap-new-site-dev\\back\\vendor\\laravel\\framework\\src\\Illuminate\\Database\\Migrations\\Migrator.php(633): Illuminate\\Database\\Console\\Migrations\\MigrateCommand->Illuminate\\Database\\Console\\Migrations\\{closure}()
#21 D:\\OSPanel\\domains\\asap-new-site-dev\\back\\vendor\\laravel\\framework\\src\\Illuminate\\Database\\Console\\Migrations\\MigrateCommand.php(81): Illuminate\\Database\\Migrations\\Migrator->usingConnection()
#22 D:\\OSPanel\\domains\\asap-new-site-dev\\back\\vendor\\laravel\\framework\\src\\Illuminate\\Container\\BoundMethod.php(36): Illuminate\\Database\\Console\\Migrations\\MigrateCommand->handle()
#23 D:\\OSPanel\\domains\\asap-new-site-dev\\back\\vendor\\laravel\\framework\\src\\Illuminate\\Container\\Util.php(41): Illuminate\\Container\\BoundMethod::Illuminate\\Container\\{closure}()
#24 D:\\OSPanel\\domains\\asap-new-site-dev\\back\\vendor\\laravel\\framework\\src\\Illuminate\\Container\\BoundMethod.php(93): Illuminate\\Container\\Util::unwrapIfClosure()
#25 D:\\OSPanel\\domains\\asap-new-site-dev\\back\\vendor\\laravel\\framework\\src\\Illuminate\\Container\\BoundMethod.php(35): Illuminate\\Container\\BoundMethod::callBoundMethod()
#26 D:\\OSPanel\\domains\\asap-new-site-dev\\back\\vendor\\laravel\\framework\\src\\Illuminate\\Container\\Container.php(662): Illuminate\\Container\\BoundMethod::call()
#27 D:\\OSPanel\\domains\\asap-new-site-dev\\back\\vendor\\laravel\\framework\\src\\Illuminate\\Console\\Command.php(208): Illuminate\\Container\\Container->call()
#28 D:\\OSPanel\\domains\\asap-new-site-dev\\back\\vendor\\symfony\\console\\Command\\Command.php(326): Illuminate\\Console\\Command->execute()
#29 D:\\OSPanel\\domains\\asap-new-site-dev\\back\\vendor\\laravel\\framework\\src\\Illuminate\\Console\\Command.php(177): Symfony\\Component\\Console\\Command\\Command->run()
#30 D:\\OSPanel\\domains\\asap-new-site-dev\\back\\vendor\\symfony\\console\\Application.php(1081): Illuminate\\Console\\Command->run()
#31 D:\\OSPanel\\domains\\asap-new-site-dev\\back\\vendor\\symfony\\console\\Application.php(320): Symfony\\Component\\Console\\Application->doRunCommand()
#32 D:\\OSPanel\\domains\\asap-new-site-dev\\back\\vendor\\symfony\\console\\Application.php(174): Symfony\\Component\\Console\\Application->doRun()
#33 D:\\OSPanel\\domains\\asap-new-site-dev\\back\\vendor\\laravel\\framework\\src\\Illuminate\\Foundation\\Console\\Kernel.php(200): Symfony\\Component\\Console\\Application->run()
#34 D:\\OSPanel\\domains\\asap-new-site-dev\\back\\artisan(35): Illuminate\\Foundation\\Console\\Kernel->handle()
#35 {main}
"} 
[2024-11-16 10:01:17] production.ERROR: SQLSTATE[HY000] [2002] Подключение не установлено, т.к. конечный компьютер отверг запрос на подключение (Connection: mysql, SQL: select * from information_schema.tables where table_schema = forge and table_name = migrations and table_type = 'BASE TABLE') {"exception":"[object] (Illuminate\\Database\\QueryException(code: 2002): SQLSTATE[HY000] [2002] Подключение не установлено, т.к. конечный компьютер отверг запрос на подключение (Connection: mysql, SQL: select * from information_schema.tables where table_schema = forge and table_name = migrations and table_type = 'BASE TABLE') at D:\\OSPanel\\domains\\asap-new-site-dev\\back\\vendor\\laravel\\framework\\src\\Illuminate\\Database\\Connection.php:795)
[stacktrace]
#0 D:\\OSPanel\\domains\\asap-new-site-dev\\back\\vendor\\laravel\\framework\\src\\Illuminate\\Database\\Connection.php(755): Illuminate\\Database\\Connection->runQueryCallback()
#1 D:\\OSPanel\\domains\\asap-new-site-dev\\back\\vendor\\laravel\\framework\\src\\Illuminate\\Database\\Connection.php(407): Illuminate\\Database\\Connection->run()
#2 D:\\OSPanel\\domains\\asap-new-site-dev\\back\\vendor\\laravel\\framework\\src\\Illuminate\\Database\\Connection.php(394): Illuminate\\Database\\Connection->select()
#3 D:\\OSPanel\\domains\\asap-new-site-dev\\back\\vendor\\laravel\\framework\\src\\Illuminate\\Database\\Schema\\MySqlBuilder.php(43): Illuminate\\Database\\Connection->selectFromWriteConnection()
#4 D:\\OSPanel\\domains\\asap-new-site-dev\\back\\vendor\\laravel\\framework\\src\\Illuminate\\Database\\Migrations\\DatabaseMigrationRepository.php(184): Illuminate\\Database\\Schema\\MySqlBuilder->hasTable()
#5 D:\\OSPanel\\domains\\asap-new-site-dev\\back\\vendor\\laravel\\framework\\src\\Illuminate\\Database\\Migrations\\Migrator.php(700): Illuminate\\Database\\Migrations\\DatabaseMigrationRepository->repositoryExists()
#6 D:\\OSPanel\\domains\\asap-new-site-dev\\back\\vendor\\laravel\\framework\\src\\Illuminate\\Database\\Console\\Migrations\\MigrateCommand.php(138): Illuminate\\Database\\Migrations\\Migrator->repositoryExists()
#7 D:\\OSPanel\\domains\\asap-new-site-dev\\back\\vendor\\laravel\\framework\\src\\Illuminate\\Support\\helpers.php(248): Illuminate\\Database\\Console\\Migrations\\MigrateCommand->Illuminate\\Database\\Console\\Migrations\\{closure}()
#8 D:\\OSPanel\\domains\\asap-new-site-dev\\back\\vendor\\laravel\\framework\\src\\Illuminate\\Database\\Console\\Migrations\\MigrateCommand.php(138): retry()
#9 D:\\OSPanel\\domains\\asap-new-site-dev\\back\\vendor\\laravel\\framework\\src\\Illuminate\\Database\\Console\\Migrations\\MigrateCommand.php(114): Illuminate\\Database\\Console\\Migrations\\MigrateCommand->repositoryExists()
#10 D:\\OSPanel\\domains\\asap-new-site-dev\\back\\vendor\\laravel\\framework\\src\\Illuminate\\Database\\Console\\Migrations\\MigrateCommand.php(82): Illuminate\\Database\\Console\\Migrations\\MigrateCommand->prepareDatabase()
#11 D:\\OSPanel\\domains\\asap-new-site-dev\\back\\vendor\\laravel\\framework\\src\\Illuminate\\Database\\Migrations\\Migrator.php(633): Illuminate\\Database\\Console\\Migrations\\MigrateCommand->Illuminate\\Database\\Console\\Migrations\\{closure}()
#12 D:\\OSPanel\\domains\\asap-new-site-dev\\back\\vendor\\laravel\\framework\\src\\Illuminate\\Database\\Console\\Migrations\\MigrateCommand.php(81): Illuminate\\Database\\Migrations\\Migrator->usingConnection()
#13 D:\\OSPanel\\domains\\asap-new-site-dev\\back\\vendor\\laravel\\framework\\src\\Illuminate\\Container\\BoundMethod.php(36): Illuminate\\Database\\Console\\Migrations\\MigrateCommand->handle()
#14 D:\\OSPanel\\domains\\asap-new-site-dev\\back\\vendor\\laravel\\framework\\src\\Illuminate\\Container\\Util.php(41): Illuminate\\Container\\BoundMethod::Illuminate\\Container\\{closure}()
#15 D:\\OSPanel\\domains\\asap-new-site-dev\\back\\vendor\\laravel\\framework\\src\\Illuminate\\Container\\BoundMethod.php(93): Illuminate\\Container\\Util::unwrapIfClosure()
#16 D:\\OSPanel\\domains\\asap-new-site-dev\\back\\vendor\\laravel\\framework\\src\\Illuminate\\Container\\BoundMethod.php(35): Illuminate\\Container\\BoundMethod::callBoundMethod()
#17 D:\\OSPanel\\domains\\asap-new-site-dev\\back\\vendor\\laravel\\framework\\src\\Illuminate\\Container\\Container.php(662): Illuminate\\Container\\BoundMethod::call()
#18 D:\\OSPanel\\domains\\asap-new-site-dev\\back\\vendor\\laravel\\framework\\src\\Illuminate\\Console\\Command.php(208): Illuminate\\Container\\Container->call()
#19 D:\\OSPanel\\domains\\asap-new-site-dev\\back\\vendor\\symfony\\console\\Command\\Command.php(326): Illuminate\\Console\\Command->execute()
#20 D:\\OSPanel\\domains\\asap-new-site-dev\\back\\vendor\\laravel\\framework\\src\\Illuminate\\Console\\Command.php(177): Symfony\\Component\\Console\\Command\\Command->run()
#21 D:\\OSPanel\\domains\\asap-new-site-dev\\back\\vendor\\symfony\\console\\Application.php(1081): Illuminate\\Console\\Command->run()
#22 D:\\OSPanel\\domains\\asap-new-site-dev\\back\\vendor\\symfony\\console\\Application.php(320): Symfony\\Component\\Console\\Application->doRunCommand()
#23 D:\\OSPanel\\domains\\asap-new-site-dev\\back\\vendor\\symfony\\console\\Application.php(174): Symfony\\Component\\Console\\Application->doRun()
#24 D:\\OSPanel\\domains\\asap-new-site-dev\\back\\vendor\\laravel\\framework\\src\\Illuminate\\Foundation\\Console\\Kernel.php(200): Symfony\\Component\\Console\\Application->run()
#25 D:\\OSPanel\\domains\\asap-new-site-dev\\back\\artisan(35): Illuminate\\Foundation\\Console\\Kernel->handle()
#26 {main}

[previous exception] [object] (PDOException(code: 2002): SQLSTATE[HY000] [2002] Подключение не установлено, т.к. конечный компьютер отверг запрос на подключение at D:\\OSPanel\\domains\\asap-new-site-dev\\back\\vendor\\laravel\\framework\\src\\Illuminate\\Database\\Connectors\\Connector.php:65)
[stacktrace]
#0 D:\\OSPanel\\domains\\asap-new-site-dev\\back\\vendor\\laravel\\framework\\src\\Illuminate\\Database\\Connectors\\Connector.php(65): PDO->__construct()
#1 D:\\OSPanel\\domains\\asap-new-site-dev\\back\\vendor\\laravel\\framework\\src\\Illuminate\\Database\\Connectors\\Connector.php(44): Illuminate\\Database\\Connectors\\Connector->createPdoConnection()
#2 D:\\OSPanel\\domains\\asap-new-site-dev\\back\\vendor\\laravel\\framework\\src\\Illuminate\\Database\\Connectors\\MySqlConnector.php(24): Illuminate\\Database\\Connectors\\Connector->createConnection()
#3 D:\\OSPanel\\domains\\asap-new-site-dev\\back\\vendor\\laravel\\framework\\src\\Illuminate\\Database\\Connectors\\ConnectionFactory.php(184): Illuminate\\Database\\Connectors\\MySqlConnector->connect()
#4 [internal function]: Illuminate\\Database\\Connectors\\ConnectionFactory->Illuminate\\Database\\Connectors\\{closure}()
#5 D:\\OSPanel\\domains\\asap-new-site-dev\\back\\vendor\\laravel\\framework\\src\\Illuminate\\Database\\Connection.php(1275): call_user_func()
#6 D:\\OSPanel\\domains\\asap-new-site-dev\\back\\vendor\\laravel\\framework\\src\\Illuminate\\Database\\Connection.php(521): Illuminate\\Database\\Connection->getPdo()
#7 D:\\OSPanel\\domains\\asap-new-site-dev\\back\\vendor\\laravel\\framework\\src\\Illuminate\\Database\\Connection.php(416): Illuminate\\Database\\Connection->getPdoForSelect()
#8 D:\\OSPanel\\domains\\asap-new-site-dev\\back\\vendor\\laravel\\framework\\src\\Illuminate\\Database\\Connection.php(788): Illuminate\\Database\\Connection->Illuminate\\Database\\{closure}()
#9 D:\\OSPanel\\domains\\asap-new-site-dev\\back\\vendor\\laravel\\framework\\src\\Illuminate\\Database\\Connection.php(755): Illuminate\\Database\\Connection->runQueryCallback()
#10 D:\\OSPanel\\domains\\asap-new-site-dev\\back\\vendor\\laravel\\framework\\src\\Illuminate\\Database\\Connection.php(407): Illuminate\\Database\\Connection->run()
#11 D:\\OSPanel\\domains\\asap-new-site-dev\\back\\vendor\\laravel\\framework\\src\\Illuminate\\Database\\Connection.php(394): Illuminate\\Database\\Connection->select()
#12 D:\\OSPanel\\domains\\asap-new-site-dev\\back\\vendor\\laravel\\framework\\src\\Illuminate\\Database\\Schema\\MySqlBuilder.php(43): Illuminate\\Database\\Connection->selectFromWriteConnection()
#13 D:\\OSPanel\\domains\\asap-new-site-dev\\back\\vendor\\laravel\\framework\\src\\Illuminate\\Database\\Migrations\\DatabaseMigrationRepository.php(184): Illuminate\\Database\\Schema\\MySqlBuilder->hasTable()
#14 D:\\OSPanel\\domains\\asap-new-site-dev\\back\\vendor\\laravel\\framework\\src\\Illuminate\\Database\\Migrations\\Migrator.php(700): Illuminate\\Database\\Migrations\\DatabaseMigrationRepository->repositoryExists()
#15 D:\\OSPanel\\domains\\asap-new-site-dev\\back\\vendor\\laravel\\framework\\src\\Illuminate\\Database\\Console\\Migrations\\MigrateCommand.php(138): Illuminate\\Database\\Migrations\\Migrator->repositoryExists()
#16 D:\\OSPanel\\domains\\asap-new-site-dev\\back\\vendor\\laravel\\framework\\src\\Illuminate\\Support\\helpers.php(248): Illuminate\\Database\\Console\\Migrations\\MigrateCommand->Illuminate\\Database\\Console\\Migrations\\{closure}()
#17 D:\\OSPanel\\domains\\asap-new-site-dev\\back\\vendor\\laravel\\framework\\src\\Illuminate\\Database\\Console\\Migrations\\MigrateCommand.php(138): retry()
#18 D:\\OSPanel\\domains\\asap-new-site-dev\\back\\vendor\\laravel\\framework\\src\\Illuminate\\Database\\Console\\Migrations\\MigrateCommand.php(114): Illuminate\\Database\\Console\\Migrations\\MigrateCommand->repositoryExists()
#19 D:\\OSPanel\\domains\\asap-new-site-dev\\back\\vendor\\laravel\\framework\\src\\Illuminate\\Database\\Console\\Migrations\\MigrateCommand.php(82): Illuminate\\Database\\Console\\Migrations\\MigrateCommand->prepareDatabase()
#20 D:\\OSPanel\\domains\\asap-new-site-dev\\back\\vendor\\laravel\\framework\\src\\Illuminate\\Database\\Migrations\\Migrator.php(633): Illuminate\\Database\\Console\\Migrations\\MigrateCommand->Illuminate\\Database\\Console\\Migrations\\{closure}()
#21 D:\\OSPanel\\domains\\asap-new-site-dev\\back\\vendor\\laravel\\framework\\src\\Illuminate\\Database\\Console\\Migrations\\MigrateCommand.php(81): Illuminate\\Database\\Migrations\\Migrator->usingConnection()
#22 D:\\OSPanel\\domains\\asap-new-site-dev\\back\\vendor\\laravel\\framework\\src\\Illuminate\\Container\\BoundMethod.php(36): Illuminate\\Database\\Console\\Migrations\\MigrateCommand->handle()
#23 D:\\OSPanel\\domains\\asap-new-site-dev\\back\\vendor\\laravel\\framework\\src\\Illuminate\\Container\\Util.php(41): Illuminate\\Container\\BoundMethod::Illuminate\\Container\\{closure}()
#24 D:\\OSPanel\\domains\\asap-new-site-dev\\back\\vendor\\laravel\\framework\\src\\Illuminate\\Container\\BoundMethod.php(93): Illuminate\\Container\\Util::unwrapIfClosure()
#25 D:\\OSPanel\\domains\\asap-new-site-dev\\back\\vendor\\laravel\\framework\\src\\Illuminate\\Container\\BoundMethod.php(35): Illuminate\\Container\\BoundMethod::callBoundMethod()
#26 D:\\OSPanel\\domains\\asap-new-site-dev\\back\\vendor\\laravel\\framework\\src\\Illuminate\\Container\\Container.php(662): Illuminate\\Container\\BoundMethod::call()
#27 D:\\OSPanel\\domains\\asap-new-site-dev\\back\\vendor\\laravel\\framework\\src\\Illuminate\\Console\\Command.php(208): Illuminate\\Container\\Container->call()
#28 D:\\OSPanel\\domains\\asap-new-site-dev\\back\\vendor\\symfony\\console\\Command\\Command.php(326): Illuminate\\Console\\Command->execute()
#29 D:\\OSPanel\\domains\\asap-new-site-dev\\back\\vendor\\laravel\\framework\\src\\Illuminate\\Console\\Command.php(177): Symfony\\Component\\Console\\Command\\Command->run()
#30 D:\\OSPanel\\domains\\asap-new-site-dev\\back\\vendor\\symfony\\console\\Application.php(1081): Illuminate\\Console\\Command->run()
#31 D:\\OSPanel\\domains\\asap-new-site-dev\\back\\vendor\\symfony\\console\\Application.php(320): Symfony\\Component\\Console\\Application->doRunCommand()
#32 D:\\OSPanel\\domains\\asap-new-site-dev\\back\\vendor\\symfony\\console\\Application.php(174): Symfony\\Component\\Console\\Application->doRun()
#33 D:\\OSPanel\\domains\\asap-new-site-dev\\back\\vendor\\laravel\\framework\\src\\Illuminate\\Foundation\\Console\\Kernel.php(200): Symfony\\Component\\Console\\Application->run()
#34 D:\\OSPanel\\domains\\asap-new-site-dev\\back\\artisan(35): Illuminate\\Foundation\\Console\\Kernel->handle()
#35 {main}
"} 
[2024-11-16 10:10:08] production.ERROR: SQLSTATE[HY000] [2002] Подключение не установлено, т.к. конечный компьютер отверг запрос на подключение (Connection: mysql, SQL: select * from information_schema.tables where table_schema = forge and table_name = migrations and table_type = 'BASE TABLE') {"exception":"[object] (Illuminate\\Database\\QueryException(code: 2002): SQLSTATE[HY000] [2002] Подключение не установлено, т.к. конечный компьютер отверг запрос на подключение (Connection: mysql, SQL: select * from information_schema.tables where table_schema = forge and table_name = migrations and table_type = 'BASE TABLE') at D:\\OSPanel\\domains\\asap-new-site-dev\\back\\vendor\\laravel\\framework\\src\\Illuminate\\Database\\Connection.php:795)
[stacktrace]
#0 D:\\OSPanel\\domains\\asap-new-site-dev\\back\\vendor\\laravel\\framework\\src\\Illuminate\\Database\\Connection.php(755): Illuminate\\Database\\Connection->runQueryCallback()
#1 D:\\OSPanel\\domains\\asap-new-site-dev\\back\\vendor\\laravel\\framework\\src\\Illuminate\\Database\\Connection.php(407): Illuminate\\Database\\Connection->run()
#2 D:\\OSPanel\\domains\\asap-new-site-dev\\back\\vendor\\laravel\\framework\\src\\Illuminate\\Database\\Connection.php(394): Illuminate\\Database\\Connection->select()
#3 D:\\OSPanel\\domains\\asap-new-site-dev\\back\\vendor\\laravel\\framework\\src\\Illuminate\\Database\\Schema\\MySqlBuilder.php(43): Illuminate\\Database\\Connection->selectFromWriteConnection()
#4 D:\\OSPanel\\domains\\asap-new-site-dev\\back\\vendor\\laravel\\framework\\src\\Illuminate\\Database\\Migrations\\DatabaseMigrationRepository.php(184): Illuminate\\Database\\Schema\\MySqlBuilder->hasTable()
#5 D:\\OSPanel\\domains\\asap-new-site-dev\\back\\vendor\\laravel\\framework\\src\\Illuminate\\Database\\Migrations\\Migrator.php(700): Illuminate\\Database\\Migrations\\DatabaseMigrationRepository->repositoryExists()
#6 D:\\OSPanel\\domains\\asap-new-site-dev\\back\\vendor\\laravel\\framework\\src\\Illuminate\\Database\\Console\\Migrations\\MigrateCommand.php(138): Illuminate\\Database\\Migrations\\Migrator->repositoryExists()
#7 D:\\OSPanel\\domains\\asap-new-site-dev\\back\\vendor\\laravel\\framework\\src\\Illuminate\\Support\\helpers.php(248): Illuminate\\Database\\Console\\Migrations\\MigrateCommand->Illuminate\\Database\\Console\\Migrations\\{closure}()
#8 D:\\OSPanel\\domains\\asap-new-site-dev\\back\\vendor\\laravel\\framework\\src\\Illuminate\\Database\\Console\\Migrations\\MigrateCommand.php(138): retry()
#9 D:\\OSPanel\\domains\\asap-new-site-dev\\back\\vendor\\laravel\\framework\\src\\Illuminate\\Database\\Console\\Migrations\\MigrateCommand.php(114): Illuminate\\Database\\Console\\Migrations\\MigrateCommand->repositoryExists()
#10 D:\\OSPanel\\domains\\asap-new-site-dev\\back\\vendor\\laravel\\framework\\src\\Illuminate\\Database\\Console\\Migrations\\MigrateCommand.php(82): Illuminate\\Database\\Console\\Migrations\\MigrateCommand->prepareDatabase()
#11 D:\\OSPanel\\domains\\asap-new-site-dev\\back\\vendor\\laravel\\framework\\src\\Illuminate\\Database\\Migrations\\Migrator.php(633): Illuminate\\Database\\Console\\Migrations\\MigrateCommand->Illuminate\\Database\\Console\\Migrations\\{closure}()
#12 D:\\OSPanel\\domains\\asap-new-site-dev\\back\\vendor\\laravel\\framework\\src\\Illuminate\\Database\\Console\\Migrations\\MigrateCommand.php(81): Illuminate\\Database\\Migrations\\Migrator->usingConnection()
#13 D:\\OSPanel\\domains\\asap-new-site-dev\\back\\vendor\\laravel\\framework\\src\\Illuminate\\Container\\BoundMethod.php(36): Illuminate\\Database\\Console\\Migrations\\MigrateCommand->handle()
#14 D:\\OSPanel\\domains\\asap-new-site-dev\\back\\vendor\\laravel\\framework\\src\\Illuminate\\Container\\Util.php(41): Illuminate\\Container\\BoundMethod::Illuminate\\Container\\{closure}()
#15 D:\\OSPanel\\domains\\asap-new-site-dev\\back\\vendor\\laravel\\framework\\src\\Illuminate\\Container\\BoundMethod.php(93): Illuminate\\Container\\Util::unwrapIfClosure()
#16 D:\\OSPanel\\domains\\asap-new-site-dev\\back\\vendor\\laravel\\framework\\src\\Illuminate\\Container\\BoundMethod.php(35): Illuminate\\Container\\BoundMethod::callBoundMethod()
#17 D:\\OSPanel\\domains\\asap-new-site-dev\\back\\vendor\\laravel\\framework\\src\\Illuminate\\Container\\Container.php(662): Illuminate\\Container\\BoundMethod::call()
#18 D:\\OSPanel\\domains\\asap-new-site-dev\\back\\vendor\\laravel\\framework\\src\\Illuminate\\Console\\Command.php(208): Illuminate\\Container\\Container->call()
#19 D:\\OSPanel\\domains\\asap-new-site-dev\\back\\vendor\\symfony\\console\\Command\\Command.php(326): Illuminate\\Console\\Command->execute()
#20 D:\\OSPanel\\domains\\asap-new-site-dev\\back\\vendor\\laravel\\framework\\src\\Illuminate\\Console\\Command.php(177): Symfony\\Component\\Console\\Command\\Command->run()
#21 D:\\OSPanel\\domains\\asap-new-site-dev\\back\\vendor\\symfony\\console\\Application.php(1081): Illuminate\\Console\\Command->run()
#22 D:\\OSPanel\\domains\\asap-new-site-dev\\back\\vendor\\symfony\\console\\Application.php(320): Symfony\\Component\\Console\\Application->doRunCommand()
#23 D:\\OSPanel\\domains\\asap-new-site-dev\\back\\vendor\\symfony\\console\\Application.php(174): Symfony\\Component\\Console\\Application->doRun()
#24 D:\\OSPanel\\domains\\asap-new-site-dev\\back\\vendor\\laravel\\framework\\src\\Illuminate\\Foundation\\Console\\Kernel.php(200): Symfony\\Component\\Console\\Application->run()
#25 D:\\OSPanel\\domains\\asap-new-site-dev\\back\\artisan(35): Illuminate\\Foundation\\Console\\Kernel->handle()
#26 {main}

[previous exception] [object] (PDOException(code: 2002): SQLSTATE[HY000] [2002] Подключение не установлено, т.к. конечный компьютер отверг запрос на подключение at D:\\OSPanel\\domains\\asap-new-site-dev\\back\\vendor\\laravel\\framework\\src\\Illuminate\\Database\\Connectors\\Connector.php:65)
[stacktrace]
#0 D:\\OSPanel\\domains\\asap-new-site-dev\\back\\vendor\\laravel\\framework\\src\\Illuminate\\Database\\Connectors\\Connector.php(65): PDO->__construct()
#1 D:\\OSPanel\\domains\\asap-new-site-dev\\back\\vendor\\laravel\\framework\\src\\Illuminate\\Database\\Connectors\\Connector.php(44): Illuminate\\Database\\Connectors\\Connector->createPdoConnection()
#2 D:\\OSPanel\\domains\\asap-new-site-dev\\back\\vendor\\laravel\\framework\\src\\Illuminate\\Database\\Connectors\\MySqlConnector.php(24): Illuminate\\Database\\Connectors\\Connector->createConnection()
#3 D:\\OSPanel\\domains\\asap-new-site-dev\\back\\vendor\\laravel\\framework\\src\\Illuminate\\Database\\Connectors\\ConnectionFactory.php(184): Illuminate\\Database\\Connectors\\MySqlConnector->connect()
#4 [internal function]: Illuminate\\Database\\Connectors\\ConnectionFactory->Illuminate\\Database\\Connectors\\{closure}()
#5 D:\\OSPanel\\domains\\asap-new-site-dev\\back\\vendor\\laravel\\framework\\src\\Illuminate\\Database\\Connection.php(1275): call_user_func()
#6 D:\\OSPanel\\domains\\asap-new-site-dev\\back\\vendor\\laravel\\framework\\src\\Illuminate\\Database\\Connection.php(521): Illuminate\\Database\\Connection->getPdo()
#7 D:\\OSPanel\\domains\\asap-new-site-dev\\back\\vendor\\laravel\\framework\\src\\Illuminate\\Database\\Connection.php(416): Illuminate\\Database\\Connection->getPdoForSelect()
#8 D:\\OSPanel\\domains\\asap-new-site-dev\\back\\vendor\\laravel\\framework\\src\\Illuminate\\Database\\Connection.php(788): Illuminate\\Database\\Connection->Illuminate\\Database\\{closure}()
#9 D:\\OSPanel\\domains\\asap-new-site-dev\\back\\vendor\\laravel\\framework\\src\\Illuminate\\Database\\Connection.php(755): Illuminate\\Database\\Connection->runQueryCallback()
#10 D:\\OSPanel\\domains\\asap-new-site-dev\\back\\vendor\\laravel\\framework\\src\\Illuminate\\Database\\Connection.php(407): Illuminate\\Database\\Connection->run()
#11 D:\\OSPanel\\domains\\asap-new-site-dev\\back\\vendor\\laravel\\framework\\src\\Illuminate\\Database\\Connection.php(394): Illuminate\\Database\\Connection->select()
#12 D:\\OSPanel\\domains\\asap-new-site-dev\\back\\vendor\\laravel\\framework\\src\\Illuminate\\Database\\Schema\\MySqlBuilder.php(43): Illuminate\\Database\\Connection->selectFromWriteConnection()
#13 D:\\OSPanel\\domains\\asap-new-site-dev\\back\\vendor\\laravel\\framework\\src\\Illuminate\\Database\\Migrations\\DatabaseMigrationRepository.php(184): Illuminate\\Database\\Schema\\MySqlBuilder->hasTable()
#14 D:\\OSPanel\\domains\\asap-new-site-dev\\back\\vendor\\laravel\\framework\\src\\Illuminate\\Database\\Migrations\\Migrator.php(700): Illuminate\\Database\\Migrations\\DatabaseMigrationRepository->repositoryExists()
#15 D:\\OSPanel\\domains\\asap-new-site-dev\\back\\vendor\\laravel\\framework\\src\\Illuminate\\Database\\Console\\Migrations\\MigrateCommand.php(138): Illuminate\\Database\\Migrations\\Migrator->repositoryExists()
#16 D:\\OSPanel\\domains\\asap-new-site-dev\\back\\vendor\\laravel\\framework\\src\\Illuminate\\Support\\helpers.php(248): Illuminate\\Database\\Console\\Migrations\\MigrateCommand->Illuminate\\Database\\Console\\Migrations\\{closure}()
#17 D:\\OSPanel\\domains\\asap-new-site-dev\\back\\vendor\\laravel\\framework\\src\\Illuminate\\Database\\Console\\Migrations\\MigrateCommand.php(138): retry()
#18 D:\\OSPanel\\domains\\asap-new-site-dev\\back\\vendor\\laravel\\framework\\src\\Illuminate\\Database\\Console\\Migrations\\MigrateCommand.php(114): Illuminate\\Database\\Console\\Migrations\\MigrateCommand->repositoryExists()
#19 D:\\OSPanel\\domains\\asap-new-site-dev\\back\\vendor\\laravel\\framework\\src\\Illuminate\\Database\\Console\\Migrations\\MigrateCommand.php(82): Illuminate\\Database\\Console\\Migrations\\MigrateCommand->prepareDatabase()
#20 D:\\OSPanel\\domains\\asap-new-site-dev\\back\\vendor\\laravel\\framework\\src\\Illuminate\\Database\\Migrations\\Migrator.php(633): Illuminate\\Database\\Console\\Migrations\\MigrateCommand->Illuminate\\Database\\Console\\Migrations\\{closure}()
#21 D:\\OSPanel\\domains\\asap-new-site-dev\\back\\vendor\\laravel\\framework\\src\\Illuminate\\Database\\Console\\Migrations\\MigrateCommand.php(81): Illuminate\\Database\\Migrations\\Migrator->usingConnection()
#22 D:\\OSPanel\\domains\\asap-new-site-dev\\back\\vendor\\laravel\\framework\\src\\Illuminate\\Container\\BoundMethod.php(36): Illuminate\\Database\\Console\\Migrations\\MigrateCommand->handle()
#23 D:\\OSPanel\\domains\\asap-new-site-dev\\back\\vendor\\laravel\\framework\\src\\Illuminate\\Container\\Util.php(41): Illuminate\\Container\\BoundMethod::Illuminate\\Container\\{closure}()
#24 D:\\OSPanel\\domains\\asap-new-site-dev\\back\\vendor\\laravel\\framework\\src\\Illuminate\\Container\\BoundMethod.php(93): Illuminate\\Container\\Util::unwrapIfClosure()
#25 D:\\OSPanel\\domains\\asap-new-site-dev\\back\\vendor\\laravel\\framework\\src\\Illuminate\\Container\\BoundMethod.php(35): Illuminate\\Container\\BoundMethod::callBoundMethod()
#26 D:\\OSPanel\\domains\\asap-new-site-dev\\back\\vendor\\laravel\\framework\\src\\Illuminate\\Container\\Container.php(662): Illuminate\\Container\\BoundMethod::call()
#27 D:\\OSPanel\\domains\\asap-new-site-dev\\back\\vendor\\laravel\\framework\\src\\Illuminate\\Console\\Command.php(208): Illuminate\\Container\\Container->call()
#28 D:\\OSPanel\\domains\\asap-new-site-dev\\back\\vendor\\symfony\\console\\Command\\Command.php(326): Illuminate\\Console\\Command->execute()
#29 D:\\OSPanel\\domains\\asap-new-site-dev\\back\\vendor\\laravel\\framework\\src\\Illuminate\\Console\\Command.php(177): Symfony\\Component\\Console\\Command\\Command->run()
#30 D:\\OSPanel\\domains\\asap-new-site-dev\\back\\vendor\\symfony\\console\\Application.php(1081): Illuminate\\Console\\Command->run()
#31 D:\\OSPanel\\domains\\asap-new-site-dev\\back\\vendor\\symfony\\console\\Application.php(320): Symfony\\Component\\Console\\Application->doRunCommand()
#32 D:\\OSPanel\\domains\\asap-new-site-dev\\back\\vendor\\symfony\\console\\Application.php(174): Symfony\\Component\\Console\\Application->doRun()
#33 D:\\OSPanel\\domains\\asap-new-site-dev\\back\\vendor\\laravel\\framework\\src\\Illuminate\\Foundation\\Console\\Kernel.php(200): Symfony\\Component\\Console\\Application->run()
#34 D:\\OSPanel\\domains\\asap-new-site-dev\\back\\artisan(35): Illuminate\\Foundation\\Console\\Kernel->handle()
#35 {main}
"} 
[2024-11-16 10:10:50] production.ERROR: SQLSTATE[08006] [7] FATAL:  database "forge" does not exist (Connection: pgsql, SQL: select * from information_schema.tables where table_catalog = forge and table_schema = public and table_name = migrations and table_type = 'BASE TABLE') {"exception":"[object] (Illuminate\\Database\\QueryException(code: 7): SQLSTATE[08006] [7] FATAL:  database \"forge\" does not exist (Connection: pgsql, SQL: select * from information_schema.tables where table_catalog = forge and table_schema = public and table_name = migrations and table_type = 'BASE TABLE') at D:\\OSPanel\\domains\\asap-new-site-dev\\back\\vendor\\laravel\\framework\\src\\Illuminate\\Database\\Connection.php:795)
[stacktrace]
#0 D:\\OSPanel\\domains\\asap-new-site-dev\\back\\vendor\\laravel\\framework\\src\\Illuminate\\Database\\Connection.php(755): Illuminate\\Database\\Connection->runQueryCallback()
#1 D:\\OSPanel\\domains\\asap-new-site-dev\\back\\vendor\\laravel\\framework\\src\\Illuminate\\Database\\Connection.php(407): Illuminate\\Database\\Connection->run()
#2 D:\\OSPanel\\domains\\asap-new-site-dev\\back\\vendor\\laravel\\framework\\src\\Illuminate\\Database\\Connection.php(394): Illuminate\\Database\\Connection->select()
#3 D:\\OSPanel\\domains\\asap-new-site-dev\\back\\vendor\\laravel\\framework\\src\\Illuminate\\Database\\Schema\\PostgresBuilder.php(51): Illuminate\\Database\\Connection->selectFromWriteConnection()
#4 D:\\OSPanel\\domains\\asap-new-site-dev\\back\\vendor\\laravel\\framework\\src\\Illuminate\\Database\\Migrations\\DatabaseMigrationRepository.php(184): Illuminate\\Database\\Schema\\PostgresBuilder->hasTable()
#5 D:\\OSPanel\\domains\\asap-new-site-dev\\back\\vendor\\laravel\\framework\\src\\Illuminate\\Database\\Migrations\\Migrator.php(700): Illuminate\\Database\\Migrations\\DatabaseMigrationRepository->repositoryExists()
#6 D:\\OSPanel\\domains\\asap-new-site-dev\\back\\vendor\\laravel\\framework\\src\\Illuminate\\Database\\Console\\Migrations\\MigrateCommand.php(138): Illuminate\\Database\\Migrations\\Migrator->repositoryExists()
#7 D:\\OSPanel\\domains\\asap-new-site-dev\\back\\vendor\\laravel\\framework\\src\\Illuminate\\Support\\helpers.php(248): Illuminate\\Database\\Console\\Migrations\\MigrateCommand->Illuminate\\Database\\Console\\Migrations\\{closure}()
#8 D:\\OSPanel\\domains\\asap-new-site-dev\\back\\vendor\\laravel\\framework\\src\\Illuminate\\Database\\Console\\Migrations\\MigrateCommand.php(138): retry()
#9 D:\\OSPanel\\domains\\asap-new-site-dev\\back\\vendor\\laravel\\framework\\src\\Illuminate\\Database\\Console\\Migrations\\MigrateCommand.php(114): Illuminate\\Database\\Console\\Migrations\\MigrateCommand->repositoryExists()
#10 D:\\OSPanel\\domains\\asap-new-site-dev\\back\\vendor\\laravel\\framework\\src\\Illuminate\\Database\\Console\\Migrations\\MigrateCommand.php(82): Illuminate\\Database\\Console\\Migrations\\MigrateCommand->prepareDatabase()
#11 D:\\OSPanel\\domains\\asap-new-site-dev\\back\\vendor\\laravel\\framework\\src\\Illuminate\\Database\\Migrations\\Migrator.php(633): Illuminate\\Database\\Console\\Migrations\\MigrateCommand->Illuminate\\Database\\Console\\Migrations\\{closure}()
#12 D:\\OSPanel\\domains\\asap-new-site-dev\\back\\vendor\\laravel\\framework\\src\\Illuminate\\Database\\Console\\Migrations\\MigrateCommand.php(81): Illuminate\\Database\\Migrations\\Migrator->usingConnection()
#13 D:\\OSPanel\\domains\\asap-new-site-dev\\back\\vendor\\laravel\\framework\\src\\Illuminate\\Container\\BoundMethod.php(36): Illuminate\\Database\\Console\\Migrations\\MigrateCommand->handle()
#14 D:\\OSPanel\\domains\\asap-new-site-dev\\back\\vendor\\laravel\\framework\\src\\Illuminate\\Container\\Util.php(41): Illuminate\\Container\\BoundMethod::Illuminate\\Container\\{closure}()
#15 D:\\OSPanel\\domains\\asap-new-site-dev\\back\\vendor\\laravel\\framework\\src\\Illuminate\\Container\\BoundMethod.php(93): Illuminate\\Container\\Util::unwrapIfClosure()
#16 D:\\OSPanel\\domains\\asap-new-site-dev\\back\\vendor\\laravel\\framework\\src\\Illuminate\\Container\\BoundMethod.php(35): Illuminate\\Container\\BoundMethod::callBoundMethod()
#17 D:\\OSPanel\\domains\\asap-new-site-dev\\back\\vendor\\laravel\\framework\\src\\Illuminate\\Container\\Container.php(662): Illuminate\\Container\\BoundMethod::call()
#18 D:\\OSPanel\\domains\\asap-new-site-dev\\back\\vendor\\laravel\\framework\\src\\Illuminate\\Console\\Command.php(208): Illuminate\\Container\\Container->call()
#19 D:\\OSPanel\\domains\\asap-new-site-dev\\back\\vendor\\symfony\\console\\Command\\Command.php(326): Illuminate\\Console\\Command->execute()
#20 D:\\OSPanel\\domains\\asap-new-site-dev\\back\\vendor\\laravel\\framework\\src\\Illuminate\\Console\\Command.php(177): Symfony\\Component\\Console\\Command\\Command->run()
#21 D:\\OSPanel\\domains\\asap-new-site-dev\\back\\vendor\\symfony\\console\\Application.php(1081): Illuminate\\Console\\Command->run()
#22 D:\\OSPanel\\domains\\asap-new-site-dev\\back\\vendor\\symfony\\console\\Application.php(320): Symfony\\Component\\Console\\Application->doRunCommand()
#23 D:\\OSPanel\\domains\\asap-new-site-dev\\back\\vendor\\symfony\\console\\Application.php(174): Symfony\\Component\\Console\\Application->doRun()
#24 D:\\OSPanel\\domains\\asap-new-site-dev\\back\\vendor\\laravel\\framework\\src\\Illuminate\\Foundation\\Console\\Kernel.php(200): Symfony\\Component\\Console\\Application->run()
#25 D:\\OSPanel\\domains\\asap-new-site-dev\\back\\artisan(35): Illuminate\\Foundation\\Console\\Kernel->handle()
#26 {main}

[previous exception] [object] (PDOException(code: 7): SQLSTATE[08006] [7] FATAL:  database \"forge\" does not exist at D:\\OSPanel\\domains\\asap-new-site-dev\\back\\vendor\\laravel\\framework\\src\\Illuminate\\Database\\Connectors\\Connector.php:65)
[stacktrace]
#0 D:\\OSPanel\\domains\\asap-new-site-dev\\back\\vendor\\laravel\\framework\\src\\Illuminate\\Database\\Connectors\\Connector.php(65): PDO->__construct()
#1 D:\\OSPanel\\domains\\asap-new-site-dev\\back\\vendor\\laravel\\framework\\src\\Illuminate\\Database\\Connectors\\Connector.php(44): Illuminate\\Database\\Connectors\\Connector->createPdoConnection()
#2 D:\\OSPanel\\domains\\asap-new-site-dev\\back\\vendor\\laravel\\framework\\src\\Illuminate\\Database\\Connectors\\PostgresConnector.php(35): Illuminate\\Database\\Connectors\\Connector->createConnection()
#3 D:\\OSPanel\\domains\\asap-new-site-dev\\back\\vendor\\laravel\\framework\\src\\Illuminate\\Database\\Connectors\\ConnectionFactory.php(184): Illuminate\\Database\\Connectors\\PostgresConnector->connect()
#4 [internal function]: Illuminate\\Database\\Connectors\\ConnectionFactory->Illuminate\\Database\\Connectors\\{closure}()
#5 D:\\OSPanel\\domains\\asap-new-site-dev\\back\\vendor\\laravel\\framework\\src\\Illuminate\\Database\\Connection.php(1275): call_user_func()
#6 D:\\OSPanel\\domains\\asap-new-site-dev\\back\\vendor\\laravel\\framework\\src\\Illuminate\\Database\\Connection.php(521): Illuminate\\Database\\Connection->getPdo()
#7 D:\\OSPanel\\domains\\asap-new-site-dev\\back\\vendor\\laravel\\framework\\src\\Illuminate\\Database\\Connection.php(416): Illuminate\\Database\\Connection->getPdoForSelect()
#8 D:\\OSPanel\\domains\\asap-new-site-dev\\back\\vendor\\laravel\\framework\\src\\Illuminate\\Database\\Connection.php(788): Illuminate\\Database\\Connection->Illuminate\\Database\\{closure}()
#9 D:\\OSPanel\\domains\\asap-new-site-dev\\back\\vendor\\laravel\\framework\\src\\Illuminate\\Database\\Connection.php(755): Illuminate\\Database\\Connection->runQueryCallback()
#10 D:\\OSPanel\\domains\\asap-new-site-dev\\back\\vendor\\laravel\\framework\\src\\Illuminate\\Database\\Connection.php(407): Illuminate\\Database\\Connection->run()
#11 D:\\OSPanel\\domains\\asap-new-site-dev\\back\\vendor\\laravel\\framework\\src\\Illuminate\\Database\\Connection.php(394): Illuminate\\Database\\Connection->select()
#12 D:\\OSPanel\\domains\\asap-new-site-dev\\back\\vendor\\laravel\\framework\\src\\Illuminate\\Database\\Schema\\PostgresBuilder.php(51): Illuminate\\Database\\Connection->selectFromWriteConnection()
#13 D:\\OSPanel\\domains\\asap-new-site-dev\\back\\vendor\\laravel\\framework\\src\\Illuminate\\Database\\Migrations\\DatabaseMigrationRepository.php(184): Illuminate\\Database\\Schema\\PostgresBuilder->hasTable()
#14 D:\\OSPanel\\domains\\asap-new-site-dev\\back\\vendor\\laravel\\framework\\src\\Illuminate\\Database\\Migrations\\Migrator.php(700): Illuminate\\Database\\Migrations\\DatabaseMigrationRepository->repositoryExists()
#15 D:\\OSPanel\\domains\\asap-new-site-dev\\back\\vendor\\laravel\\framework\\src\\Illuminate\\Database\\Console\\Migrations\\MigrateCommand.php(138): Illuminate\\Database\\Migrations\\Migrator->repositoryExists()
#16 D:\\OSPanel\\domains\\asap-new-site-dev\\back\\vendor\\laravel\\framework\\src\\Illuminate\\Support\\helpers.php(248): Illuminate\\Database\\Console\\Migrations\\MigrateCommand->Illuminate\\Database\\Console\\Migrations\\{closure}()
#17 D:\\OSPanel\\domains\\asap-new-site-dev\\back\\vendor\\laravel\\framework\\src\\Illuminate\\Database\\Console\\Migrations\\MigrateCommand.php(138): retry()
#18 D:\\OSPanel\\domains\\asap-new-site-dev\\back\\vendor\\laravel\\framework\\src\\Illuminate\\Database\\Console\\Migrations\\MigrateCommand.php(114): Illuminate\\Database\\Console\\Migrations\\MigrateCommand->repositoryExists()
#19 D:\\OSPanel\\domains\\asap-new-site-dev\\back\\vendor\\laravel\\framework\\src\\Illuminate\\Database\\Console\\Migrations\\MigrateCommand.php(82): Illuminate\\Database\\Console\\Migrations\\MigrateCommand->prepareDatabase()
#20 D:\\OSPanel\\domains\\asap-new-site-dev\\back\\vendor\\laravel\\framework\\src\\Illuminate\\Database\\Migrations\\Migrator.php(633): Illuminate\\Database\\Console\\Migrations\\MigrateCommand->Illuminate\\Database\\Console\\Migrations\\{closure}()
#21 D:\\OSPanel\\domains\\asap-new-site-dev\\back\\vendor\\laravel\\framework\\src\\Illuminate\\Database\\Console\\Migrations\\MigrateCommand.php(81): Illuminate\\Database\\Migrations\\Migrator->usingConnection()
#22 D:\\OSPanel\\domains\\asap-new-site-dev\\back\\vendor\\laravel\\framework\\src\\Illuminate\\Container\\BoundMethod.php(36): Illuminate\\Database\\Console\\Migrations\\MigrateCommand->handle()
#23 D:\\OSPanel\\domains\\asap-new-site-dev\\back\\vendor\\laravel\\framework\\src\\Illuminate\\Container\\Util.php(41): Illuminate\\Container\\BoundMethod::Illuminate\\Container\\{closure}()
#24 D:\\OSPanel\\domains\\asap-new-site-dev\\back\\vendor\\laravel\\framework\\src\\Illuminate\\Container\\BoundMethod.php(93): Illuminate\\Container\\Util::unwrapIfClosure()
#25 D:\\OSPanel\\domains\\asap-new-site-dev\\back\\vendor\\laravel\\framework\\src\\Illuminate\\Container\\BoundMethod.php(35): Illuminate\\Container\\BoundMethod::callBoundMethod()
#26 D:\\OSPanel\\domains\\asap-new-site-dev\\back\\vendor\\laravel\\framework\\src\\Illuminate\\Container\\Container.php(662): Illuminate\\Container\\BoundMethod::call()
#27 D:\\OSPanel\\domains\\asap-new-site-dev\\back\\vendor\\laravel\\framework\\src\\Illuminate\\Console\\Command.php(208): Illuminate\\Container\\Container->call()
#28 D:\\OSPanel\\domains\\asap-new-site-dev\\back\\vendor\\symfony\\console\\Command\\Command.php(326): Illuminate\\Console\\Command->execute()
#29 D:\\OSPanel\\domains\\asap-new-site-dev\\back\\vendor\\laravel\\framework\\src\\Illuminate\\Console\\Command.php(177): Symfony\\Component\\Console\\Command\\Command->run()
#30 D:\\OSPanel\\domains\\asap-new-site-dev\\back\\vendor\\symfony\\console\\Application.php(1081): Illuminate\\Console\\Command->run()
#31 D:\\OSPanel\\domains\\asap-new-site-dev\\back\\vendor\\symfony\\console\\Application.php(320): Symfony\\Component\\Console\\Application->doRunCommand()
#32 D:\\OSPanel\\domains\\asap-new-site-dev\\back\\vendor\\symfony\\console\\Application.php(174): Symfony\\Component\\Console\\Application->doRun()
#33 D:\\OSPanel\\domains\\asap-new-site-dev\\back\\vendor\\laravel\\framework\\src\\Illuminate\\Foundation\\Console\\Kernel.php(200): Symfony\\Component\\Console\\Application->run()
#34 D:\\OSPanel\\domains\\asap-new-site-dev\\back\\artisan(35): Illuminate\\Foundation\\Console\\Kernel->handle()
#35 {main}
"} 
[2024-11-16 10:12:58] production.ERROR: No application encryption key has been specified. {"exception":"[object] (Illuminate\\Encryption\\MissingAppKeyException(code: 0): No application encryption key has been specified. at D:\\OSPanel\\domains\\asap-new-site-dev\\back\\vendor\\laravel\\framework\\src\\Illuminate\\Encryption\\EncryptionServiceProvider.php:79)
[stacktrace]
#0 D:\\OSPanel\\domains\\asap-new-site-dev\\back\\vendor\\laravel\\framework\\src\\Illuminate\\Support\\helpers.php(307): Illuminate\\Encryption\\EncryptionServiceProvider->Illuminate\\Encryption\\{closure}()
#1 D:\\OSPanel\\domains\\asap-new-site-dev\\back\\vendor\\laravel\\framework\\src\\Illuminate\\Encryption\\EncryptionServiceProvider.php(77): tap()
#2 D:\\OSPanel\\domains\\asap-new-site-dev\\back\\vendor\\laravel\\framework\\src\\Illuminate\\Encryption\\EncryptionServiceProvider.php(60): Illuminate\\Encryption\\EncryptionServiceProvider->key()
#3 D:\\OSPanel\\domains\\asap-new-site-dev\\back\\vendor\\laravel\\framework\\src\\Illuminate\\Encryption\\EncryptionServiceProvider.php(32): Illuminate\\Encryption\\EncryptionServiceProvider->parseKey()
#4 D:\\OSPanel\\domains\\asap-new-site-dev\\back\\vendor\\laravel\\framework\\src\\Illuminate\\Container\\Container.php(910): Illuminate\\Encryption\\EncryptionServiceProvider->Illuminate\\Encryption\\{closure}()
#5 D:\\OSPanel\\domains\\asap-new-site-dev\\back\\vendor\\laravel\\framework\\src\\Illuminate\\Container\\Container.php(795): Illuminate\\Container\\Container->build()
#6 D:\\OSPanel\\domains\\asap-new-site-dev\\back\\vendor\\laravel\\framework\\src\\Illuminate\\Foundation\\Application.php(933): Illuminate\\Container\\Container->resolve()
#7 D:\\OSPanel\\domains\\asap-new-site-dev\\back\\vendor\\laravel\\framework\\src\\Illuminate\\Container\\Container.php(731): Illuminate\\Foundation\\Application->resolve()
#8 D:\\OSPanel\\domains\\asap-new-site-dev\\back\\vendor\\laravel\\framework\\src\\Illuminate\\Foundation\\Application.php(918): Illuminate\\Container\\Container->make()
#9 D:\\OSPanel\\domains\\asap-new-site-dev\\back\\vendor\\laravel\\framework\\src\\Illuminate\\Container\\Container.php(1068): Illuminate\\Foundation\\Application->make()
#10 D:\\OSPanel\\domains\\asap-new-site-dev\\back\\vendor\\laravel\\framework\\src\\Illuminate\\Container\\Container.php(984): Illuminate\\Container\\Container->resolveClass()
#11 D:\\OSPanel\\domains\\asap-new-site-dev\\back\\vendor\\laravel\\framework\\src\\Illuminate\\Container\\Container.php(945): Illuminate\\Container\\Container->resolveDependencies()
#12 D:\\OSPanel\\domains\\asap-new-site-dev\\back\\vendor\\laravel\\framework\\src\\Illuminate\\Container\\Container.php(795): Illuminate\\Container\\Container->build()
#13 D:\\OSPanel\\domains\\asap-new-site-dev\\back\\vendor\\laravel\\framework\\src\\Illuminate\\Foundation\\Application.php(933): Illuminate\\Container\\Container->resolve()
#14 D:\\OSPanel\\domains\\asap-new-site-dev\\back\\vendor\\laravel\\framework\\src\\Illuminate\\Container\\Container.php(731): Illuminate\\Foundation\\Application->resolve()
#15 D:\\OSPanel\\domains\\asap-new-site-dev\\back\\vendor\\laravel\\framework\\src\\Illuminate\\Foundation\\Application.php(918): Illuminate\\Container\\Container->make()
#16 D:\\OSPanel\\domains\\asap-new-site-dev\\back\\vendor\\laravel\\framework\\src\\Illuminate\\Pipeline\\Pipeline.php(169): Illuminate\\Foundation\\Application->make()
#17 D:\\OSPanel\\domains\\asap-new-site-dev\\back\\vendor\\laravel\\framework\\src\\Illuminate\\Pipeline\\Pipeline.php(116): Illuminate\\Pipeline\\Pipeline->Illuminate\\Pipeline\\{closure}()
#18 D:\\OSPanel\\domains\\asap-new-site-dev\\back\\vendor\\laravel\\framework\\src\\Illuminate\\Routing\\Router.php(798): Illuminate\\Pipeline\\Pipeline->then()
#19 D:\\OSPanel\\domains\\asap-new-site-dev\\back\\vendor\\laravel\\framework\\src\\Illuminate\\Routing\\Router.php(777): Illuminate\\Routing\\Router->runRouteWithinStack()
#20 D:\\OSPanel\\domains\\asap-new-site-dev\\back\\vendor\\laravel\\framework\\src\\Illuminate\\Routing\\Router.php(741): Illuminate\\Routing\\Router->runRoute()
#21 D:\\OSPanel\\domains\\asap-new-site-dev\\back\\vendor\\laravel\\framework\\src\\Illuminate\\Routing\\Router.php(730): Illuminate\\Routing\\Router->dispatchToRoute()
#22 D:\\OSPanel\\domains\\asap-new-site-dev\\back\\vendor\\laravel\\framework\\src\\Illuminate\\Foundation\\Http\\Kernel.php(200): Illuminate\\Routing\\Router->dispatch()
#23 D:\\OSPanel\\domains\\asap-new-site-dev\\back\\vendor\\laravel\\framework\\src\\Illuminate\\Pipeline\\Pipeline.php(141): Illuminate\\Foundation\\Http\\Kernel->Illuminate\\Foundation\\Http\\{closure}()
#24 D:\\OSPanel\\domains\\asap-new-site-dev\\back\\vendor\\laravel\\framework\\src\\Illuminate\\Foundation\\Http\\Middleware\\TransformsRequest.php(21): Illuminate\\Pipeline\\Pipeline->Illuminate\\Pipeline\\{closure}()
#25 D:\\OSPanel\\domains\\asap-new-site-dev\\back\\vendor\\laravel\\framework\\src\\Illuminate\\Foundation\\Http\\Middleware\\ConvertEmptyStringsToNull.php(31): Illuminate\\Foundation\\Http\\Middleware\\TransformsRequest->handle()
#26 D:\\OSPanel\\domains\\asap-new-site-dev\\back\\vendor\\laravel\\framework\\src\\Illuminate\\Pipeline\\Pipeline.php(180): Illuminate\\Foundation\\Http\\Middleware\\ConvertEmptyStringsToNull->handle()
#27 D:\\OSPanel\\domains\\asap-new-site-dev\\back\\vendor\\laravel\\framework\\src\\Illuminate\\Foundation\\Http\\Middleware\\TransformsRequest.php(21): Illuminate\\Pipeline\\Pipeline->Illuminate\\Pipeline\\{closure}()
#28 D:\\OSPanel\\domains\\asap-new-site-dev\\back\\vendor\\laravel\\framework\\src\\Illuminate\\Foundation\\Http\\Middleware\\TrimStrings.php(40): Illuminate\\Foundation\\Http\\Middleware\\TransformsRequest->handle()
#29 D:\\OSPanel\\domains\\asap-new-site-dev\\back\\vendor\\laravel\\framework\\src\\Illuminate\\Pipeline\\Pipeline.php(180): Illuminate\\Foundation\\Http\\Middleware\\TrimStrings->handle()
#30 D:\\OSPanel\\domains\\asap-new-site-dev\\back\\vendor\\laravel\\framework\\src\\Illuminate\\Foundation\\Http\\Middleware\\ValidatePostSize.php(27): Illuminate\\Pipeline\\Pipeline->Illuminate\\Pipeline\\{closure}()
#31 D:\\OSPanel\\domains\\asap-new-site-dev\\back\\vendor\\laravel\\framework\\src\\Illuminate\\Pipeline\\Pipeline.php(180): Illuminate\\Foundation\\Http\\Middleware\\ValidatePostSize->handle()
#32 D:\\OSPanel\\domains\\asap-new-site-dev\\back\\vendor\\laravel\\framework\\src\\Illuminate\\Foundation\\Http\\Middleware\\PreventRequestsDuringMaintenance.php(86): Illuminate\\Pipeline\\Pipeline->Illuminate\\Pipeline\\{closure}()
#33 D:\\OSPanel\\domains\\asap-new-site-dev\\back\\vendor\\laravel\\framework\\src\\Illuminate\\Pipeline\\Pipeline.php(180): Illuminate\\Foundation\\Http\\Middleware\\PreventRequestsDuringMaintenance->handle()
#34 D:\\OSPanel\\domains\\asap-new-site-dev\\back\\vendor\\laravel\\framework\\src\\Illuminate\\Http\\Middleware\\HandleCors.php(49): Illuminate\\Pipeline\\Pipeline->Illuminate\\Pipeline\\{closure}()
#35 D:\\OSPanel\\domains\\asap-new-site-dev\\back\\vendor\\laravel\\framework\\src\\Illuminate\\Pipeline\\Pipeline.php(180): Illuminate\\Http\\Middleware\\HandleCors->handle()
#36 D:\\OSPanel\\domains\\asap-new-site-dev\\back\\vendor\\laravel\\framework\\src\\Illuminate\\Http\\Middleware\\TrustProxies.php(39): Illuminate\\Pipeline\\Pipeline->Illuminate\\Pipeline\\{closure}()
#37 D:\\OSPanel\\domains\\asap-new-site-dev\\back\\vendor\\laravel\\framework\\src\\Illuminate\\Pipeline\\Pipeline.php(180): Illuminate\\Http\\Middleware\\TrustProxies->handle()
#38 D:\\OSPanel\\domains\\asap-new-site-dev\\back\\vendor\\laravel\\framework\\src\\Illuminate\\Pipeline\\Pipeline.php(116): Illuminate\\Pipeline\\Pipeline->Illuminate\\Pipeline\\{closure}()
#39 D:\\OSPanel\\domains\\asap-new-site-dev\\back\\vendor\\laravel\\framework\\src\\Illuminate\\Foundation\\Http\\Kernel.php(175): Illuminate\\Pipeline\\Pipeline->then()
#40 D:\\OSPanel\\domains\\asap-new-site-dev\\back\\vendor\\laravel\\framework\\src\\Illuminate\\Foundation\\Http\\Kernel.php(144): Illuminate\\Foundation\\Http\\Kernel->sendRequestThroughRouter()
#41 D:\\OSPanel\\domains\\asap-new-site-dev\\back\\public\\index.php(51): Illuminate\\Foundation\\Http\\Kernel->handle()
#42 D:\\OSPanel\\domains\\asap-new-site-dev\\back\\vendor\\laravel\\framework\\src\\Illuminate\\Foundation\\resources\\server.php(16): require_once('D:\\\\OSPanel\\\\doma...')
#43 {main}
"} 
[2024-11-16 10:12:58] production.ERROR: Please provide a valid cache path. {"exception":"[object] (InvalidArgumentException(code: 0): Please provide a valid cache path. at D:\\OSPanel\\domains\\asap-new-site-dev\\back\\vendor\\laravel\\framework\\src\\Illuminate\\View\\Compilers\\Compiler.php:66)
[stacktrace]
#0 D:\\OSPanel\\domains\\asap-new-site-dev\\back\\vendor\\laravel\\framework\\src\\Illuminate\\View\\ViewServiceProvider.php(96): Illuminate\\View\\Compilers\\Compiler->__construct()
#1 D:\\OSPanel\\domains\\asap-new-site-dev\\back\\vendor\\laravel\\framework\\src\\Illuminate\\Container\\Container.php(910): Illuminate\\View\\ViewServiceProvider->Illuminate\\View\\{closure}()
#2 D:\\OSPanel\\domains\\asap-new-site-dev\\back\\vendor\\laravel\\framework\\src\\Illuminate\\Container\\Container.php(795): Illuminate\\Container\\Container->build()
#3 D:\\OSPanel\\domains\\asap-new-site-dev\\back\\vendor\\laravel\\framework\\src\\Illuminate\\Foundation\\Application.php(933): Illuminate\\Container\\Container->resolve()
#4 D:\\OSPanel\\domains\\asap-new-site-dev\\back\\vendor\\laravel\\framework\\src\\Illuminate\\Container\\Container.php(731): Illuminate\\Foundation\\Application->resolve()
#5 D:\\OSPanel\\domains\\asap-new-site-dev\\back\\vendor\\laravel\\framework\\src\\Illuminate\\Foundation\\Application.php(918): Illuminate\\Container\\Container->make()
#6 D:\\OSPanel\\domains\\asap-new-site-dev\\back\\vendor\\laravel\\framework\\src\\Illuminate\\Container\\Container.php(1456): Illuminate\\Foundation\\Application->make()
#7 D:\\OSPanel\\domains\\asap-new-site-dev\\back\\vendor\\laravel\\framework\\src\\Illuminate\\View\\ViewServiceProvider.php(164): Illuminate\\Container\\Container->offsetGet()
#8 [internal function]: Illuminate\\View\\ViewServiceProvider->Illuminate\\View\\{closure}()
#9 D:\\OSPanel\\domains\\asap-new-site-dev\\back\\vendor\\laravel\\framework\\src\\Illuminate\\View\\Engines\\EngineResolver.php(55): call_user_func()
#10 D:\\OSPanel\\domains\\asap-new-site-dev\\back\\vendor\\laravel\\framework\\src\\Illuminate\\View\\Factory.php(310): Illuminate\\View\\Engines\\EngineResolver->resolve()
#11 D:\\OSPanel\\domains\\asap-new-site-dev\\back\\vendor\\laravel\\framework\\src\\Illuminate\\View\\Factory.php(274): Illuminate\\View\\Factory->getEngineFromPath()
#12 D:\\OSPanel\\domains\\asap-new-site-dev\\back\\vendor\\laravel\\framework\\src\\Illuminate\\View\\Factory.php(146): Illuminate\\View\\Factory->viewInstance()
#13 D:\\OSPanel\\domains\\asap-new-site-dev\\back\\vendor\\laravel\\framework\\src\\Illuminate\\Routing\\ResponseFactory.php(87): Illuminate\\View\\Factory->make()
#14 D:\\OSPanel\\domains\\asap-new-site-dev\\back\\vendor\\laravel\\framework\\src\\Illuminate\\Foundation\\Exceptions\\Handler.php(645): Illuminate\\Routing\\ResponseFactory->view()
#15 D:\\OSPanel\\domains\\asap-new-site-dev\\back\\vendor\\laravel\\framework\\src\\Illuminate\\Foundation\\Exceptions\\Handler.php(573): Illuminate\\Foundation\\Exceptions\\Handler->renderHttpException()
#16 D:\\OSPanel\\domains\\asap-new-site-dev\\back\\vendor\\laravel\\framework\\src\\Illuminate\\Foundation\\Exceptions\\Handler.php(479): Illuminate\\Foundation\\Exceptions\\Handler->prepareResponse()
#17 D:\\OSPanel\\domains\\asap-new-site-dev\\back\\vendor\\laravel\\framework\\src\\Illuminate\\Foundation\\Exceptions\\Handler.php(396): Illuminate\\Foundation\\Exceptions\\Handler->renderExceptionResponse()
#18 D:\\OSPanel\\domains\\asap-new-site-dev\\back\\vendor\\laravel\\framework\\src\\Illuminate\\Routing\\Pipeline.php(51): Illuminate\\Foundation\\Exceptions\\Handler->render()
#19 D:\\OSPanel\\domains\\asap-new-site-dev\\back\\vendor\\laravel\\framework\\src\\Illuminate\\Pipeline\\Pipeline.php(185): Illuminate\\Routing\\Pipeline->handleException()
#20 D:\\OSPanel\\domains\\asap-new-site-dev\\back\\vendor\\laravel\\framework\\src\\Illuminate\\Pipeline\\Pipeline.php(116): Illuminate\\Pipeline\\Pipeline->Illuminate\\Pipeline\\{closure}()
#21 D:\\OSPanel\\domains\\asap-new-site-dev\\back\\vendor\\laravel\\framework\\src\\Illuminate\\Routing\\Router.php(798): Illuminate\\Pipeline\\Pipeline->then()
#22 D:\\OSPanel\\domains\\asap-new-site-dev\\back\\vendor\\laravel\\framework\\src\\Illuminate\\Routing\\Router.php(777): Illuminate\\Routing\\Router->runRouteWithinStack()
#23 D:\\OSPanel\\domains\\asap-new-site-dev\\back\\vendor\\laravel\\framework\\src\\Illuminate\\Routing\\Router.php(741): Illuminate\\Routing\\Router->runRoute()
#24 D:\\OSPanel\\domains\\asap-new-site-dev\\back\\vendor\\laravel\\framework\\src\\Illuminate\\Routing\\Router.php(730): Illuminate\\Routing\\Router->dispatchToRoute()
#25 D:\\OSPanel\\domains\\asap-new-site-dev\\back\\vendor\\laravel\\framework\\src\\Illuminate\\Foundation\\Http\\Kernel.php(200): Illuminate\\Routing\\Router->dispatch()
#26 D:\\OSPanel\\domains\\asap-new-site-dev\\back\\vendor\\laravel\\framework\\src\\Illuminate\\Pipeline\\Pipeline.php(141): Illuminate\\Foundation\\Http\\Kernel->Illuminate\\Foundation\\Http\\{closure}()
#27 D:\\OSPanel\\domains\\asap-new-site-dev\\back\\vendor\\laravel\\framework\\src\\Illuminate\\Foundation\\Http\\Middleware\\TransformsRequest.php(21): Illuminate\\Pipeline\\Pipeline->Illuminate\\Pipeline\\{closure}()
#28 D:\\OSPanel\\domains\\asap-new-site-dev\\back\\vendor\\laravel\\framework\\src\\Illuminate\\Foundation\\Http\\Middleware\\ConvertEmptyStringsToNull.php(31): Illuminate\\Foundation\\Http\\Middleware\\TransformsRequest->handle()
#29 D:\\OSPanel\\domains\\asap-new-site-dev\\back\\vendor\\laravel\\framework\\src\\Illuminate\\Pipeline\\Pipeline.php(180): Illuminate\\Foundation\\Http\\Middleware\\ConvertEmptyStringsToNull->handle()
#30 D:\\OSPanel\\domains\\asap-new-site-dev\\back\\vendor\\laravel\\framework\\src\\Illuminate\\Foundation\\Http\\Middleware\\TransformsRequest.php(21): Illuminate\\Pipeline\\Pipeline->Illuminate\\Pipeline\\{closure}()
#31 D:\\OSPanel\\domains\\asap-new-site-dev\\back\\vendor\\laravel\\framework\\src\\Illuminate\\Foundation\\Http\\Middleware\\TrimStrings.php(40): Illuminate\\Foundation\\Http\\Middleware\\TransformsRequest->handle()
#32 D:\\OSPanel\\domains\\asap-new-site-dev\\back\\vendor\\laravel\\framework\\src\\Illuminate\\Pipeline\\Pipeline.php(180): Illuminate\\Foundation\\Http\\Middleware\\TrimStrings->handle()
#33 D:\\OSPanel\\domains\\asap-new-site-dev\\back\\vendor\\laravel\\framework\\src\\Illuminate\\Foundation\\Http\\Middleware\\ValidatePostSize.php(27): Illuminate\\Pipeline\\Pipeline->Illuminate\\Pipeline\\{closure}()
#34 D:\\OSPanel\\domains\\asap-new-site-dev\\back\\vendor\\laravel\\framework\\src\\Illuminate\\Pipeline\\Pipeline.php(180): Illuminate\\Foundation\\Http\\Middleware\\ValidatePostSize->handle()
#35 D:\\OSPanel\\domains\\asap-new-site-dev\\back\\vendor\\laravel\\framework\\src\\Illuminate\\Foundation\\Http\\Middleware\\PreventRequestsDuringMaintenance.php(86): Illuminate\\Pipeline\\Pipeline->Illuminate\\Pipeline\\{closure}()
#36 D:\\OSPanel\\domains\\asap-new-site-dev\\back\\vendor\\laravel\\framework\\src\\Illuminate\\Pipeline\\Pipeline.php(180): Illuminate\\Foundation\\Http\\Middleware\\PreventRequestsDuringMaintenance->handle()
#37 D:\\OSPanel\\domains\\asap-new-site-dev\\back\\vendor\\laravel\\framework\\src\\Illuminate\\Http\\Middleware\\HandleCors.php(49): Illuminate\\Pipeline\\Pipeline->Illuminate\\Pipeline\\{closure}()
#38 D:\\OSPanel\\domains\\asap-new-site-dev\\back\\vendor\\laravel\\framework\\src\\Illuminate\\Pipeline\\Pipeline.php(180): Illuminate\\Http\\Middleware\\HandleCors->handle()
#39 D:\\OSPanel\\domains\\asap-new-site-dev\\back\\vendor\\laravel\\framework\\src\\Illuminate\\Http\\Middleware\\TrustProxies.php(39): Illuminate\\Pipeline\\Pipeline->Illuminate\\Pipeline\\{closure}()
#40 D:\\OSPanel\\domains\\asap-new-site-dev\\back\\vendor\\laravel\\framework\\src\\Illuminate\\Pipeline\\Pipeline.php(180): Illuminate\\Http\\Middleware\\TrustProxies->handle()
#41 D:\\OSPanel\\domains\\asap-new-site-dev\\back\\vendor\\laravel\\framework\\src\\Illuminate\\Pipeline\\Pipeline.php(116): Illuminate\\Pipeline\\Pipeline->Illuminate\\Pipeline\\{closure}()
#42 D:\\OSPanel\\domains\\asap-new-site-dev\\back\\vendor\\laravel\\framework\\src\\Illuminate\\Foundation\\Http\\Kernel.php(175): Illuminate\\Pipeline\\Pipeline->then()
#43 D:\\OSPanel\\domains\\asap-new-site-dev\\back\\vendor\\laravel\\framework\\src\\Illuminate\\Foundation\\Http\\Kernel.php(144): Illuminate\\Foundation\\Http\\Kernel->sendRequestThroughRouter()
#44 D:\\OSPanel\\domains\\asap-new-site-dev\\back\\public\\index.php(51): Illuminate\\Foundation\\Http\\Kernel->handle()
#45 D:\\OSPanel\\domains\\asap-new-site-dev\\back\\vendor\\laravel\\framework\\src\\Illuminate\\Foundation\\resources\\server.php(16): require_once('D:\\\\OSPanel\\\\doma...')
#46 {main}
"} 
[2024-11-16 10:12:58] production.ERROR: Please provide a valid cache path. {"exception":"[object] (InvalidArgumentException(code: 0): Please provide a valid cache path. at D:\\OSPanel\\domains\\asap-new-site-dev\\back\\vendor\\laravel\\framework\\src\\Illuminate\\View\\Compilers\\Compiler.php:66)
[stacktrace]
#0 D:\\OSPanel\\domains\\asap-new-site-dev\\back\\vendor\\laravel\\framework\\src\\Illuminate\\View\\ViewServiceProvider.php(96): Illuminate\\View\\Compilers\\Compiler->__construct()
#1 D:\\OSPanel\\domains\\asap-new-site-dev\\back\\vendor\\laravel\\framework\\src\\Illuminate\\Container\\Container.php(910): Illuminate\\View\\ViewServiceProvider->Illuminate\\View\\{closure}()
#2 D:\\OSPanel\\domains\\asap-new-site-dev\\back\\vendor\\laravel\\framework\\src\\Illuminate\\Container\\Container.php(795): Illuminate\\Container\\Container->build()
#3 D:\\OSPanel\\domains\\asap-new-site-dev\\back\\vendor\\laravel\\framework\\src\\Illuminate\\Foundation\\Application.php(933): Illuminate\\Container\\Container->resolve()
#4 D:\\OSPanel\\domains\\asap-new-site-dev\\back\\vendor\\laravel\\framework\\src\\Illuminate\\Container\\Container.php(731): Illuminate\\Foundation\\Application->resolve()
#5 D:\\OSPanel\\domains\\asap-new-site-dev\\back\\vendor\\laravel\\framework\\src\\Illuminate\\Foundation\\Application.php(918): Illuminate\\Container\\Container->make()
#6 D:\\OSPanel\\domains\\asap-new-site-dev\\back\\vendor\\laravel\\framework\\src\\Illuminate\\Container\\Container.php(1456): Illuminate\\Foundation\\Application->make()
#7 D:\\OSPanel\\domains\\asap-new-site-dev\\back\\vendor\\laravel\\framework\\src\\Illuminate\\View\\ViewServiceProvider.php(164): Illuminate\\Container\\Container->offsetGet()
#8 [internal function]: Illuminate\\View\\ViewServiceProvider->Illuminate\\View\\{closure}()
#9 D:\\OSPanel\\domains\\asap-new-site-dev\\back\\vendor\\laravel\\framework\\src\\Illuminate\\View\\Engines\\EngineResolver.php(55): call_user_func()
#10 D:\\OSPanel\\domains\\asap-new-site-dev\\back\\vendor\\laravel\\framework\\src\\Illuminate\\View\\Factory.php(310): Illuminate\\View\\Engines\\EngineResolver->resolve()
#11 D:\\OSPanel\\domains\\asap-new-site-dev\\back\\vendor\\laravel\\framework\\src\\Illuminate\\View\\Factory.php(274): Illuminate\\View\\Factory->getEngineFromPath()
#12 D:\\OSPanel\\domains\\asap-new-site-dev\\back\\vendor\\laravel\\framework\\src\\Illuminate\\View\\Factory.php(146): Illuminate\\View\\Factory->viewInstance()
#13 D:\\OSPanel\\domains\\asap-new-site-dev\\back\\vendor\\laravel\\framework\\src\\Illuminate\\Routing\\ResponseFactory.php(87): Illuminate\\View\\Factory->make()
#14 D:\\OSPanel\\domains\\asap-new-site-dev\\back\\vendor\\laravel\\framework\\src\\Illuminate\\Foundation\\Exceptions\\Handler.php(645): Illuminate\\Routing\\ResponseFactory->view()
#15 D:\\OSPanel\\domains\\asap-new-site-dev\\back\\vendor\\laravel\\framework\\src\\Illuminate\\Foundation\\Exceptions\\Handler.php(573): Illuminate\\Foundation\\Exceptions\\Handler->renderHttpException()
#16 D:\\OSPanel\\domains\\asap-new-site-dev\\back\\vendor\\laravel\\framework\\src\\Illuminate\\Foundation\\Exceptions\\Handler.php(479): Illuminate\\Foundation\\Exceptions\\Handler->prepareResponse()
#17 D:\\OSPanel\\domains\\asap-new-site-dev\\back\\vendor\\laravel\\framework\\src\\Illuminate\\Foundation\\Exceptions\\Handler.php(396): Illuminate\\Foundation\\Exceptions\\Handler->renderExceptionResponse()
#18 D:\\OSPanel\\domains\\asap-new-site-dev\\back\\vendor\\laravel\\framework\\src\\Illuminate\\Routing\\Pipeline.php(51): Illuminate\\Foundation\\Exceptions\\Handler->render()
#19 D:\\OSPanel\\domains\\asap-new-site-dev\\back\\vendor\\laravel\\framework\\src\\Illuminate\\Pipeline\\Pipeline.php(143): Illuminate\\Routing\\Pipeline->handleException()
#20 D:\\OSPanel\\domains\\asap-new-site-dev\\back\\vendor\\laravel\\framework\\src\\Illuminate\\Foundation\\Http\\Middleware\\TransformsRequest.php(21): Illuminate\\Pipeline\\Pipeline->Illuminate\\Pipeline\\{closure}()
#21 D:\\OSPanel\\domains\\asap-new-site-dev\\back\\vendor\\laravel\\framework\\src\\Illuminate\\Foundation\\Http\\Middleware\\ConvertEmptyStringsToNull.php(31): Illuminate\\Foundation\\Http\\Middleware\\TransformsRequest->handle()
#22 D:\\OSPanel\\domains\\asap-new-site-dev\\back\\vendor\\laravel\\framework\\src\\Illuminate\\Pipeline\\Pipeline.php(180): Illuminate\\Foundation\\Http\\Middleware\\ConvertEmptyStringsToNull->handle()
#23 D:\\OSPanel\\domains\\asap-new-site-dev\\back\\vendor\\laravel\\framework\\src\\Illuminate\\Foundation\\Http\\Middleware\\TransformsRequest.php(21): Illuminate\\Pipeline\\Pipeline->Illuminate\\Pipeline\\{closure}()
#24 D:\\OSPanel\\domains\\asap-new-site-dev\\back\\vendor\\laravel\\framework\\src\\Illuminate\\Foundation\\Http\\Middleware\\TrimStrings.php(40): Illuminate\\Foundation\\Http\\Middleware\\TransformsRequest->handle()
#25 D:\\OSPanel\\domains\\asap-new-site-dev\\back\\vendor\\laravel\\framework\\src\\Illuminate\\Pipeline\\Pipeline.php(180): Illuminate\\Foundation\\Http\\Middleware\\TrimStrings->handle()
#26 D:\\OSPanel\\domains\\asap-new-site-dev\\back\\vendor\\laravel\\framework\\src\\Illuminate\\Foundation\\Http\\Middleware\\ValidatePostSize.php(27): Illuminate\\Pipeline\\Pipeline->Illuminate\\Pipeline\\{closure}()
#27 D:\\OSPanel\\domains\\asap-new-site-dev\\back\\vendor\\laravel\\framework\\src\\Illuminate\\Pipeline\\Pipeline.php(180): Illuminate\\Foundation\\Http\\Middleware\\ValidatePostSize->handle()
#28 D:\\OSPanel\\domains\\asap-new-site-dev\\back\\vendor\\laravel\\framework\\src\\Illuminate\\Foundation\\Http\\Middleware\\PreventRequestsDuringMaintenance.php(86): Illuminate\\Pipeline\\Pipeline->Illuminate\\Pipeline\\{closure}()
#29 D:\\OSPanel\\domains\\asap-new-site-dev\\back\\vendor\\laravel\\framework\\src\\Illuminate\\Pipeline\\Pipeline.php(180): Illuminate\\Foundation\\Http\\Middleware\\PreventRequestsDuringMaintenance->handle()
#30 D:\\OSPanel\\domains\\asap-new-site-dev\\back\\vendor\\laravel\\framework\\src\\Illuminate\\Http\\Middleware\\HandleCors.php(49): Illuminate\\Pipeline\\Pipeline->Illuminate\\Pipeline\\{closure}()
#31 D:\\OSPanel\\domains\\asap-new-site-dev\\back\\vendor\\laravel\\framework\\src\\Illuminate\\Pipeline\\Pipeline.php(180): Illuminate\\Http\\Middleware\\HandleCors->handle()
#32 D:\\OSPanel\\domains\\asap-new-site-dev\\back\\vendor\\laravel\\framework\\src\\Illuminate\\Http\\Middleware\\TrustProxies.php(39): Illuminate\\Pipeline\\Pipeline->Illuminate\\Pipeline\\{closure}()
#33 D:\\OSPanel\\domains\\asap-new-site-dev\\back\\vendor\\laravel\\framework\\src\\Illuminate\\Pipeline\\Pipeline.php(180): Illuminate\\Http\\Middleware\\TrustProxies->handle()
#34 D:\\OSPanel\\domains\\asap-new-site-dev\\back\\vendor\\laravel\\framework\\src\\Illuminate\\Pipeline\\Pipeline.php(116): Illuminate\\Pipeline\\Pipeline->Illuminate\\Pipeline\\{closure}()
#35 D:\\OSPanel\\domains\\asap-new-site-dev\\back\\vendor\\laravel\\framework\\src\\Illuminate\\Foundation\\Http\\Kernel.php(175): Illuminate\\Pipeline\\Pipeline->then()
#36 D:\\OSPanel\\domains\\asap-new-site-dev\\back\\vendor\\laravel\\framework\\src\\Illuminate\\Foundation\\Http\\Kernel.php(144): Illuminate\\Foundation\\Http\\Kernel->sendRequestThroughRouter()
#37 D:\\OSPanel\\domains\\asap-new-site-dev\\back\\public\\index.php(51): Illuminate\\Foundation\\Http\\Kernel->handle()
#38 D:\\OSPanel\\domains\\asap-new-site-dev\\back\\vendor\\laravel\\framework\\src\\Illuminate\\Foundation\\resources\\server.php(16): require_once('D:\\\\OSPanel\\\\doma...')
#39 {main}
"} 
[2024-11-16 10:12:58] production.ERROR: Please provide a valid cache path. {"exception":"[object] (InvalidArgumentException(code: 0): Please provide a valid cache path. at D:\\OSPanel\\domains\\asap-new-site-dev\\back\\vendor\\laravel\\framework\\src\\Illuminate\\View\\Compilers\\Compiler.php:66)
[stacktrace]
#0 D:\\OSPanel\\domains\\asap-new-site-dev\\back\\vendor\\laravel\\framework\\src\\Illuminate\\View\\ViewServiceProvider.php(96): Illuminate\\View\\Compilers\\Compiler->__construct()
#1 D:\\OSPanel\\domains\\asap-new-site-dev\\back\\vendor\\laravel\\framework\\src\\Illuminate\\Container\\Container.php(910): Illuminate\\View\\ViewServiceProvider->Illuminate\\View\\{closure}()
#2 D:\\OSPanel\\domains\\asap-new-site-dev\\back\\vendor\\laravel\\framework\\src\\Illuminate\\Container\\Container.php(795): Illuminate\\Container\\Container->build()
#3 D:\\OSPanel\\domains\\asap-new-site-dev\\back\\vendor\\laravel\\framework\\src\\Illuminate\\Foundation\\Application.php(933): Illuminate\\Container\\Container->resolve()
#4 D:\\OSPanel\\domains\\asap-new-site-dev\\back\\vendor\\laravel\\framework\\src\\Illuminate\\Container\\Container.php(731): Illuminate\\Foundation\\Application->resolve()
#5 D:\\OSPanel\\domains\\asap-new-site-dev\\back\\vendor\\laravel\\framework\\src\\Illuminate\\Foundation\\Application.php(918): Illuminate\\Container\\Container->make()
#6 D:\\OSPanel\\domains\\asap-new-site-dev\\back\\vendor\\laravel\\framework\\src\\Illuminate\\Container\\Container.php(1456): Illuminate\\Foundation\\Application->make()
#7 D:\\OSPanel\\domains\\asap-new-site-dev\\back\\vendor\\laravel\\framework\\src\\Illuminate\\View\\ViewServiceProvider.php(164): Illuminate\\Container\\Container->offsetGet()
#8 [internal function]: Illuminate\\View\\ViewServiceProvider->Illuminate\\View\\{closure}()
#9 D:\\OSPanel\\domains\\asap-new-site-dev\\back\\vendor\\laravel\\framework\\src\\Illuminate\\View\\Engines\\EngineResolver.php(55): call_user_func()
#10 D:\\OSPanel\\domains\\asap-new-site-dev\\back\\vendor\\laravel\\framework\\src\\Illuminate\\View\\Factory.php(310): Illuminate\\View\\Engines\\EngineResolver->resolve()
#11 D:\\OSPanel\\domains\\asap-new-site-dev\\back\\vendor\\laravel\\framework\\src\\Illuminate\\View\\Factory.php(274): Illuminate\\View\\Factory->getEngineFromPath()
#12 D:\\OSPanel\\domains\\asap-new-site-dev\\back\\vendor\\laravel\\framework\\src\\Illuminate\\View\\Factory.php(146): Illuminate\\View\\Factory->viewInstance()
#13 D:\\OSPanel\\domains\\asap-new-site-dev\\back\\vendor\\laravel\\framework\\src\\Illuminate\\Routing\\ResponseFactory.php(87): Illuminate\\View\\Factory->make()
#14 D:\\OSPanel\\domains\\asap-new-site-dev\\back\\vendor\\laravel\\framework\\src\\Illuminate\\Foundation\\Exceptions\\Handler.php(645): Illuminate\\Routing\\ResponseFactory->view()
#15 D:\\OSPanel\\domains\\asap-new-site-dev\\back\\vendor\\laravel\\framework\\src\\Illuminate\\Foundation\\Exceptions\\Handler.php(573): Illuminate\\Foundation\\Exceptions\\Handler->renderHttpException()
#16 D:\\OSPanel\\domains\\asap-new-site-dev\\back\\vendor\\laravel\\framework\\src\\Illuminate\\Foundation\\Exceptions\\Handler.php(479): Illuminate\\Foundation\\Exceptions\\Handler->prepareResponse()
#17 D:\\OSPanel\\domains\\asap-new-site-dev\\back\\vendor\\laravel\\framework\\src\\Illuminate\\Foundation\\Exceptions\\Handler.php(396): Illuminate\\Foundation\\Exceptions\\Handler->renderExceptionResponse()
#18 D:\\OSPanel\\domains\\asap-new-site-dev\\back\\vendor\\laravel\\framework\\src\\Illuminate\\Routing\\Pipeline.php(51): Illuminate\\Foundation\\Exceptions\\Handler->render()
#19 D:\\OSPanel\\domains\\asap-new-site-dev\\back\\vendor\\laravel\\framework\\src\\Illuminate\\Pipeline\\Pipeline.php(185): Illuminate\\Routing\\Pipeline->handleException()
#20 D:\\OSPanel\\domains\\asap-new-site-dev\\back\\vendor\\laravel\\framework\\src\\Illuminate\\Foundation\\Http\\Middleware\\TransformsRequest.php(21): Illuminate\\Pipeline\\Pipeline->Illuminate\\Pipeline\\{closure}()
#21 D:\\OSPanel\\domains\\asap-new-site-dev\\back\\vendor\\laravel\\framework\\src\\Illuminate\\Foundation\\Http\\Middleware\\TrimStrings.php(40): Illuminate\\Foundation\\Http\\Middleware\\TransformsRequest->handle()
#22 D:\\OSPanel\\domains\\asap-new-site-dev\\back\\vendor\\laravel\\framework\\src\\Illuminate\\Pipeline\\Pipeline.php(180): Illuminate\\Foundation\\Http\\Middleware\\TrimStrings->handle()
#23 D:\\OSPanel\\domains\\asap-new-site-dev\\back\\vendor\\laravel\\framework\\src\\Illuminate\\Foundation\\Http\\Middleware\\ValidatePostSize.php(27): Illuminate\\Pipeline\\Pipeline->Illuminate\\Pipeline\\{closure}()
#24 D:\\OSPanel\\domains\\asap-new-site-dev\\back\\vendor\\laravel\\framework\\src\\Illuminate\\Pipeline\\Pipeline.php(180): Illuminate\\Foundation\\Http\\Middleware\\ValidatePostSize->handle()
#25 D:\\OSPanel\\domains\\asap-new-site-dev\\back\\vendor\\laravel\\framework\\src\\Illuminate\\Foundation\\Http\\Middleware\\PreventRequestsDuringMaintenance.php(86): Illuminate\\Pipeline\\Pipeline->Illuminate\\Pipeline\\{closure}()
#26 D:\\OSPanel\\domains\\asap-new-site-dev\\back\\vendor\\laravel\\framework\\src\\Illuminate\\Pipeline\\Pipeline.php(180): Illuminate\\Foundation\\Http\\Middleware\\PreventRequestsDuringMaintenance->handle()
#27 D:\\OSPanel\\domains\\asap-new-site-dev\\back\\vendor\\laravel\\framework\\src\\Illuminate\\Http\\Middleware\\HandleCors.php(49): Illuminate\\Pipeline\\Pipeline->Illuminate\\Pipeline\\{closure}()
#28 D:\\OSPanel\\domains\\asap-new-site-dev\\back\\vendor\\laravel\\framework\\src\\Illuminate\\Pipeline\\Pipeline.php(180): Illuminate\\Http\\Middleware\\HandleCors->handle()
#29 D:\\OSPanel\\domains\\asap-new-site-dev\\back\\vendor\\laravel\\framework\\src\\Illuminate\\Http\\Middleware\\TrustProxies.php(39): Illuminate\\Pipeline\\Pipeline->Illuminate\\Pipeline\\{closure}()
#30 D:\\OSPanel\\domains\\asap-new-site-dev\\back\\vendor\\laravel\\framework\\src\\Illuminate\\Pipeline\\Pipeline.php(180): Illuminate\\Http\\Middleware\\TrustProxies->handle()
#31 D:\\OSPanel\\domains\\asap-new-site-dev\\back\\vendor\\laravel\\framework\\src\\Illuminate\\Pipeline\\Pipeline.php(116): Illuminate\\Pipeline\\Pipeline->Illuminate\\Pipeline\\{closure}()
#32 D:\\OSPanel\\domains\\asap-new-site-dev\\back\\vendor\\laravel\\framework\\src\\Illuminate\\Foundation\\Http\\Kernel.php(175): Illuminate\\Pipeline\\Pipeline->then()
#33 D:\\OSPanel\\domains\\asap-new-site-dev\\back\\vendor\\laravel\\framework\\src\\Illuminate\\Foundation\\Http\\Kernel.php(144): Illuminate\\Foundation\\Http\\Kernel->sendRequestThroughRouter()
#34 D:\\OSPanel\\domains\\asap-new-site-dev\\back\\public\\index.php(51): Illuminate\\Foundation\\Http\\Kernel->handle()
#35 D:\\OSPanel\\domains\\asap-new-site-dev\\back\\vendor\\laravel\\framework\\src\\Illuminate\\Foundation\\resources\\server.php(16): require_once('D:\\\\OSPanel\\\\doma...')
#36 {main}
"} 
[2024-11-16 10:12:58] production.ERROR: Please provide a valid cache path. {"exception":"[object] (InvalidArgumentException(code: 0): Please provide a valid cache path. at D:\\OSPanel\\domains\\asap-new-site-dev\\back\\vendor\\laravel\\framework\\src\\Illuminate\\View\\Compilers\\Compiler.php:66)
[stacktrace]
#0 D:\\OSPanel\\domains\\asap-new-site-dev\\back\\vendor\\laravel\\framework\\src\\Illuminate\\View\\ViewServiceProvider.php(96): Illuminate\\View\\Compilers\\Compiler->__construct()
#1 D:\\OSPanel\\domains\\asap-new-site-dev\\back\\vendor\\laravel\\framework\\src\\Illuminate\\Container\\Container.php(910): Illuminate\\View\\ViewServiceProvider->Illuminate\\View\\{closure}()
#2 D:\\OSPanel\\domains\\asap-new-site-dev\\back\\vendor\\laravel\\framework\\src\\Illuminate\\Container\\Container.php(795): Illuminate\\Container\\Container->build()
#3 D:\\OSPanel\\domains\\asap-new-site-dev\\back\\vendor\\laravel\\framework\\src\\Illuminate\\Foundation\\Application.php(933): Illuminate\\Container\\Container->resolve()
#4 D:\\OSPanel\\domains\\asap-new-site-dev\\back\\vendor\\laravel\\framework\\src\\Illuminate\\Container\\Container.php(731): Illuminate\\Foundation\\Application->resolve()
#5 D:\\OSPanel\\domains\\asap-new-site-dev\\back\\vendor\\laravel\\framework\\src\\Illuminate\\Foundation\\Application.php(918): Illuminate\\Container\\Container->make()
#6 D:\\OSPanel\\domains\\asap-new-site-dev\\back\\vendor\\laravel\\framework\\src\\Illuminate\\Container\\Container.php(1456): Illuminate\\Foundation\\Application->make()
#7 D:\\OSPanel\\domains\\asap-new-site-dev\\back\\vendor\\laravel\\framework\\src\\Illuminate\\View\\ViewServiceProvider.php(164): Illuminate\\Container\\Container->offsetGet()
#8 [internal function]: Illuminate\\View\\ViewServiceProvider->Illuminate\\View\\{closure}()
#9 D:\\OSPanel\\domains\\asap-new-site-dev\\back\\vendor\\laravel\\framework\\src\\Illuminate\\View\\Engines\\EngineResolver.php(55): call_user_func()
#10 D:\\OSPanel\\domains\\asap-new-site-dev\\back\\vendor\\laravel\\framework\\src\\Illuminate\\View\\Factory.php(310): Illuminate\\View\\Engines\\EngineResolver->resolve()
#11 D:\\OSPanel\\domains\\asap-new-site-dev\\back\\vendor\\laravel\\framework\\src\\Illuminate\\View\\Factory.php(274): Illuminate\\View\\Factory->getEngineFromPath()
#12 D:\\OSPanel\\domains\\asap-new-site-dev\\back\\vendor\\laravel\\framework\\src\\Illuminate\\View\\Factory.php(146): Illuminate\\View\\Factory->viewInstance()
#13 D:\\OSPanel\\domains\\asap-new-site-dev\\back\\vendor\\laravel\\framework\\src\\Illuminate\\Routing\\ResponseFactory.php(87): Illuminate\\View\\Factory->make()
#14 D:\\OSPanel\\domains\\asap-new-site-dev\\back\\vendor\\laravel\\framework\\src\\Illuminate\\Foundation\\Exceptions\\Handler.php(645): Illuminate\\Routing\\ResponseFactory->view()
#15 D:\\OSPanel\\domains\\asap-new-site-dev\\back\\vendor\\laravel\\framework\\src\\Illuminate\\Foundation\\Exceptions\\Handler.php(573): Illuminate\\Foundation\\Exceptions\\Handler->renderHttpException()
#16 D:\\OSPanel\\domains\\asap-new-site-dev\\back\\vendor\\laravel\\framework\\src\\Illuminate\\Foundation\\Exceptions\\Handler.php(479): Illuminate\\Foundation\\Exceptions\\Handler->prepareResponse()
#17 D:\\OSPanel\\domains\\asap-new-site-dev\\back\\vendor\\laravel\\framework\\src\\Illuminate\\Foundation\\Exceptions\\Handler.php(396): Illuminate\\Foundation\\Exceptions\\Handler->renderExceptionResponse()
#18 D:\\OSPanel\\domains\\asap-new-site-dev\\back\\vendor\\laravel\\framework\\src\\Illuminate\\Routing\\Pipeline.php(51): Illuminate\\Foundation\\Exceptions\\Handler->render()
#19 D:\\OSPanel\\domains\\asap-new-site-dev\\back\\vendor\\laravel\\framework\\src\\Illuminate\\Pipeline\\Pipeline.php(185): Illuminate\\Routing\\Pipeline->handleException()
#20 D:\\OSPanel\\domains\\asap-new-site-dev\\back\\vendor\\laravel\\framework\\src\\Illuminate\\Foundation\\Http\\Middleware\\ValidatePostSize.php(27): Illuminate\\Pipeline\\Pipeline->Illuminate\\Pipeline\\{closure}()
#21 D:\\OSPanel\\domains\\asap-new-site-dev\\back\\vendor\\laravel\\framework\\src\\Illuminate\\Pipeline\\Pipeline.php(180): Illuminate\\Foundation\\Http\\Middleware\\ValidatePostSize->handle()
#22 D:\\OSPanel\\domains\\asap-new-site-dev\\back\\vendor\\laravel\\framework\\src\\Illuminate\\Foundation\\Http\\Middleware\\PreventRequestsDuringMaintenance.php(86): Illuminate\\Pipeline\\Pipeline->Illuminate\\Pipeline\\{closure}()
#23 D:\\OSPanel\\domains\\asap-new-site-dev\\back\\vendor\\laravel\\framework\\src\\Illuminate\\Pipeline\\Pipeline.php(180): Illuminate\\Foundation\\Http\\Middleware\\PreventRequestsDuringMaintenance->handle()
#24 D:\\OSPanel\\domains\\asap-new-site-dev\\back\\vendor\\laravel\\framework\\src\\Illuminate\\Http\\Middleware\\HandleCors.php(49): Illuminate\\Pipeline\\Pipeline->Illuminate\\Pipeline\\{closure}()
#25 D:\\OSPanel\\domains\\asap-new-site-dev\\back\\vendor\\laravel\\framework\\src\\Illuminate\\Pipeline\\Pipeline.php(180): Illuminate\\Http\\Middleware\\HandleCors->handle()
#26 D:\\OSPanel\\domains\\asap-new-site-dev\\back\\vendor\\laravel\\framework\\src\\Illuminate\\Http\\Middleware\\TrustProxies.php(39): Illuminate\\Pipeline\\Pipeline->Illuminate\\Pipeline\\{closure}()
#27 D:\\OSPanel\\domains\\asap-new-site-dev\\back\\vendor\\laravel\\framework\\src\\Illuminate\\Pipeline\\Pipeline.php(180): Illuminate\\Http\\Middleware\\TrustProxies->handle()
#28 D:\\OSPanel\\domains\\asap-new-site-dev\\back\\vendor\\laravel\\framework\\src\\Illuminate\\Pipeline\\Pipeline.php(116): Illuminate\\Pipeline\\Pipeline->Illuminate\\Pipeline\\{closure}()
#29 D:\\OSPanel\\domains\\asap-new-site-dev\\back\\vendor\\laravel\\framework\\src\\Illuminate\\Foundation\\Http\\Kernel.php(175): Illuminate\\Pipeline\\Pipeline->then()
#30 D:\\OSPanel\\domains\\asap-new-site-dev\\back\\vendor\\laravel\\framework\\src\\Illuminate\\Foundation\\Http\\Kernel.php(144): Illuminate\\Foundation\\Http\\Kernel->sendRequestThroughRouter()
#31 D:\\OSPanel\\domains\\asap-new-site-dev\\back\\public\\index.php(51): Illuminate\\Foundation\\Http\\Kernel->handle()
#32 D:\\OSPanel\\domains\\asap-new-site-dev\\back\\vendor\\laravel\\framework\\src\\Illuminate\\Foundation\\resources\\server.php(16): require_once('D:\\\\OSPanel\\\\doma...')
#33 {main}
"} 
[2024-11-16 10:12:58] production.ERROR: Please provide a valid cache path. {"exception":"[object] (InvalidArgumentException(code: 0): Please provide a valid cache path. at D:\\OSPanel\\domains\\asap-new-site-dev\\back\\vendor\\laravel\\framework\\src\\Illuminate\\View\\Compilers\\Compiler.php:66)
[stacktrace]
#0 D:\\OSPanel\\domains\\asap-new-site-dev\\back\\vendor\\laravel\\framework\\src\\Illuminate\\View\\ViewServiceProvider.php(96): Illuminate\\View\\Compilers\\Compiler->__construct()
#1 D:\\OSPanel\\domains\\asap-new-site-dev\\back\\vendor\\laravel\\framework\\src\\Illuminate\\Container\\Container.php(910): Illuminate\\View\\ViewServiceProvider->Illuminate\\View\\{closure}()
#2 D:\\OSPanel\\domains\\asap-new-site-dev\\back\\vendor\\laravel\\framework\\src\\Illuminate\\Container\\Container.php(795): Illuminate\\Container\\Container->build()
#3 D:\\OSPanel\\domains\\asap-new-site-dev\\back\\vendor\\laravel\\framework\\src\\Illuminate\\Foundation\\Application.php(933): Illuminate\\Container\\Container->resolve()
#4 D:\\OSPanel\\domains\\asap-new-site-dev\\back\\vendor\\laravel\\framework\\src\\Illuminate\\Container\\Container.php(731): Illuminate\\Foundation\\Application->resolve()
#5 D:\\OSPanel\\domains\\asap-new-site-dev\\back\\vendor\\laravel\\framework\\src\\Illuminate\\Foundation\\Application.php(918): Illuminate\\Container\\Container->make()
#6 D:\\OSPanel\\domains\\asap-new-site-dev\\back\\vendor\\laravel\\framework\\src\\Illuminate\\Container\\Container.php(1456): Illuminate\\Foundation\\Application->make()
#7 D:\\OSPanel\\domains\\asap-new-site-dev\\back\\vendor\\laravel\\framework\\src\\Illuminate\\View\\ViewServiceProvider.php(164): Illuminate\\Container\\Container->offsetGet()
#8 [internal function]: Illuminate\\View\\ViewServiceProvider->Illuminate\\View\\{closure}()
#9 D:\\OSPanel\\domains\\asap-new-site-dev\\back\\vendor\\laravel\\framework\\src\\Illuminate\\View\\Engines\\EngineResolver.php(55): call_user_func()
#10 D:\\OSPanel\\domains\\asap-new-site-dev\\back\\vendor\\laravel\\framework\\src\\Illuminate\\View\\Factory.php(310): Illuminate\\View\\Engines\\EngineResolver->resolve()
#11 D:\\OSPanel\\domains\\asap-new-site-dev\\back\\vendor\\laravel\\framework\\src\\Illuminate\\View\\Factory.php(274): Illuminate\\View\\Factory->getEngineFromPath()
#12 D:\\OSPanel\\domains\\asap-new-site-dev\\back\\vendor\\laravel\\framework\\src\\Illuminate\\View\\Factory.php(146): Illuminate\\View\\Factory->viewInstance()
#13 D:\\OSPanel\\domains\\asap-new-site-dev\\back\\vendor\\laravel\\framework\\src\\Illuminate\\Routing\\ResponseFactory.php(87): Illuminate\\View\\Factory->make()
#14 D:\\OSPanel\\domains\\asap-new-site-dev\\back\\vendor\\laravel\\framework\\src\\Illuminate\\Foundation\\Exceptions\\Handler.php(645): Illuminate\\Routing\\ResponseFactory->view()
#15 D:\\OSPanel\\domains\\asap-new-site-dev\\back\\vendor\\laravel\\framework\\src\\Illuminate\\Foundation\\Exceptions\\Handler.php(573): Illuminate\\Foundation\\Exceptions\\Handler->renderHttpException()
#16 D:\\OSPanel\\domains\\asap-new-site-dev\\back\\vendor\\laravel\\framework\\src\\Illuminate\\Foundation\\Exceptions\\Handler.php(479): Illuminate\\Foundation\\Exceptions\\Handler->prepareResponse()
#17 D:\\OSPanel\\domains\\asap-new-site-dev\\back\\vendor\\laravel\\framework\\src\\Illuminate\\Foundation\\Exceptions\\Handler.php(396): Illuminate\\Foundation\\Exceptions\\Handler->renderExceptionResponse()
#18 D:\\OSPanel\\domains\\asap-new-site-dev\\back\\vendor\\laravel\\framework\\src\\Illuminate\\Routing\\Pipeline.php(51): Illuminate\\Foundation\\Exceptions\\Handler->render()
#19 D:\\OSPanel\\domains\\asap-new-site-dev\\back\\vendor\\laravel\\framework\\src\\Illuminate\\Pipeline\\Pipeline.php(185): Illuminate\\Routing\\Pipeline->handleException()
#20 D:\\OSPanel\\domains\\asap-new-site-dev\\back\\vendor\\laravel\\framework\\src\\Illuminate\\Foundation\\Http\\Middleware\\PreventRequestsDuringMaintenance.php(86): Illuminate\\Pipeline\\Pipeline->Illuminate\\Pipeline\\{closure}()
#21 D:\\OSPanel\\domains\\asap-new-site-dev\\back\\vendor\\laravel\\framework\\src\\Illuminate\\Pipeline\\Pipeline.php(180): Illuminate\\Foundation\\Http\\Middleware\\PreventRequestsDuringMaintenance->handle()
#22 D:\\OSPanel\\domains\\asap-new-site-dev\\back\\vendor\\laravel\\framework\\src\\Illuminate\\Http\\Middleware\\HandleCors.php(49): Illuminate\\Pipeline\\Pipeline->Illuminate\\Pipeline\\{closure}()
#23 D:\\OSPanel\\domains\\asap-new-site-dev\\back\\vendor\\laravel\\framework\\src\\Illuminate\\Pipeline\\Pipeline.php(180): Illuminate\\Http\\Middleware\\HandleCors->handle()
#24 D:\\OSPanel\\domains\\asap-new-site-dev\\back\\vendor\\laravel\\framework\\src\\Illuminate\\Http\\Middleware\\TrustProxies.php(39): Illuminate\\Pipeline\\Pipeline->Illuminate\\Pipeline\\{closure}()
#25 D:\\OSPanel\\domains\\asap-new-site-dev\\back\\vendor\\laravel\\framework\\src\\Illuminate\\Pipeline\\Pipeline.php(180): Illuminate\\Http\\Middleware\\TrustProxies->handle()
#26 D:\\OSPanel\\domains\\asap-new-site-dev\\back\\vendor\\laravel\\framework\\src\\Illuminate\\Pipeline\\Pipeline.php(116): Illuminate\\Pipeline\\Pipeline->Illuminate\\Pipeline\\{closure}()
#27 D:\\OSPanel\\domains\\asap-new-site-dev\\back\\vendor\\laravel\\framework\\src\\Illuminate\\Foundation\\Http\\Kernel.php(175): Illuminate\\Pipeline\\Pipeline->then()
#28 D:\\OSPanel\\domains\\asap-new-site-dev\\back\\vendor\\laravel\\framework\\src\\Illuminate\\Foundation\\Http\\Kernel.php(144): Illuminate\\Foundation\\Http\\Kernel->sendRequestThroughRouter()
#29 D:\\OSPanel\\domains\\asap-new-site-dev\\back\\public\\index.php(51): Illuminate\\Foundation\\Http\\Kernel->handle()
#30 D:\\OSPanel\\domains\\asap-new-site-dev\\back\\vendor\\laravel\\framework\\src\\Illuminate\\Foundation\\resources\\server.php(16): require_once('D:\\\\OSPanel\\\\doma...')
#31 {main}
"} 
[2024-11-16 10:12:58] production.ERROR: Please provide a valid cache path. {"exception":"[object] (InvalidArgumentException(code: 0): Please provide a valid cache path. at D:\\OSPanel\\domains\\asap-new-site-dev\\back\\vendor\\laravel\\framework\\src\\Illuminate\\View\\Compilers\\Compiler.php:66)
[stacktrace]
#0 D:\\OSPanel\\domains\\asap-new-site-dev\\back\\vendor\\laravel\\framework\\src\\Illuminate\\View\\ViewServiceProvider.php(96): Illuminate\\View\\Compilers\\Compiler->__construct()
#1 D:\\OSPanel\\domains\\asap-new-site-dev\\back\\vendor\\laravel\\framework\\src\\Illuminate\\Container\\Container.php(910): Illuminate\\View\\ViewServiceProvider->Illuminate\\View\\{closure}()
#2 D:\\OSPanel\\domains\\asap-new-site-dev\\back\\vendor\\laravel\\framework\\src\\Illuminate\\Container\\Container.php(795): Illuminate\\Container\\Container->build()
#3 D:\\OSPanel\\domains\\asap-new-site-dev\\back\\vendor\\laravel\\framework\\src\\Illuminate\\Foundation\\Application.php(933): Illuminate\\Container\\Container->resolve()
#4 D:\\OSPanel\\domains\\asap-new-site-dev\\back\\vendor\\laravel\\framework\\src\\Illuminate\\Container\\Container.php(731): Illuminate\\Foundation\\Application->resolve()
#5 D:\\OSPanel\\domains\\asap-new-site-dev\\back\\vendor\\laravel\\framework\\src\\Illuminate\\Foundation\\Application.php(918): Illuminate\\Container\\Container->make()
#6 D:\\OSPanel\\domains\\asap-new-site-dev\\back\\vendor\\laravel\\framework\\src\\Illuminate\\Container\\Container.php(1456): Illuminate\\Foundation\\Application->make()
#7 D:\\OSPanel\\domains\\asap-new-site-dev\\back\\vendor\\laravel\\framework\\src\\Illuminate\\View\\ViewServiceProvider.php(164): Illuminate\\Container\\Container->offsetGet()
#8 [internal function]: Illuminate\\View\\ViewServiceProvider->Illuminate\\View\\{closure}()
#9 D:\\OSPanel\\domains\\asap-new-site-dev\\back\\vendor\\laravel\\framework\\src\\Illuminate\\View\\Engines\\EngineResolver.php(55): call_user_func()
#10 D:\\OSPanel\\domains\\asap-new-site-dev\\back\\vendor\\laravel\\framework\\src\\Illuminate\\View\\Factory.php(310): Illuminate\\View\\Engines\\EngineResolver->resolve()
#11 D:\\OSPanel\\domains\\asap-new-site-dev\\back\\vendor\\laravel\\framework\\src\\Illuminate\\View\\Factory.php(274): Illuminate\\View\\Factory->getEngineFromPath()
#12 D:\\OSPanel\\domains\\asap-new-site-dev\\back\\vendor\\laravel\\framework\\src\\Illuminate\\View\\Factory.php(146): Illuminate\\View\\Factory->viewInstance()
#13 D:\\OSPanel\\domains\\asap-new-site-dev\\back\\vendor\\laravel\\framework\\src\\Illuminate\\Routing\\ResponseFactory.php(87): Illuminate\\View\\Factory->make()
#14 D:\\OSPanel\\domains\\asap-new-site-dev\\back\\vendor\\laravel\\framework\\src\\Illuminate\\Foundation\\Exceptions\\Handler.php(645): Illuminate\\Routing\\ResponseFactory->view()
#15 D:\\OSPanel\\domains\\asap-new-site-dev\\back\\vendor\\laravel\\framework\\src\\Illuminate\\Foundation\\Exceptions\\Handler.php(573): Illuminate\\Foundation\\Exceptions\\Handler->renderHttpException()
#16 D:\\OSPanel\\domains\\asap-new-site-dev\\back\\vendor\\laravel\\framework\\src\\Illuminate\\Foundation\\Exceptions\\Handler.php(479): Illuminate\\Foundation\\Exceptions\\Handler->prepareResponse()
#17 D:\\OSPanel\\domains\\asap-new-site-dev\\back\\vendor\\laravel\\framework\\src\\Illuminate\\Foundation\\Exceptions\\Handler.php(396): Illuminate\\Foundation\\Exceptions\\Handler->renderExceptionResponse()
#18 D:\\OSPanel\\domains\\asap-new-site-dev\\back\\vendor\\laravel\\framework\\src\\Illuminate\\Routing\\Pipeline.php(51): Illuminate\\Foundation\\Exceptions\\Handler->render()
#19 D:\\OSPanel\\domains\\asap-new-site-dev\\back\\vendor\\laravel\\framework\\src\\Illuminate\\Pipeline\\Pipeline.php(185): Illuminate\\Routing\\Pipeline->handleException()
#20 D:\\OSPanel\\domains\\asap-new-site-dev\\back\\vendor\\laravel\\framework\\src\\Illuminate\\Http\\Middleware\\HandleCors.php(49): Illuminate\\Pipeline\\Pipeline->Illuminate\\Pipeline\\{closure}()
#21 D:\\OSPanel\\domains\\asap-new-site-dev\\back\\vendor\\laravel\\framework\\src\\Illuminate\\Pipeline\\Pipeline.php(180): Illuminate\\Http\\Middleware\\HandleCors->handle()
#22 D:\\OSPanel\\domains\\asap-new-site-dev\\back\\vendor\\laravel\\framework\\src\\Illuminate\\Http\\Middleware\\TrustProxies.php(39): Illuminate\\Pipeline\\Pipeline->Illuminate\\Pipeline\\{closure}()
#23 D:\\OSPanel\\domains\\asap-new-site-dev\\back\\vendor\\laravel\\framework\\src\\Illuminate\\Pipeline\\Pipeline.php(180): Illuminate\\Http\\Middleware\\TrustProxies->handle()
#24 D:\\OSPanel\\domains\\asap-new-site-dev\\back\\vendor\\laravel\\framework\\src\\Illuminate\\Pipeline\\Pipeline.php(116): Illuminate\\Pipeline\\Pipeline->Illuminate\\Pipeline\\{closure}()
#25 D:\\OSPanel\\domains\\asap-new-site-dev\\back\\vendor\\laravel\\framework\\src\\Illuminate\\Foundation\\Http\\Kernel.php(175): Illuminate\\Pipeline\\Pipeline->then()
#26 D:\\OSPanel\\domains\\asap-new-site-dev\\back\\vendor\\laravel\\framework\\src\\Illuminate\\Foundation\\Http\\Kernel.php(144): Illuminate\\Foundation\\Http\\Kernel->sendRequestThroughRouter()
#27 D:\\OSPanel\\domains\\asap-new-site-dev\\back\\public\\index.php(51): Illuminate\\Foundation\\Http\\Kernel->handle()
#28 D:\\OSPanel\\domains\\asap-new-site-dev\\back\\vendor\\laravel\\framework\\src\\Illuminate\\Foundation\\resources\\server.php(16): require_once('D:\\\\OSPanel\\\\doma...')
#29 {main}
"} 
[2024-11-16 10:12:58] production.ERROR: Please provide a valid cache path. {"exception":"[object] (InvalidArgumentException(code: 0): Please provide a valid cache path. at D:\\OSPanel\\domains\\asap-new-site-dev\\back\\vendor\\laravel\\framework\\src\\Illuminate\\View\\Compilers\\Compiler.php:66)
[stacktrace]
#0 D:\\OSPanel\\domains\\asap-new-site-dev\\back\\vendor\\laravel\\framework\\src\\Illuminate\\View\\ViewServiceProvider.php(96): Illuminate\\View\\Compilers\\Compiler->__construct()
#1 D:\\OSPanel\\domains\\asap-new-site-dev\\back\\vendor\\laravel\\framework\\src\\Illuminate\\Container\\Container.php(910): Illuminate\\View\\ViewServiceProvider->Illuminate\\View\\{closure}()
#2 D:\\OSPanel\\domains\\asap-new-site-dev\\back\\vendor\\laravel\\framework\\src\\Illuminate\\Container\\Container.php(795): Illuminate\\Container\\Container->build()
#3 D:\\OSPanel\\domains\\asap-new-site-dev\\back\\vendor\\laravel\\framework\\src\\Illuminate\\Foundation\\Application.php(933): Illuminate\\Container\\Container->resolve()
#4 D:\\OSPanel\\domains\\asap-new-site-dev\\back\\vendor\\laravel\\framework\\src\\Illuminate\\Container\\Container.php(731): Illuminate\\Foundation\\Application->resolve()
#5 D:\\OSPanel\\domains\\asap-new-site-dev\\back\\vendor\\laravel\\framework\\src\\Illuminate\\Foundation\\Application.php(918): Illuminate\\Container\\Container->make()
#6 D:\\OSPanel\\domains\\asap-new-site-dev\\back\\vendor\\laravel\\framework\\src\\Illuminate\\Container\\Container.php(1456): Illuminate\\Foundation\\Application->make()
#7 D:\\OSPanel\\domains\\asap-new-site-dev\\back\\vendor\\laravel\\framework\\src\\Illuminate\\View\\ViewServiceProvider.php(164): Illuminate\\Container\\Container->offsetGet()
#8 [internal function]: Illuminate\\View\\ViewServiceProvider->Illuminate\\View\\{closure}()
#9 D:\\OSPanel\\domains\\asap-new-site-dev\\back\\vendor\\laravel\\framework\\src\\Illuminate\\View\\Engines\\EngineResolver.php(55): call_user_func()
#10 D:\\OSPanel\\domains\\asap-new-site-dev\\back\\vendor\\laravel\\framework\\src\\Illuminate\\View\\Factory.php(310): Illuminate\\View\\Engines\\EngineResolver->resolve()
#11 D:\\OSPanel\\domains\\asap-new-site-dev\\back\\vendor\\laravel\\framework\\src\\Illuminate\\View\\Factory.php(274): Illuminate\\View\\Factory->getEngineFromPath()
#12 D:\\OSPanel\\domains\\asap-new-site-dev\\back\\vendor\\laravel\\framework\\src\\Illuminate\\View\\Factory.php(146): Illuminate\\View\\Factory->viewInstance()
#13 D:\\OSPanel\\domains\\asap-new-site-dev\\back\\vendor\\laravel\\framework\\src\\Illuminate\\Routing\\ResponseFactory.php(87): Illuminate\\View\\Factory->make()
#14 D:\\OSPanel\\domains\\asap-new-site-dev\\back\\vendor\\laravel\\framework\\src\\Illuminate\\Foundation\\Exceptions\\Handler.php(645): Illuminate\\Routing\\ResponseFactory->view()
#15 D:\\OSPanel\\domains\\asap-new-site-dev\\back\\vendor\\laravel\\framework\\src\\Illuminate\\Foundation\\Exceptions\\Handler.php(573): Illuminate\\Foundation\\Exceptions\\Handler->renderHttpException()
#16 D:\\OSPanel\\domains\\asap-new-site-dev\\back\\vendor\\laravel\\framework\\src\\Illuminate\\Foundation\\Exceptions\\Handler.php(479): Illuminate\\Foundation\\Exceptions\\Handler->prepareResponse()
#17 D:\\OSPanel\\domains\\asap-new-site-dev\\back\\vendor\\laravel\\framework\\src\\Illuminate\\Foundation\\Exceptions\\Handler.php(396): Illuminate\\Foundation\\Exceptions\\Handler->renderExceptionResponse()
#18 D:\\OSPanel\\domains\\asap-new-site-dev\\back\\vendor\\laravel\\framework\\src\\Illuminate\\Routing\\Pipeline.php(51): Illuminate\\Foundation\\Exceptions\\Handler->render()
#19 D:\\OSPanel\\domains\\asap-new-site-dev\\back\\vendor\\laravel\\framework\\src\\Illuminate\\Pipeline\\Pipeline.php(185): Illuminate\\Routing\\Pipeline->handleException()
#20 D:\\OSPanel\\domains\\asap-new-site-dev\\back\\vendor\\laravel\\framework\\src\\Illuminate\\Http\\Middleware\\TrustProxies.php(39): Illuminate\\Pipeline\\Pipeline->Illuminate\\Pipeline\\{closure}()
#21 D:\\OSPanel\\domains\\asap-new-site-dev\\back\\vendor\\laravel\\framework\\src\\Illuminate\\Pipeline\\Pipeline.php(180): Illuminate\\Http\\Middleware\\TrustProxies->handle()
#22 D:\\OSPanel\\domains\\asap-new-site-dev\\back\\vendor\\laravel\\framework\\src\\Illuminate\\Pipeline\\Pipeline.php(116): Illuminate\\Pipeline\\Pipeline->Illuminate\\Pipeline\\{closure}()
#23 D:\\OSPanel\\domains\\asap-new-site-dev\\back\\vendor\\laravel\\framework\\src\\Illuminate\\Foundation\\Http\\Kernel.php(175): Illuminate\\Pipeline\\Pipeline->then()
#24 D:\\OSPanel\\domains\\asap-new-site-dev\\back\\vendor\\laravel\\framework\\src\\Illuminate\\Foundation\\Http\\Kernel.php(144): Illuminate\\Foundation\\Http\\Kernel->sendRequestThroughRouter()
#25 D:\\OSPanel\\domains\\asap-new-site-dev\\back\\public\\index.php(51): Illuminate\\Foundation\\Http\\Kernel->handle()
#26 D:\\OSPanel\\domains\\asap-new-site-dev\\back\\vendor\\laravel\\framework\\src\\Illuminate\\Foundation\\resources\\server.php(16): require_once('D:\\\\OSPanel\\\\doma...')
#27 {main}
"} 
[2024-11-16 10:12:58] production.ERROR: Please provide a valid cache path. {"exception":"[object] (InvalidArgumentException(code: 0): Please provide a valid cache path. at D:\\OSPanel\\domains\\asap-new-site-dev\\back\\vendor\\laravel\\framework\\src\\Illuminate\\View\\Compilers\\Compiler.php:66)
[stacktrace]
#0 D:\\OSPanel\\domains\\asap-new-site-dev\\back\\vendor\\laravel\\framework\\src\\Illuminate\\View\\ViewServiceProvider.php(96): Illuminate\\View\\Compilers\\Compiler->__construct()
#1 D:\\OSPanel\\domains\\asap-new-site-dev\\back\\vendor\\laravel\\framework\\src\\Illuminate\\Container\\Container.php(910): Illuminate\\View\\ViewServiceProvider->Illuminate\\View\\{closure}()
#2 D:\\OSPanel\\domains\\asap-new-site-dev\\back\\vendor\\laravel\\framework\\src\\Illuminate\\Container\\Container.php(795): Illuminate\\Container\\Container->build()
#3 D:\\OSPanel\\domains\\asap-new-site-dev\\back\\vendor\\laravel\\framework\\src\\Illuminate\\Foundation\\Application.php(933): Illuminate\\Container\\Container->resolve()
#4 D:\\OSPanel\\domains\\asap-new-site-dev\\back\\vendor\\laravel\\framework\\src\\Illuminate\\Container\\Container.php(731): Illuminate\\Foundation\\Application->resolve()
#5 D:\\OSPanel\\domains\\asap-new-site-dev\\back\\vendor\\laravel\\framework\\src\\Illuminate\\Foundation\\Application.php(918): Illuminate\\Container\\Container->make()
#6 D:\\OSPanel\\domains\\asap-new-site-dev\\back\\vendor\\laravel\\framework\\src\\Illuminate\\Container\\Container.php(1456): Illuminate\\Foundation\\Application->make()
#7 D:\\OSPanel\\domains\\asap-new-site-dev\\back\\vendor\\laravel\\framework\\src\\Illuminate\\View\\ViewServiceProvider.php(164): Illuminate\\Container\\Container->offsetGet()
#8 [internal function]: Illuminate\\View\\ViewServiceProvider->Illuminate\\View\\{closure}()
#9 D:\\OSPanel\\domains\\asap-new-site-dev\\back\\vendor\\laravel\\framework\\src\\Illuminate\\View\\Engines\\EngineResolver.php(55): call_user_func()
#10 D:\\OSPanel\\domains\\asap-new-site-dev\\back\\vendor\\laravel\\framework\\src\\Illuminate\\View\\Factory.php(310): Illuminate\\View\\Engines\\EngineResolver->resolve()
#11 D:\\OSPanel\\domains\\asap-new-site-dev\\back\\vendor\\laravel\\framework\\src\\Illuminate\\View\\Factory.php(274): Illuminate\\View\\Factory->getEngineFromPath()
#12 D:\\OSPanel\\domains\\asap-new-site-dev\\back\\vendor\\laravel\\framework\\src\\Illuminate\\View\\Factory.php(146): Illuminate\\View\\Factory->viewInstance()
#13 D:\\OSPanel\\domains\\asap-new-site-dev\\back\\vendor\\laravel\\framework\\src\\Illuminate\\Routing\\ResponseFactory.php(87): Illuminate\\View\\Factory->make()
#14 D:\\OSPanel\\domains\\asap-new-site-dev\\back\\vendor\\laravel\\framework\\src\\Illuminate\\Foundation\\Exceptions\\Handler.php(645): Illuminate\\Routing\\ResponseFactory->view()
#15 D:\\OSPanel\\domains\\asap-new-site-dev\\back\\vendor\\laravel\\framework\\src\\Illuminate\\Foundation\\Exceptions\\Handler.php(573): Illuminate\\Foundation\\Exceptions\\Handler->renderHttpException()
#16 D:\\OSPanel\\domains\\asap-new-site-dev\\back\\vendor\\laravel\\framework\\src\\Illuminate\\Foundation\\Exceptions\\Handler.php(479): Illuminate\\Foundation\\Exceptions\\Handler->prepareResponse()
#17 D:\\OSPanel\\domains\\asap-new-site-dev\\back\\vendor\\laravel\\framework\\src\\Illuminate\\Foundation\\Exceptions\\Handler.php(396): Illuminate\\Foundation\\Exceptions\\Handler->renderExceptionResponse()
#18 D:\\OSPanel\\domains\\asap-new-site-dev\\back\\vendor\\laravel\\framework\\src\\Illuminate\\Routing\\Pipeline.php(51): Illuminate\\Foundation\\Exceptions\\Handler->render()
#19 D:\\OSPanel\\domains\\asap-new-site-dev\\back\\vendor\\laravel\\framework\\src\\Illuminate\\Pipeline\\Pipeline.php(185): Illuminate\\Routing\\Pipeline->handleException()
#20 D:\\OSPanel\\domains\\asap-new-site-dev\\back\\vendor\\laravel\\framework\\src\\Illuminate\\Pipeline\\Pipeline.php(116): Illuminate\\Pipeline\\Pipeline->Illuminate\\Pipeline\\{closure}()
#21 D:\\OSPanel\\domains\\asap-new-site-dev\\back\\vendor\\laravel\\framework\\src\\Illuminate\\Foundation\\Http\\Kernel.php(175): Illuminate\\Pipeline\\Pipeline->then()
#22 D:\\OSPanel\\domains\\asap-new-site-dev\\back\\vendor\\laravel\\framework\\src\\Illuminate\\Foundation\\Http\\Kernel.php(144): Illuminate\\Foundation\\Http\\Kernel->sendRequestThroughRouter()
#23 D:\\OSPanel\\domains\\asap-new-site-dev\\back\\public\\index.php(51): Illuminate\\Foundation\\Http\\Kernel->handle()
#24 D:\\OSPanel\\domains\\asap-new-site-dev\\back\\vendor\\laravel\\framework\\src\\Illuminate\\Foundation\\resources\\server.php(16): require_once('D:\\\\OSPanel\\\\doma...')
#25 {main}
"} 
[2024-11-16 10:12:58] production.ERROR: Please provide a valid cache path. {"exception":"[object] (InvalidArgumentException(code: 0): Please provide a valid cache path. at D:\\OSPanel\\domains\\asap-new-site-dev\\back\\vendor\\laravel\\framework\\src\\Illuminate\\View\\Compilers\\Compiler.php:66)
[stacktrace]
#0 D:\\OSPanel\\domains\\asap-new-site-dev\\back\\vendor\\laravel\\framework\\src\\Illuminate\\View\\ViewServiceProvider.php(96): Illuminate\\View\\Compilers\\Compiler->__construct()
#1 D:\\OSPanel\\domains\\asap-new-site-dev\\back\\vendor\\laravel\\framework\\src\\Illuminate\\Container\\Container.php(910): Illuminate\\View\\ViewServiceProvider->Illuminate\\View\\{closure}()
#2 D:\\OSPanel\\domains\\asap-new-site-dev\\back\\vendor\\laravel\\framework\\src\\Illuminate\\Container\\Container.php(795): Illuminate\\Container\\Container->build()
#3 D:\\OSPanel\\domains\\asap-new-site-dev\\back\\vendor\\laravel\\framework\\src\\Illuminate\\Foundation\\Application.php(933): Illuminate\\Container\\Container->resolve()
#4 D:\\OSPanel\\domains\\asap-new-site-dev\\back\\vendor\\laravel\\framework\\src\\Illuminate\\Container\\Container.php(731): Illuminate\\Foundation\\Application->resolve()
#5 D:\\OSPanel\\domains\\asap-new-site-dev\\back\\vendor\\laravel\\framework\\src\\Illuminate\\Foundation\\Application.php(918): Illuminate\\Container\\Container->make()
#6 D:\\OSPanel\\domains\\asap-new-site-dev\\back\\vendor\\laravel\\framework\\src\\Illuminate\\Container\\Container.php(1456): Illuminate\\Foundation\\Application->make()
#7 D:\\OSPanel\\domains\\asap-new-site-dev\\back\\vendor\\laravel\\framework\\src\\Illuminate\\View\\ViewServiceProvider.php(164): Illuminate\\Container\\Container->offsetGet()
#8 [internal function]: Illuminate\\View\\ViewServiceProvider->Illuminate\\View\\{closure}()
#9 D:\\OSPanel\\domains\\asap-new-site-dev\\back\\vendor\\laravel\\framework\\src\\Illuminate\\View\\Engines\\EngineResolver.php(55): call_user_func()
#10 D:\\OSPanel\\domains\\asap-new-site-dev\\back\\vendor\\laravel\\framework\\src\\Illuminate\\View\\Factory.php(310): Illuminate\\View\\Engines\\EngineResolver->resolve()
#11 D:\\OSPanel\\domains\\asap-new-site-dev\\back\\vendor\\laravel\\framework\\src\\Illuminate\\View\\Factory.php(274): Illuminate\\View\\Factory->getEngineFromPath()
#12 D:\\OSPanel\\domains\\asap-new-site-dev\\back\\vendor\\laravel\\framework\\src\\Illuminate\\View\\Factory.php(146): Illuminate\\View\\Factory->viewInstance()
#13 D:\\OSPanel\\domains\\asap-new-site-dev\\back\\vendor\\laravel\\framework\\src\\Illuminate\\Routing\\ResponseFactory.php(87): Illuminate\\View\\Factory->make()
#14 D:\\OSPanel\\domains\\asap-new-site-dev\\back\\vendor\\laravel\\framework\\src\\Illuminate\\Foundation\\Exceptions\\Handler.php(645): Illuminate\\Routing\\ResponseFactory->view()
#15 D:\\OSPanel\\domains\\asap-new-site-dev\\back\\vendor\\laravel\\framework\\src\\Illuminate\\Foundation\\Exceptions\\Handler.php(573): Illuminate\\Foundation\\Exceptions\\Handler->renderHttpException()
#16 D:\\OSPanel\\domains\\asap-new-site-dev\\back\\vendor\\laravel\\framework\\src\\Illuminate\\Foundation\\Exceptions\\Handler.php(479): Illuminate\\Foundation\\Exceptions\\Handler->prepareResponse()
#17 D:\\OSPanel\\domains\\asap-new-site-dev\\back\\vendor\\laravel\\framework\\src\\Illuminate\\Foundation\\Exceptions\\Handler.php(396): Illuminate\\Foundation\\Exceptions\\Handler->renderExceptionResponse()
#18 D:\\OSPanel\\domains\\asap-new-site-dev\\back\\vendor\\laravel\\framework\\src\\Illuminate\\Foundation\\Http\\Kernel.php(503): Illuminate\\Foundation\\Exceptions\\Handler->render()
#19 D:\\OSPanel\\domains\\asap-new-site-dev\\back\\vendor\\laravel\\framework\\src\\Illuminate\\Foundation\\Http\\Kernel.php(148): Illuminate\\Foundation\\Http\\Kernel->renderException()
#20 D:\\OSPanel\\domains\\asap-new-site-dev\\back\\public\\index.php(51): Illuminate\\Foundation\\Http\\Kernel->handle()
#21 D:\\OSPanel\\domains\\asap-new-site-dev\\back\\vendor\\laravel\\framework\\src\\Illuminate\\Foundation\\resources\\server.php(16): require_once('D:\\\\OSPanel\\\\doma...')
#22 {main}
"} 
[2024-11-16 10:12:58] production.ERROR: Uncaught InvalidArgumentException: Please provide a valid cache path. in D:\OSPanel\domains\asap-new-site-dev\back\vendor\laravel\framework\src\Illuminate\View\Compilers\Compiler.php:66
Stack trace:
#0 D:\OSPanel\domains\asap-new-site-dev\back\vendor\laravel\framework\src\Illuminate\View\ViewServiceProvider.php(96): Illuminate\View\Compilers\Compiler->__construct()
#1 D:\OSPanel\domains\asap-new-site-dev\back\vendor\laravel\framework\src\Illuminate\Container\Container.php(910): Illuminate\View\ViewServiceProvider->Illuminate\View\{closure}()
#2 D:\OSPanel\domains\asap-new-site-dev\back\vendor\laravel\framework\src\Illuminate\Container\Container.php(795): Illuminate\Container\Container->build()
#3 D:\OSPanel\domains\asap-new-site-dev\back\vendor\laravel\framework\src\Illuminate\Foundation\Application.php(933): Illuminate\Container\Container->resolve()
#4 D:\OSPanel\domains\asap-new-site-dev\back\vendor\laravel\framework\src\Illuminate\Container\Container.php(731): Illuminate\Foundation\Application->resolve()
#5 D:\OSPanel\domains\asap-new-site-dev\back\vendor\laravel\framework\src\Illuminate\Foundation\Application.php(918): Illuminate\Container\Container->make()
#6 D:\OSPanel\domains\asap-new-site-dev\back\vendor\laravel\framework\src\Illuminate\Container\Container.php(1456): Illuminate\Foundation\Application->make()
#7 D:\OSPanel\domains\asap-new-site-dev\back\vendor\laravel\framework\src\Illuminate\View\ViewServiceProvider.php(164): Illuminate\Container\Container->offsetGet()
#8 [internal function]: Illuminate\View\ViewServiceProvider->Illuminate\View\{closure}()
#9 D:\OSPanel\domains\asap-new-site-dev\back\vendor\laravel\framework\src\Illuminate\View\Engines\EngineResolver.php(55): call_user_func()
#10 D:\OSPanel\domains\asap-new-site-dev\back\vendor\laravel\framework\src\Illuminate\View\Factory.php(310): Illuminate\View\Engines\EngineResolver->resolve()
#11 D:\OSPanel\domains\asap-new-site-dev\back\vendor\laravel\framework\src\Illuminate\View\Factory.php(274): Illuminate\View\Factory->getEngineFromPath()
#12 D:\OSPanel\domains\asap-new-site-dev\back\vendor\laravel\framework\src\Illuminate\View\Factory.php(146): Illuminate\View\Factory->viewInstance()
#13 D:\OSPanel\domains\asap-new-site-dev\back\vendor\laravel\framework\src\Illuminate\Routing\ResponseFactory.php(87): Illuminate\View\Factory->make()
#14 D:\OSPanel\domains\asap-new-site-dev\back\vendor\laravel\framework\src\Illuminate\Foundation\Exceptions\Handler.php(645): Illuminate\Routing\ResponseFactory->view()
#15 D:\OSPanel\domains\asap-new-site-dev\back\vendor\laravel\framework\src\Illuminate\Foundation\Exceptions\Handler.php(573): Illuminate\Foundation\Exceptions\Handler->renderHttpException()
#16 D:\OSPanel\domains\asap-new-site-dev\back\vendor\laravel\framework\src\Illuminate\Foundation\Exceptions\Handler.php(479): Illuminate\Foundation\Exceptions\Handler->prepareResponse()
#17 D:\OSPanel\domains\asap-new-site-dev\back\vendor\laravel\framework\src\Illuminate\Foundation\Exceptions\Handler.php(396): Illuminate\Foundation\Exceptions\Handler->renderExceptionResponse()
#18 D:\OSPanel\domains\asap-new-site-dev\back\vendor\laravel\framework\src\Illuminate\Foundation\Bootstrap\HandleExceptions.php(217): Illuminate\Foundation\Exceptions\Handler->render()
#19 D:\OSPanel\domains\asap-new-site-dev\back\vendor\laravel\framework\src\Illuminate\Foundation\Bootstrap\HandleExceptions.php(194): Illuminate\Foundation\Bootstrap\HandleExceptions->renderHttpResponse()
#20 D:\OSPanel\domains\asap-new-site-dev\back\vendor\laravel\framework\src\Illuminate\Foundation\Bootstrap\HandleExceptions.php(254): Illuminate\Foundation\Bootstrap\HandleExceptions->handleException()
#21 [internal function]: Illuminate\Foundation\Bootstrap\HandleExceptions->Illuminate\Foundation\Bootstrap\{closure}()
#22 {main}
  thrown {"exception":"[object] (Symfony\\Component\\ErrorHandler\\Error\\FatalError(code: 0): Uncaught InvalidArgumentException: Please provide a valid cache path. in D:\\OSPanel\\domains\\asap-new-site-dev\\back\\vendor\\laravel\\framework\\src\\Illuminate\\View\\Compilers\\Compiler.php:66
Stack trace:
#0 D:\\OSPanel\\domains\\asap-new-site-dev\\back\\vendor\\laravel\\framework\\src\\Illuminate\\View\\ViewServiceProvider.php(96): Illuminate\\View\\Compilers\\Compiler->__construct()
#1 D:\\OSPanel\\domains\\asap-new-site-dev\\back\\vendor\\laravel\\framework\\src\\Illuminate\\Container\\Container.php(910): Illuminate\\View\\ViewServiceProvider->Illuminate\\View\\{closure}()
#2 D:\\OSPanel\\domains\\asap-new-site-dev\\back\\vendor\\laravel\\framework\\src\\Illuminate\\Container\\Container.php(795): Illuminate\\Container\\Container->build()
#3 D:\\OSPanel\\domains\\asap-new-site-dev\\back\\vendor\\laravel\\framework\\src\\Illuminate\\Foundation\\Application.php(933): Illuminate\\Container\\Container->resolve()
#4 D:\\OSPanel\\domains\\asap-new-site-dev\\back\\vendor\\laravel\\framework\\src\\Illuminate\\Container\\Container.php(731): Illuminate\\Foundation\\Application->resolve()
#5 D:\\OSPanel\\domains\\asap-new-site-dev\\back\\vendor\\laravel\\framework\\src\\Illuminate\\Foundation\\Application.php(918): Illuminate\\Container\\Container->make()
#6 D:\\OSPanel\\domains\\asap-new-site-dev\\back\\vendor\\laravel\\framework\\src\\Illuminate\\Container\\Container.php(1456): Illuminate\\Foundation\\Application->make()
#7 D:\\OSPanel\\domains\\asap-new-site-dev\\back\\vendor\\laravel\\framework\\src\\Illuminate\\View\\ViewServiceProvider.php(164): Illuminate\\Container\\Container->offsetGet()
#8 [internal function]: Illuminate\\View\\ViewServiceProvider->Illuminate\\View\\{closure}()
#9 D:\\OSPanel\\domains\\asap-new-site-dev\\back\\vendor\\laravel\\framework\\src\\Illuminate\\View\\Engines\\EngineResolver.php(55): call_user_func()
#10 D:\\OSPanel\\domains\\asap-new-site-dev\\back\\vendor\\laravel\\framework\\src\\Illuminate\\View\\Factory.php(310): Illuminate\\View\\Engines\\EngineResolver->resolve()
#11 D:\\OSPanel\\domains\\asap-new-site-dev\\back\\vendor\\laravel\\framework\\src\\Illuminate\\View\\Factory.php(274): Illuminate\\View\\Factory->getEngineFromPath()
#12 D:\\OSPanel\\domains\\asap-new-site-dev\\back\\vendor\\laravel\\framework\\src\\Illuminate\\View\\Factory.php(146): Illuminate\\View\\Factory->viewInstance()
#13 D:\\OSPanel\\domains\\asap-new-site-dev\\back\\vendor\\laravel\\framework\\src\\Illuminate\\Routing\\ResponseFactory.php(87): Illuminate\\View\\Factory->make()
#14 D:\\OSPanel\\domains\\asap-new-site-dev\\back\\vendor\\laravel\\framework\\src\\Illuminate\\Foundation\\Exceptions\\Handler.php(645): Illuminate\\Routing\\ResponseFactory->view()
#15 D:\\OSPanel\\domains\\asap-new-site-dev\\back\\vendor\\laravel\\framework\\src\\Illuminate\\Foundation\\Exceptions\\Handler.php(573): Illuminate\\Foundation\\Exceptions\\Handler->renderHttpException()
#16 D:\\OSPanel\\domains\\asap-new-site-dev\\back\\vendor\\laravel\\framework\\src\\Illuminate\\Foundation\\Exceptions\\Handler.php(479): Illuminate\\Foundation\\Exceptions\\Handler->prepareResponse()
#17 D:\\OSPanel\\domains\\asap-new-site-dev\\back\\vendor\\laravel\\framework\\src\\Illuminate\\Foundation\\Exceptions\\Handler.php(396): Illuminate\\Foundation\\Exceptions\\Handler->renderExceptionResponse()
#18 D:\\OSPanel\\domains\\asap-new-site-dev\\back\\vendor\\laravel\\framework\\src\\Illuminate\\Foundation\\Bootstrap\\HandleExceptions.php(217): Illuminate\\Foundation\\Exceptions\\Handler->render()
#19 D:\\OSPanel\\domains\\asap-new-site-dev\\back\\vendor\\laravel\\framework\\src\\Illuminate\\Foundation\\Bootstrap\\HandleExceptions.php(194): Illuminate\\Foundation\\Bootstrap\\HandleExceptions->renderHttpResponse()
#20 D:\\OSPanel\\domains\\asap-new-site-dev\\back\\vendor\\laravel\\framework\\src\\Illuminate\\Foundation\\Bootstrap\\HandleExceptions.php(254): Illuminate\\Foundation\\Bootstrap\\HandleExceptions->handleException()
#21 [internal function]: Illuminate\\Foundation\\Bootstrap\\HandleExceptions->Illuminate\\Foundation\\Bootstrap\\{closure}()
#22 {main}
  thrown at D:\\OSPanel\\domains\\asap-new-site-dev\\back\\vendor\\laravel\\framework\\src\\Illuminate\\View\\Compilers\\Compiler.php:66)
[stacktrace]
#0 {main}
"} 
[2024-11-16 11:25:52] production.ERROR: No application encryption key has been specified. {"exception":"[object] (Illuminate\\Encryption\\MissingAppKeyException(code: 0): No application encryption key has been specified. at D:\\OSPanel\\domains\\asap-new-site-dev\\back\\vendor\\laravel\\framework\\src\\Illuminate\\Encryption\\EncryptionServiceProvider.php:79)
[stacktrace]
#0 D:\\OSPanel\\domains\\asap-new-site-dev\\back\\vendor\\laravel\\framework\\src\\Illuminate\\Support\\helpers.php(307): Illuminate\\Encryption\\EncryptionServiceProvider->Illuminate\\Encryption\\{closure}()
#1 D:\\OSPanel\\domains\\asap-new-site-dev\\back\\vendor\\laravel\\framework\\src\\Illuminate\\Encryption\\EncryptionServiceProvider.php(77): tap()
#2 D:\\OSPanel\\domains\\asap-new-site-dev\\back\\vendor\\laravel\\framework\\src\\Illuminate\\Encryption\\EncryptionServiceProvider.php(60): Illuminate\\Encryption\\EncryptionServiceProvider->key()
#3 D:\\OSPanel\\domains\\asap-new-site-dev\\back\\vendor\\laravel\\framework\\src\\Illuminate\\Encryption\\EncryptionServiceProvider.php(32): Illuminate\\Encryption\\EncryptionServiceProvider->parseKey()
#4 D:\\OSPanel\\domains\\asap-new-site-dev\\back\\vendor\\laravel\\framework\\src\\Illuminate\\Container\\Container.php(910): Illuminate\\Encryption\\EncryptionServiceProvider->Illuminate\\Encryption\\{closure}()
#5 D:\\OSPanel\\domains\\asap-new-site-dev\\back\\vendor\\laravel\\framework\\src\\Illuminate\\Container\\Container.php(795): Illuminate\\Container\\Container->build()
#6 D:\\OSPanel\\domains\\asap-new-site-dev\\back\\vendor\\laravel\\framework\\src\\Illuminate\\Foundation\\Application.php(933): Illuminate\\Container\\Container->resolve()
#7 D:\\OSPanel\\domains\\asap-new-site-dev\\back\\vendor\\laravel\\framework\\src\\Illuminate\\Container\\Container.php(731): Illuminate\\Foundation\\Application->resolve()
#8 D:\\OSPanel\\domains\\asap-new-site-dev\\back\\vendor\\laravel\\framework\\src\\Illuminate\\Foundation\\Application.php(918): Illuminate\\Container\\Container->make()
#9 D:\\OSPanel\\domains\\asap-new-site-dev\\back\\vendor\\laravel\\framework\\src\\Illuminate\\Container\\Container.php(1068): Illuminate\\Foundation\\Application->make()
#10 D:\\OSPanel\\domains\\asap-new-site-dev\\back\\vendor\\laravel\\framework\\src\\Illuminate\\Container\\Container.php(984): Illuminate\\Container\\Container->resolveClass()
#11 D:\\OSPanel\\domains\\asap-new-site-dev\\back\\vendor\\laravel\\framework\\src\\Illuminate\\Container\\Container.php(945): Illuminate\\Container\\Container->resolveDependencies()
#12 D:\\OSPanel\\domains\\asap-new-site-dev\\back\\vendor\\laravel\\framework\\src\\Illuminate\\Container\\Container.php(795): Illuminate\\Container\\Container->build()
#13 D:\\OSPanel\\domains\\asap-new-site-dev\\back\\vendor\\laravel\\framework\\src\\Illuminate\\Foundation\\Application.php(933): Illuminate\\Container\\Container->resolve()
#14 D:\\OSPanel\\domains\\asap-new-site-dev\\back\\vendor\\laravel\\framework\\src\\Illuminate\\Container\\Container.php(731): Illuminate\\Foundation\\Application->resolve()
#15 D:\\OSPanel\\domains\\asap-new-site-dev\\back\\vendor\\laravel\\framework\\src\\Illuminate\\Foundation\\Application.php(918): Illuminate\\Container\\Container->make()
#16 D:\\OSPanel\\domains\\asap-new-site-dev\\back\\vendor\\laravel\\framework\\src\\Illuminate\\Pipeline\\Pipeline.php(169): Illuminate\\Foundation\\Application->make()
#17 D:\\OSPanel\\domains\\asap-new-site-dev\\back\\vendor\\laravel\\framework\\src\\Illuminate\\Pipeline\\Pipeline.php(116): Illuminate\\Pipeline\\Pipeline->Illuminate\\Pipeline\\{closure}()
#18 D:\\OSPanel\\domains\\asap-new-site-dev\\back\\vendor\\laravel\\framework\\src\\Illuminate\\Routing\\Router.php(798): Illuminate\\Pipeline\\Pipeline->then()
#19 D:\\OSPanel\\domains\\asap-new-site-dev\\back\\vendor\\laravel\\framework\\src\\Illuminate\\Routing\\Router.php(777): Illuminate\\Routing\\Router->runRouteWithinStack()
#20 D:\\OSPanel\\domains\\asap-new-site-dev\\back\\vendor\\laravel\\framework\\src\\Illuminate\\Routing\\Router.php(741): Illuminate\\Routing\\Router->runRoute()
#21 D:\\OSPanel\\domains\\asap-new-site-dev\\back\\vendor\\laravel\\framework\\src\\Illuminate\\Routing\\Router.php(730): Illuminate\\Routing\\Router->dispatchToRoute()
#22 D:\\OSPanel\\domains\\asap-new-site-dev\\back\\vendor\\laravel\\framework\\src\\Illuminate\\Foundation\\Http\\Kernel.php(200): Illuminate\\Routing\\Router->dispatch()
#23 D:\\OSPanel\\domains\\asap-new-site-dev\\back\\vendor\\laravel\\framework\\src\\Illuminate\\Pipeline\\Pipeline.php(141): Illuminate\\Foundation\\Http\\Kernel->Illuminate\\Foundation\\Http\\{closure}()
#24 D:\\OSPanel\\domains\\asap-new-site-dev\\back\\vendor\\laravel\\framework\\src\\Illuminate\\Foundation\\Http\\Middleware\\TransformsRequest.php(21): Illuminate\\Pipeline\\Pipeline->Illuminate\\Pipeline\\{closure}()
#25 D:\\OSPanel\\domains\\asap-new-site-dev\\back\\vendor\\laravel\\framework\\src\\Illuminate\\Foundation\\Http\\Middleware\\ConvertEmptyStringsToNull.php(31): Illuminate\\Foundation\\Http\\Middleware\\TransformsRequest->handle()
#26 D:\\OSPanel\\domains\\asap-new-site-dev\\back\\vendor\\laravel\\framework\\src\\Illuminate\\Pipeline\\Pipeline.php(180): Illuminate\\Foundation\\Http\\Middleware\\ConvertEmptyStringsToNull->handle()
#27 D:\\OSPanel\\domains\\asap-new-site-dev\\back\\vendor\\laravel\\framework\\src\\Illuminate\\Foundation\\Http\\Middleware\\TransformsRequest.php(21): Illuminate\\Pipeline\\Pipeline->Illuminate\\Pipeline\\{closure}()
#28 D:\\OSPanel\\domains\\asap-new-site-dev\\back\\vendor\\laravel\\framework\\src\\Illuminate\\Foundation\\Http\\Middleware\\TrimStrings.php(40): Illuminate\\Foundation\\Http\\Middleware\\TransformsRequest->handle()
#29 D:\\OSPanel\\domains\\asap-new-site-dev\\back\\vendor\\laravel\\framework\\src\\Illuminate\\Pipeline\\Pipeline.php(180): Illuminate\\Foundation\\Http\\Middleware\\TrimStrings->handle()
#30 D:\\OSPanel\\domains\\asap-new-site-dev\\back\\vendor\\laravel\\framework\\src\\Illuminate\\Foundation\\Http\\Middleware\\ValidatePostSize.php(27): Illuminate\\Pipeline\\Pipeline->Illuminate\\Pipeline\\{closure}()
#31 D:\\OSPanel\\domains\\asap-new-site-dev\\back\\vendor\\laravel\\framework\\src\\Illuminate\\Pipeline\\Pipeline.php(180): Illuminate\\Foundation\\Http\\Middleware\\ValidatePostSize->handle()
#32 D:\\OSPanel\\domains\\asap-new-site-dev\\back\\vendor\\laravel\\framework\\src\\Illuminate\\Foundation\\Http\\Middleware\\PreventRequestsDuringMaintenance.php(86): Illuminate\\Pipeline\\Pipeline->Illuminate\\Pipeline\\{closure}()
#33 D:\\OSPanel\\domains\\asap-new-site-dev\\back\\vendor\\laravel\\framework\\src\\Illuminate\\Pipeline\\Pipeline.php(180): Illuminate\\Foundation\\Http\\Middleware\\PreventRequestsDuringMaintenance->handle()
#34 D:\\OSPanel\\domains\\asap-new-site-dev\\back\\vendor\\laravel\\framework\\src\\Illuminate\\Http\\Middleware\\HandleCors.php(49): Illuminate\\Pipeline\\Pipeline->Illuminate\\Pipeline\\{closure}()
#35 D:\\OSPanel\\domains\\asap-new-site-dev\\back\\vendor\\laravel\\framework\\src\\Illuminate\\Pipeline\\Pipeline.php(180): Illuminate\\Http\\Middleware\\HandleCors->handle()
#36 D:\\OSPanel\\domains\\asap-new-site-dev\\back\\vendor\\laravel\\framework\\src\\Illuminate\\Http\\Middleware\\TrustProxies.php(39): Illuminate\\Pipeline\\Pipeline->Illuminate\\Pipeline\\{closure}()
#37 D:\\OSPanel\\domains\\asap-new-site-dev\\back\\vendor\\laravel\\framework\\src\\Illuminate\\Pipeline\\Pipeline.php(180): Illuminate\\Http\\Middleware\\TrustProxies->handle()
#38 D:\\OSPanel\\domains\\asap-new-site-dev\\back\\vendor\\laravel\\framework\\src\\Illuminate\\Pipeline\\Pipeline.php(116): Illuminate\\Pipeline\\Pipeline->Illuminate\\Pipeline\\{closure}()
#39 D:\\OSPanel\\domains\\asap-new-site-dev\\back\\vendor\\laravel\\framework\\src\\Illuminate\\Foundation\\Http\\Kernel.php(175): Illuminate\\Pipeline\\Pipeline->then()
#40 D:\\OSPanel\\domains\\asap-new-site-dev\\back\\vendor\\laravel\\framework\\src\\Illuminate\\Foundation\\Http\\Kernel.php(144): Illuminate\\Foundation\\Http\\Kernel->sendRequestThroughRouter()
#41 D:\\OSPanel\\domains\\asap-new-site-dev\\back\\public\\index.php(51): Illuminate\\Foundation\\Http\\Kernel->handle()
#42 D:\\OSPanel\\domains\\asap-new-site-dev\\back\\vendor\\laravel\\framework\\src\\Illuminate\\Foundation\\resources\\server.php(16): require_once('D:\\\\OSPanel\\\\doma...')
#43 {main}
"} 
[2024-11-16 11:25:52] production.ERROR: Please provide a valid cache path. {"exception":"[object] (InvalidArgumentException(code: 0): Please provide a valid cache path. at D:\\OSPanel\\domains\\asap-new-site-dev\\back\\vendor\\laravel\\framework\\src\\Illuminate\\View\\Compilers\\Compiler.php:66)
[stacktrace]
#0 D:\\OSPanel\\domains\\asap-new-site-dev\\back\\vendor\\laravel\\framework\\src\\Illuminate\\View\\ViewServiceProvider.php(96): Illuminate\\View\\Compilers\\Compiler->__construct()
#1 D:\\OSPanel\\domains\\asap-new-site-dev\\back\\vendor\\laravel\\framework\\src\\Illuminate\\Container\\Container.php(910): Illuminate\\View\\ViewServiceProvider->Illuminate\\View\\{closure}()
#2 D:\\OSPanel\\domains\\asap-new-site-dev\\back\\vendor\\laravel\\framework\\src\\Illuminate\\Container\\Container.php(795): Illuminate\\Container\\Container->build()
#3 D:\\OSPanel\\domains\\asap-new-site-dev\\back\\vendor\\laravel\\framework\\src\\Illuminate\\Foundation\\Application.php(933): Illuminate\\Container\\Container->resolve()
#4 D:\\OSPanel\\domains\\asap-new-site-dev\\back\\vendor\\laravel\\framework\\src\\Illuminate\\Container\\Container.php(731): Illuminate\\Foundation\\Application->resolve()
#5 D:\\OSPanel\\domains\\asap-new-site-dev\\back\\vendor\\laravel\\framework\\src\\Illuminate\\Foundation\\Application.php(918): Illuminate\\Container\\Container->make()
#6 D:\\OSPanel\\domains\\asap-new-site-dev\\back\\vendor\\laravel\\framework\\src\\Illuminate\\Container\\Container.php(1456): Illuminate\\Foundation\\Application->make()
#7 D:\\OSPanel\\domains\\asap-new-site-dev\\back\\vendor\\laravel\\framework\\src\\Illuminate\\View\\ViewServiceProvider.php(164): Illuminate\\Container\\Container->offsetGet()
#8 [internal function]: Illuminate\\View\\ViewServiceProvider->Illuminate\\View\\{closure}()
#9 D:\\OSPanel\\domains\\asap-new-site-dev\\back\\vendor\\laravel\\framework\\src\\Illuminate\\View\\Engines\\EngineResolver.php(55): call_user_func()
#10 D:\\OSPanel\\domains\\asap-new-site-dev\\back\\vendor\\laravel\\framework\\src\\Illuminate\\View\\Factory.php(310): Illuminate\\View\\Engines\\EngineResolver->resolve()
#11 D:\\OSPanel\\domains\\asap-new-site-dev\\back\\vendor\\laravel\\framework\\src\\Illuminate\\View\\Factory.php(274): Illuminate\\View\\Factory->getEngineFromPath()
#12 D:\\OSPanel\\domains\\asap-new-site-dev\\back\\vendor\\laravel\\framework\\src\\Illuminate\\View\\Factory.php(146): Illuminate\\View\\Factory->viewInstance()
#13 D:\\OSPanel\\domains\\asap-new-site-dev\\back\\vendor\\laravel\\framework\\src\\Illuminate\\Routing\\ResponseFactory.php(87): Illuminate\\View\\Factory->make()
#14 D:\\OSPanel\\domains\\asap-new-site-dev\\back\\vendor\\laravel\\framework\\src\\Illuminate\\Foundation\\Exceptions\\Handler.php(645): Illuminate\\Routing\\ResponseFactory->view()
#15 D:\\OSPanel\\domains\\asap-new-site-dev\\back\\vendor\\laravel\\framework\\src\\Illuminate\\Foundation\\Exceptions\\Handler.php(573): Illuminate\\Foundation\\Exceptions\\Handler->renderHttpException()
#16 D:\\OSPanel\\domains\\asap-new-site-dev\\back\\vendor\\laravel\\framework\\src\\Illuminate\\Foundation\\Exceptions\\Handler.php(479): Illuminate\\Foundation\\Exceptions\\Handler->prepareResponse()
#17 D:\\OSPanel\\domains\\asap-new-site-dev\\back\\vendor\\laravel\\framework\\src\\Illuminate\\Foundation\\Exceptions\\Handler.php(396): Illuminate\\Foundation\\Exceptions\\Handler->renderExceptionResponse()
#18 D:\\OSPanel\\domains\\asap-new-site-dev\\back\\vendor\\laravel\\framework\\src\\Illuminate\\Routing\\Pipeline.php(51): Illuminate\\Foundation\\Exceptions\\Handler->render()
#19 D:\\OSPanel\\domains\\asap-new-site-dev\\back\\vendor\\laravel\\framework\\src\\Illuminate\\Pipeline\\Pipeline.php(185): Illuminate\\Routing\\Pipeline->handleException()
#20 D:\\OSPanel\\domains\\asap-new-site-dev\\back\\vendor\\laravel\\framework\\src\\Illuminate\\Pipeline\\Pipeline.php(116): Illuminate\\Pipeline\\Pipeline->Illuminate\\Pipeline\\{closure}()
#21 D:\\OSPanel\\domains\\asap-new-site-dev\\back\\vendor\\laravel\\framework\\src\\Illuminate\\Routing\\Router.php(798): Illuminate\\Pipeline\\Pipeline->then()
#22 D:\\OSPanel\\domains\\asap-new-site-dev\\back\\vendor\\laravel\\framework\\src\\Illuminate\\Routing\\Router.php(777): Illuminate\\Routing\\Router->runRouteWithinStack()
#23 D:\\OSPanel\\domains\\asap-new-site-dev\\back\\vendor\\laravel\\framework\\src\\Illuminate\\Routing\\Router.php(741): Illuminate\\Routing\\Router->runRoute()
#24 D:\\OSPanel\\domains\\asap-new-site-dev\\back\\vendor\\laravel\\framework\\src\\Illuminate\\Routing\\Router.php(730): Illuminate\\Routing\\Router->dispatchToRoute()
#25 D:\\OSPanel\\domains\\asap-new-site-dev\\back\\vendor\\laravel\\framework\\src\\Illuminate\\Foundation\\Http\\Kernel.php(200): Illuminate\\Routing\\Router->dispatch()
#26 D:\\OSPanel\\domains\\asap-new-site-dev\\back\\vendor\\laravel\\framework\\src\\Illuminate\\Pipeline\\Pipeline.php(141): Illuminate\\Foundation\\Http\\Kernel->Illuminate\\Foundation\\Http\\{closure}()
#27 D:\\OSPanel\\domains\\asap-new-site-dev\\back\\vendor\\laravel\\framework\\src\\Illuminate\\Foundation\\Http\\Middleware\\TransformsRequest.php(21): Illuminate\\Pipeline\\Pipeline->Illuminate\\Pipeline\\{closure}()
#28 D:\\OSPanel\\domains\\asap-new-site-dev\\back\\vendor\\laravel\\framework\\src\\Illuminate\\Foundation\\Http\\Middleware\\ConvertEmptyStringsToNull.php(31): Illuminate\\Foundation\\Http\\Middleware\\TransformsRequest->handle()
#29 D:\\OSPanel\\domains\\asap-new-site-dev\\back\\vendor\\laravel\\framework\\src\\Illuminate\\Pipeline\\Pipeline.php(180): Illuminate\\Foundation\\Http\\Middleware\\ConvertEmptyStringsToNull->handle()
#30 D:\\OSPanel\\domains\\asap-new-site-dev\\back\\vendor\\laravel\\framework\\src\\Illuminate\\Foundation\\Http\\Middleware\\TransformsRequest.php(21): Illuminate\\Pipeline\\Pipeline->Illuminate\\Pipeline\\{closure}()
#31 D:\\OSPanel\\domains\\asap-new-site-dev\\back\\vendor\\laravel\\framework\\src\\Illuminate\\Foundation\\Http\\Middleware\\TrimStrings.php(40): Illuminate\\Foundation\\Http\\Middleware\\TransformsRequest->handle()
#32 D:\\OSPanel\\domains\\asap-new-site-dev\\back\\vendor\\laravel\\framework\\src\\Illuminate\\Pipeline\\Pipeline.php(180): Illuminate\\Foundation\\Http\\Middleware\\TrimStrings->handle()
#33 D:\\OSPanel\\domains\\asap-new-site-dev\\back\\vendor\\laravel\\framework\\src\\Illuminate\\Foundation\\Http\\Middleware\\ValidatePostSize.php(27): Illuminate\\Pipeline\\Pipeline->Illuminate\\Pipeline\\{closure}()
#34 D:\\OSPanel\\domains\\asap-new-site-dev\\back\\vendor\\laravel\\framework\\src\\Illuminate\\Pipeline\\Pipeline.php(180): Illuminate\\Foundation\\Http\\Middleware\\ValidatePostSize->handle()
#35 D:\\OSPanel\\domains\\asap-new-site-dev\\back\\vendor\\laravel\\framework\\src\\Illuminate\\Foundation\\Http\\Middleware\\PreventRequestsDuringMaintenance.php(86): Illuminate\\Pipeline\\Pipeline->Illuminate\\Pipeline\\{closure}()
#36 D:\\OSPanel\\domains\\asap-new-site-dev\\back\\vendor\\laravel\\framework\\src\\Illuminate\\Pipeline\\Pipeline.php(180): Illuminate\\Foundation\\Http\\Middleware\\PreventRequestsDuringMaintenance->handle()
#37 D:\\OSPanel\\domains\\asap-new-site-dev\\back\\vendor\\laravel\\framework\\src\\Illuminate\\Http\\Middleware\\HandleCors.php(49): Illuminate\\Pipeline\\Pipeline->Illuminate\\Pipeline\\{closure}()
#38 D:\\OSPanel\\domains\\asap-new-site-dev\\back\\vendor\\laravel\\framework\\src\\Illuminate\\Pipeline\\Pipeline.php(180): Illuminate\\Http\\Middleware\\HandleCors->handle()
#39 D:\\OSPanel\\domains\\asap-new-site-dev\\back\\vendor\\laravel\\framework\\src\\Illuminate\\Http\\Middleware\\TrustProxies.php(39): Illuminate\\Pipeline\\Pipeline->Illuminate\\Pipeline\\{closure}()
#40 D:\\OSPanel\\domains\\asap-new-site-dev\\back\\vendor\\laravel\\framework\\src\\Illuminate\\Pipeline\\Pipeline.php(180): Illuminate\\Http\\Middleware\\TrustProxies->handle()
#41 D:\\OSPanel\\domains\\asap-new-site-dev\\back\\vendor\\laravel\\framework\\src\\Illuminate\\Pipeline\\Pipeline.php(116): Illuminate\\Pipeline\\Pipeline->Illuminate\\Pipeline\\{closure}()
#42 D:\\OSPanel\\domains\\asap-new-site-dev\\back\\vendor\\laravel\\framework\\src\\Illuminate\\Foundation\\Http\\Kernel.php(175): Illuminate\\Pipeline\\Pipeline->then()
#43 D:\\OSPanel\\domains\\asap-new-site-dev\\back\\vendor\\laravel\\framework\\src\\Illuminate\\Foundation\\Http\\Kernel.php(144): Illuminate\\Foundation\\Http\\Kernel->sendRequestThroughRouter()
#44 D:\\OSPanel\\domains\\asap-new-site-dev\\back\\public\\index.php(51): Illuminate\\Foundation\\Http\\Kernel->handle()
#45 D:\\OSPanel\\domains\\asap-new-site-dev\\back\\vendor\\laravel\\framework\\src\\Illuminate\\Foundation\\resources\\server.php(16): require_once('D:\\\\OSPanel\\\\doma...')
#46 {main}
"} 
[2024-11-16 11:25:52] production.ERROR: Please provide a valid cache path. {"exception":"[object] (InvalidArgumentException(code: 0): Please provide a valid cache path. at D:\\OSPanel\\domains\\asap-new-site-dev\\back\\vendor\\laravel\\framework\\src\\Illuminate\\View\\Compilers\\Compiler.php:66)
[stacktrace]
#0 D:\\OSPanel\\domains\\asap-new-site-dev\\back\\vendor\\laravel\\framework\\src\\Illuminate\\View\\ViewServiceProvider.php(96): Illuminate\\View\\Compilers\\Compiler->__construct()
#1 D:\\OSPanel\\domains\\asap-new-site-dev\\back\\vendor\\laravel\\framework\\src\\Illuminate\\Container\\Container.php(910): Illuminate\\View\\ViewServiceProvider->Illuminate\\View\\{closure}()
#2 D:\\OSPanel\\domains\\asap-new-site-dev\\back\\vendor\\laravel\\framework\\src\\Illuminate\\Container\\Container.php(795): Illuminate\\Container\\Container->build()
#3 D:\\OSPanel\\domains\\asap-new-site-dev\\back\\vendor\\laravel\\framework\\src\\Illuminate\\Foundation\\Application.php(933): Illuminate\\Container\\Container->resolve()
#4 D:\\OSPanel\\domains\\asap-new-site-dev\\back\\vendor\\laravel\\framework\\src\\Illuminate\\Container\\Container.php(731): Illuminate\\Foundation\\Application->resolve()
#5 D:\\OSPanel\\domains\\asap-new-site-dev\\back\\vendor\\laravel\\framework\\src\\Illuminate\\Foundation\\Application.php(918): Illuminate\\Container\\Container->make()
#6 D:\\OSPanel\\domains\\asap-new-site-dev\\back\\vendor\\laravel\\framework\\src\\Illuminate\\Container\\Container.php(1456): Illuminate\\Foundation\\Application->make()
#7 D:\\OSPanel\\domains\\asap-new-site-dev\\back\\vendor\\laravel\\framework\\src\\Illuminate\\View\\ViewServiceProvider.php(164): Illuminate\\Container\\Container->offsetGet()
#8 [internal function]: Illuminate\\View\\ViewServiceProvider->Illuminate\\View\\{closure}()
#9 D:\\OSPanel\\domains\\asap-new-site-dev\\back\\vendor\\laravel\\framework\\src\\Illuminate\\View\\Engines\\EngineResolver.php(55): call_user_func()
#10 D:\\OSPanel\\domains\\asap-new-site-dev\\back\\vendor\\laravel\\framework\\src\\Illuminate\\View\\Factory.php(310): Illuminate\\View\\Engines\\EngineResolver->resolve()
#11 D:\\OSPanel\\domains\\asap-new-site-dev\\back\\vendor\\laravel\\framework\\src\\Illuminate\\View\\Factory.php(274): Illuminate\\View\\Factory->getEngineFromPath()
#12 D:\\OSPanel\\domains\\asap-new-site-dev\\back\\vendor\\laravel\\framework\\src\\Illuminate\\View\\Factory.php(146): Illuminate\\View\\Factory->viewInstance()
#13 D:\\OSPanel\\domains\\asap-new-site-dev\\back\\vendor\\laravel\\framework\\src\\Illuminate\\Routing\\ResponseFactory.php(87): Illuminate\\View\\Factory->make()
#14 D:\\OSPanel\\domains\\asap-new-site-dev\\back\\vendor\\laravel\\framework\\src\\Illuminate\\Foundation\\Exceptions\\Handler.php(645): Illuminate\\Routing\\ResponseFactory->view()
#15 D:\\OSPanel\\domains\\asap-new-site-dev\\back\\vendor\\laravel\\framework\\src\\Illuminate\\Foundation\\Exceptions\\Handler.php(573): Illuminate\\Foundation\\Exceptions\\Handler->renderHttpException()
#16 D:\\OSPanel\\domains\\asap-new-site-dev\\back\\vendor\\laravel\\framework\\src\\Illuminate\\Foundation\\Exceptions\\Handler.php(479): Illuminate\\Foundation\\Exceptions\\Handler->prepareResponse()
#17 D:\\OSPanel\\domains\\asap-new-site-dev\\back\\vendor\\laravel\\framework\\src\\Illuminate\\Foundation\\Exceptions\\Handler.php(396): Illuminate\\Foundation\\Exceptions\\Handler->renderExceptionResponse()
#18 D:\\OSPanel\\domains\\asap-new-site-dev\\back\\vendor\\laravel\\framework\\src\\Illuminate\\Routing\\Pipeline.php(51): Illuminate\\Foundation\\Exceptions\\Handler->render()
#19 D:\\OSPanel\\domains\\asap-new-site-dev\\back\\vendor\\laravel\\framework\\src\\Illuminate\\Pipeline\\Pipeline.php(143): Illuminate\\Routing\\Pipeline->handleException()
#20 D:\\OSPanel\\domains\\asap-new-site-dev\\back\\vendor\\laravel\\framework\\src\\Illuminate\\Foundation\\Http\\Middleware\\TransformsRequest.php(21): Illuminate\\Pipeline\\Pipeline->Illuminate\\Pipeline\\{closure}()
#21 D:\\OSPanel\\domains\\asap-new-site-dev\\back\\vendor\\laravel\\framework\\src\\Illuminate\\Foundation\\Http\\Middleware\\ConvertEmptyStringsToNull.php(31): Illuminate\\Foundation\\Http\\Middleware\\TransformsRequest->handle()
#22 D:\\OSPanel\\domains\\asap-new-site-dev\\back\\vendor\\laravel\\framework\\src\\Illuminate\\Pipeline\\Pipeline.php(180): Illuminate\\Foundation\\Http\\Middleware\\ConvertEmptyStringsToNull->handle()
#23 D:\\OSPanel\\domains\\asap-new-site-dev\\back\\vendor\\laravel\\framework\\src\\Illuminate\\Foundation\\Http\\Middleware\\TransformsRequest.php(21): Illuminate\\Pipeline\\Pipeline->Illuminate\\Pipeline\\{closure}()
#24 D:\\OSPanel\\domains\\asap-new-site-dev\\back\\vendor\\laravel\\framework\\src\\Illuminate\\Foundation\\Http\\Middleware\\TrimStrings.php(40): Illuminate\\Foundation\\Http\\Middleware\\TransformsRequest->handle()
#25 D:\\OSPanel\\domains\\asap-new-site-dev\\back\\vendor\\laravel\\framework\\src\\Illuminate\\Pipeline\\Pipeline.php(180): Illuminate\\Foundation\\Http\\Middleware\\TrimStrings->handle()
#26 D:\\OSPanel\\domains\\asap-new-site-dev\\back\\vendor\\laravel\\framework\\src\\Illuminate\\Foundation\\Http\\Middleware\\ValidatePostSize.php(27): Illuminate\\Pipeline\\Pipeline->Illuminate\\Pipeline\\{closure}()
#27 D:\\OSPanel\\domains\\asap-new-site-dev\\back\\vendor\\laravel\\framework\\src\\Illuminate\\Pipeline\\Pipeline.php(180): Illuminate\\Foundation\\Http\\Middleware\\ValidatePostSize->handle()
#28 D:\\OSPanel\\domains\\asap-new-site-dev\\back\\vendor\\laravel\\framework\\src\\Illuminate\\Foundation\\Http\\Middleware\\PreventRequestsDuringMaintenance.php(86): Illuminate\\Pipeline\\Pipeline->Illuminate\\Pipeline\\{closure}()
#29 D:\\OSPanel\\domains\\asap-new-site-dev\\back\\vendor\\laravel\\framework\\src\\Illuminate\\Pipeline\\Pipeline.php(180): Illuminate\\Foundation\\Http\\Middleware\\PreventRequestsDuringMaintenance->handle()
#30 D:\\OSPanel\\domains\\asap-new-site-dev\\back\\vendor\\laravel\\framework\\src\\Illuminate\\Http\\Middleware\\HandleCors.php(49): Illuminate\\Pipeline\\Pipeline->Illuminate\\Pipeline\\{closure}()
#31 D:\\OSPanel\\domains\\asap-new-site-dev\\back\\vendor\\laravel\\framework\\src\\Illuminate\\Pipeline\\Pipeline.php(180): Illuminate\\Http\\Middleware\\HandleCors->handle()
#32 D:\\OSPanel\\domains\\asap-new-site-dev\\back\\vendor\\laravel\\framework\\src\\Illuminate\\Http\\Middleware\\TrustProxies.php(39): Illuminate\\Pipeline\\Pipeline->Illuminate\\Pipeline\\{closure}()
#33 D:\\OSPanel\\domains\\asap-new-site-dev\\back\\vendor\\laravel\\framework\\src\\Illuminate\\Pipeline\\Pipeline.php(180): Illuminate\\Http\\Middleware\\TrustProxies->handle()
#34 D:\\OSPanel\\domains\\asap-new-site-dev\\back\\vendor\\laravel\\framework\\src\\Illuminate\\Pipeline\\Pipeline.php(116): Illuminate\\Pipeline\\Pipeline->Illuminate\\Pipeline\\{closure}()
#35 D:\\OSPanel\\domains\\asap-new-site-dev\\back\\vendor\\laravel\\framework\\src\\Illuminate\\Foundation\\Http\\Kernel.php(175): Illuminate\\Pipeline\\Pipeline->then()
#36 D:\\OSPanel\\domains\\asap-new-site-dev\\back\\vendor\\laravel\\framework\\src\\Illuminate\\Foundation\\Http\\Kernel.php(144): Illuminate\\Foundation\\Http\\Kernel->sendRequestThroughRouter()
#37 D:\\OSPanel\\domains\\asap-new-site-dev\\back\\public\\index.php(51): Illuminate\\Foundation\\Http\\Kernel->handle()
#38 D:\\OSPanel\\domains\\asap-new-site-dev\\back\\vendor\\laravel\\framework\\src\\Illuminate\\Foundation\\resources\\server.php(16): require_once('D:\\\\OSPanel\\\\doma...')
#39 {main}
"} 
[2024-11-16 11:25:52] production.ERROR: Please provide a valid cache path. {"exception":"[object] (InvalidArgumentException(code: 0): Please provide a valid cache path. at D:\\OSPanel\\domains\\asap-new-site-dev\\back\\vendor\\laravel\\framework\\src\\Illuminate\\View\\Compilers\\Compiler.php:66)
[stacktrace]
#0 D:\\OSPanel\\domains\\asap-new-site-dev\\back\\vendor\\laravel\\framework\\src\\Illuminate\\View\\ViewServiceProvider.php(96): Illuminate\\View\\Compilers\\Compiler->__construct()
#1 D:\\OSPanel\\domains\\asap-new-site-dev\\back\\vendor\\laravel\\framework\\src\\Illuminate\\Container\\Container.php(910): Illuminate\\View\\ViewServiceProvider->Illuminate\\View\\{closure}()
#2 D:\\OSPanel\\domains\\asap-new-site-dev\\back\\vendor\\laravel\\framework\\src\\Illuminate\\Container\\Container.php(795): Illuminate\\Container\\Container->build()
#3 D:\\OSPanel\\domains\\asap-new-site-dev\\back\\vendor\\laravel\\framework\\src\\Illuminate\\Foundation\\Application.php(933): Illuminate\\Container\\Container->resolve()
#4 D:\\OSPanel\\domains\\asap-new-site-dev\\back\\vendor\\laravel\\framework\\src\\Illuminate\\Container\\Container.php(731): Illuminate\\Foundation\\Application->resolve()
#5 D:\\OSPanel\\domains\\asap-new-site-dev\\back\\vendor\\laravel\\framework\\src\\Illuminate\\Foundation\\Application.php(918): Illuminate\\Container\\Container->make()
#6 D:\\OSPanel\\domains\\asap-new-site-dev\\back\\vendor\\laravel\\framework\\src\\Illuminate\\Container\\Container.php(1456): Illuminate\\Foundation\\Application->make()
#7 D:\\OSPanel\\domains\\asap-new-site-dev\\back\\vendor\\laravel\\framework\\src\\Illuminate\\View\\ViewServiceProvider.php(164): Illuminate\\Container\\Container->offsetGet()
#8 [internal function]: Illuminate\\View\\ViewServiceProvider->Illuminate\\View\\{closure}()
#9 D:\\OSPanel\\domains\\asap-new-site-dev\\back\\vendor\\laravel\\framework\\src\\Illuminate\\View\\Engines\\EngineResolver.php(55): call_user_func()
#10 D:\\OSPanel\\domains\\asap-new-site-dev\\back\\vendor\\laravel\\framework\\src\\Illuminate\\View\\Factory.php(310): Illuminate\\View\\Engines\\EngineResolver->resolve()
#11 D:\\OSPanel\\domains\\asap-new-site-dev\\back\\vendor\\laravel\\framework\\src\\Illuminate\\View\\Factory.php(274): Illuminate\\View\\Factory->getEngineFromPath()
#12 D:\\OSPanel\\domains\\asap-new-site-dev\\back\\vendor\\laravel\\framework\\src\\Illuminate\\View\\Factory.php(146): Illuminate\\View\\Factory->viewInstance()
#13 D:\\OSPanel\\domains\\asap-new-site-dev\\back\\vendor\\laravel\\framework\\src\\Illuminate\\Routing\\ResponseFactory.php(87): Illuminate\\View\\Factory->make()
#14 D:\\OSPanel\\domains\\asap-new-site-dev\\back\\vendor\\laravel\\framework\\src\\Illuminate\\Foundation\\Exceptions\\Handler.php(645): Illuminate\\Routing\\ResponseFactory->view()
#15 D:\\OSPanel\\domains\\asap-new-site-dev\\back\\vendor\\laravel\\framework\\src\\Illuminate\\Foundation\\Exceptions\\Handler.php(573): Illuminate\\Foundation\\Exceptions\\Handler->renderHttpException()
#16 D:\\OSPanel\\domains\\asap-new-site-dev\\back\\vendor\\laravel\\framework\\src\\Illuminate\\Foundation\\Exceptions\\Handler.php(479): Illuminate\\Foundation\\Exceptions\\Handler->prepareResponse()
#17 D:\\OSPanel\\domains\\asap-new-site-dev\\back\\vendor\\laravel\\framework\\src\\Illuminate\\Foundation\\Exceptions\\Handler.php(396): Illuminate\\Foundation\\Exceptions\\Handler->renderExceptionResponse()
#18 D:\\OSPanel\\domains\\asap-new-site-dev\\back\\vendor\\laravel\\framework\\src\\Illuminate\\Routing\\Pipeline.php(51): Illuminate\\Foundation\\Exceptions\\Handler->render()
#19 D:\\OSPanel\\domains\\asap-new-site-dev\\back\\vendor\\laravel\\framework\\src\\Illuminate\\Pipeline\\Pipeline.php(185): Illuminate\\Routing\\Pipeline->handleException()
#20 D:\\OSPanel\\domains\\asap-new-site-dev\\back\\vendor\\laravel\\framework\\src\\Illuminate\\Foundation\\Http\\Middleware\\TransformsRequest.php(21): Illuminate\\Pipeline\\Pipeline->Illuminate\\Pipeline\\{closure}()
#21 D:\\OSPanel\\domains\\asap-new-site-dev\\back\\vendor\\laravel\\framework\\src\\Illuminate\\Foundation\\Http\\Middleware\\TrimStrings.php(40): Illuminate\\Foundation\\Http\\Middleware\\TransformsRequest->handle()
#22 D:\\OSPanel\\domains\\asap-new-site-dev\\back\\vendor\\laravel\\framework\\src\\Illuminate\\Pipeline\\Pipeline.php(180): Illuminate\\Foundation\\Http\\Middleware\\TrimStrings->handle()
#23 D:\\OSPanel\\domains\\asap-new-site-dev\\back\\vendor\\laravel\\framework\\src\\Illuminate\\Foundation\\Http\\Middleware\\ValidatePostSize.php(27): Illuminate\\Pipeline\\Pipeline->Illuminate\\Pipeline\\{closure}()
#24 D:\\OSPanel\\domains\\asap-new-site-dev\\back\\vendor\\laravel\\framework\\src\\Illuminate\\Pipeline\\Pipeline.php(180): Illuminate\\Foundation\\Http\\Middleware\\ValidatePostSize->handle()
#25 D:\\OSPanel\\domains\\asap-new-site-dev\\back\\vendor\\laravel\\framework\\src\\Illuminate\\Foundation\\Http\\Middleware\\PreventRequestsDuringMaintenance.php(86): Illuminate\\Pipeline\\Pipeline->Illuminate\\Pipeline\\{closure}()
#26 D:\\OSPanel\\domains\\asap-new-site-dev\\back\\vendor\\laravel\\framework\\src\\Illuminate\\Pipeline\\Pipeline.php(180): Illuminate\\Foundation\\Http\\Middleware\\PreventRequestsDuringMaintenance->handle()
#27 D:\\OSPanel\\domains\\asap-new-site-dev\\back\\vendor\\laravel\\framework\\src\\Illuminate\\Http\\Middleware\\HandleCors.php(49): Illuminate\\Pipeline\\Pipeline->Illuminate\\Pipeline\\{closure}()
#28 D:\\OSPanel\\domains\\asap-new-site-dev\\back\\vendor\\laravel\\framework\\src\\Illuminate\\Pipeline\\Pipeline.php(180): Illuminate\\Http\\Middleware\\HandleCors->handle()
#29 D:\\OSPanel\\domains\\asap-new-site-dev\\back\\vendor\\laravel\\framework\\src\\Illuminate\\Http\\Middleware\\TrustProxies.php(39): Illuminate\\Pipeline\\Pipeline->Illuminate\\Pipeline\\{closure}()
#30 D:\\OSPanel\\domains\\asap-new-site-dev\\back\\vendor\\laravel\\framework\\src\\Illuminate\\Pipeline\\Pipeline.php(180): Illuminate\\Http\\Middleware\\TrustProxies->handle()
#31 D:\\OSPanel\\domains\\asap-new-site-dev\\back\\vendor\\laravel\\framework\\src\\Illuminate\\Pipeline\\Pipeline.php(116): Illuminate\\Pipeline\\Pipeline->Illuminate\\Pipeline\\{closure}()
#32 D:\\OSPanel\\domains\\asap-new-site-dev\\back\\vendor\\laravel\\framework\\src\\Illuminate\\Foundation\\Http\\Kernel.php(175): Illuminate\\Pipeline\\Pipeline->then()
#33 D:\\OSPanel\\domains\\asap-new-site-dev\\back\\vendor\\laravel\\framework\\src\\Illuminate\\Foundation\\Http\\Kernel.php(144): Illuminate\\Foundation\\Http\\Kernel->sendRequestThroughRouter()
#34 D:\\OSPanel\\domains\\asap-new-site-dev\\back\\public\\index.php(51): Illuminate\\Foundation\\Http\\Kernel->handle()
#35 D:\\OSPanel\\domains\\asap-new-site-dev\\back\\vendor\\laravel\\framework\\src\\Illuminate\\Foundation\\resources\\server.php(16): require_once('D:\\\\OSPanel\\\\doma...')
#36 {main}
"} 
[2024-11-16 11:25:52] production.ERROR: Please provide a valid cache path. {"exception":"[object] (InvalidArgumentException(code: 0): Please provide a valid cache path. at D:\\OSPanel\\domains\\asap-new-site-dev\\back\\vendor\\laravel\\framework\\src\\Illuminate\\View\\Compilers\\Compiler.php:66)
[stacktrace]
#0 D:\\OSPanel\\domains\\asap-new-site-dev\\back\\vendor\\laravel\\framework\\src\\Illuminate\\View\\ViewServiceProvider.php(96): Illuminate\\View\\Compilers\\Compiler->__construct()
#1 D:\\OSPanel\\domains\\asap-new-site-dev\\back\\vendor\\laravel\\framework\\src\\Illuminate\\Container\\Container.php(910): Illuminate\\View\\ViewServiceProvider->Illuminate\\View\\{closure}()
#2 D:\\OSPanel\\domains\\asap-new-site-dev\\back\\vendor\\laravel\\framework\\src\\Illuminate\\Container\\Container.php(795): Illuminate\\Container\\Container->build()
#3 D:\\OSPanel\\domains\\asap-new-site-dev\\back\\vendor\\laravel\\framework\\src\\Illuminate\\Foundation\\Application.php(933): Illuminate\\Container\\Container->resolve()
#4 D:\\OSPanel\\domains\\asap-new-site-dev\\back\\vendor\\laravel\\framework\\src\\Illuminate\\Container\\Container.php(731): Illuminate\\Foundation\\Application->resolve()
#5 D:\\OSPanel\\domains\\asap-new-site-dev\\back\\vendor\\laravel\\framework\\src\\Illuminate\\Foundation\\Application.php(918): Illuminate\\Container\\Container->make()
#6 D:\\OSPanel\\domains\\asap-new-site-dev\\back\\vendor\\laravel\\framework\\src\\Illuminate\\Container\\Container.php(1456): Illuminate\\Foundation\\Application->make()
#7 D:\\OSPanel\\domains\\asap-new-site-dev\\back\\vendor\\laravel\\framework\\src\\Illuminate\\View\\ViewServiceProvider.php(164): Illuminate\\Container\\Container->offsetGet()
#8 [internal function]: Illuminate\\View\\ViewServiceProvider->Illuminate\\View\\{closure}()
#9 D:\\OSPanel\\domains\\asap-new-site-dev\\back\\vendor\\laravel\\framework\\src\\Illuminate\\View\\Engines\\EngineResolver.php(55): call_user_func()
#10 D:\\OSPanel\\domains\\asap-new-site-dev\\back\\vendor\\laravel\\framework\\src\\Illuminate\\View\\Factory.php(310): Illuminate\\View\\Engines\\EngineResolver->resolve()
#11 D:\\OSPanel\\domains\\asap-new-site-dev\\back\\vendor\\laravel\\framework\\src\\Illuminate\\View\\Factory.php(274): Illuminate\\View\\Factory->getEngineFromPath()
#12 D:\\OSPanel\\domains\\asap-new-site-dev\\back\\vendor\\laravel\\framework\\src\\Illuminate\\View\\Factory.php(146): Illuminate\\View\\Factory->viewInstance()
#13 D:\\OSPanel\\domains\\asap-new-site-dev\\back\\vendor\\laravel\\framework\\src\\Illuminate\\Routing\\ResponseFactory.php(87): Illuminate\\View\\Factory->make()
#14 D:\\OSPanel\\domains\\asap-new-site-dev\\back\\vendor\\laravel\\framework\\src\\Illuminate\\Foundation\\Exceptions\\Handler.php(645): Illuminate\\Routing\\ResponseFactory->view()
#15 D:\\OSPanel\\domains\\asap-new-site-dev\\back\\vendor\\laravel\\framework\\src\\Illuminate\\Foundation\\Exceptions\\Handler.php(573): Illuminate\\Foundation\\Exceptions\\Handler->renderHttpException()
#16 D:\\OSPanel\\domains\\asap-new-site-dev\\back\\vendor\\laravel\\framework\\src\\Illuminate\\Foundation\\Exceptions\\Handler.php(479): Illuminate\\Foundation\\Exceptions\\Handler->prepareResponse()
#17 D:\\OSPanel\\domains\\asap-new-site-dev\\back\\vendor\\laravel\\framework\\src\\Illuminate\\Foundation\\Exceptions\\Handler.php(396): Illuminate\\Foundation\\Exceptions\\Handler->renderExceptionResponse()
#18 D:\\OSPanel\\domains\\asap-new-site-dev\\back\\vendor\\laravel\\framework\\src\\Illuminate\\Routing\\Pipeline.php(51): Illuminate\\Foundation\\Exceptions\\Handler->render()
#19 D:\\OSPanel\\domains\\asap-new-site-dev\\back\\vendor\\laravel\\framework\\src\\Illuminate\\Pipeline\\Pipeline.php(185): Illuminate\\Routing\\Pipeline->handleException()
#20 D:\\OSPanel\\domains\\asap-new-site-dev\\back\\vendor\\laravel\\framework\\src\\Illuminate\\Foundation\\Http\\Middleware\\ValidatePostSize.php(27): Illuminate\\Pipeline\\Pipeline->Illuminate\\Pipeline\\{closure}()
#21 D:\\OSPanel\\domains\\asap-new-site-dev\\back\\vendor\\laravel\\framework\\src\\Illuminate\\Pipeline\\Pipeline.php(180): Illuminate\\Foundation\\Http\\Middleware\\ValidatePostSize->handle()
#22 D:\\OSPanel\\domains\\asap-new-site-dev\\back\\vendor\\laravel\\framework\\src\\Illuminate\\Foundation\\Http\\Middleware\\PreventRequestsDuringMaintenance.php(86): Illuminate\\Pipeline\\Pipeline->Illuminate\\Pipeline\\{closure}()
#23 D:\\OSPanel\\domains\\asap-new-site-dev\\back\\vendor\\laravel\\framework\\src\\Illuminate\\Pipeline\\Pipeline.php(180): Illuminate\\Foundation\\Http\\Middleware\\PreventRequestsDuringMaintenance->handle()
#24 D:\\OSPanel\\domains\\asap-new-site-dev\\back\\vendor\\laravel\\framework\\src\\Illuminate\\Http\\Middleware\\HandleCors.php(49): Illuminate\\Pipeline\\Pipeline->Illuminate\\Pipeline\\{closure}()
#25 D:\\OSPanel\\domains\\asap-new-site-dev\\back\\vendor\\laravel\\framework\\src\\Illuminate\\Pipeline\\Pipeline.php(180): Illuminate\\Http\\Middleware\\HandleCors->handle()
#26 D:\\OSPanel\\domains\\asap-new-site-dev\\back\\vendor\\laravel\\framework\\src\\Illuminate\\Http\\Middleware\\TrustProxies.php(39): Illuminate\\Pipeline\\Pipeline->Illuminate\\Pipeline\\{closure}()
#27 D:\\OSPanel\\domains\\asap-new-site-dev\\back\\vendor\\laravel\\framework\\src\\Illuminate\\Pipeline\\Pipeline.php(180): Illuminate\\Http\\Middleware\\TrustProxies->handle()
#28 D:\\OSPanel\\domains\\asap-new-site-dev\\back\\vendor\\laravel\\framework\\src\\Illuminate\\Pipeline\\Pipeline.php(116): Illuminate\\Pipeline\\Pipeline->Illuminate\\Pipeline\\{closure}()
#29 D:\\OSPanel\\domains\\asap-new-site-dev\\back\\vendor\\laravel\\framework\\src\\Illuminate\\Foundation\\Http\\Kernel.php(175): Illuminate\\Pipeline\\Pipeline->then()
#30 D:\\OSPanel\\domains\\asap-new-site-dev\\back\\vendor\\laravel\\framework\\src\\Illuminate\\Foundation\\Http\\Kernel.php(144): Illuminate\\Foundation\\Http\\Kernel->sendRequestThroughRouter()
#31 D:\\OSPanel\\domains\\asap-new-site-dev\\back\\public\\index.php(51): Illuminate\\Foundation\\Http\\Kernel->handle()
#32 D:\\OSPanel\\domains\\asap-new-site-dev\\back\\vendor\\laravel\\framework\\src\\Illuminate\\Foundation\\resources\\server.php(16): require_once('D:\\\\OSPanel\\\\doma...')
#33 {main}
"} 
[2024-11-16 11:25:52] production.ERROR: Please provide a valid cache path. {"exception":"[object] (InvalidArgumentException(code: 0): Please provide a valid cache path. at D:\\OSPanel\\domains\\asap-new-site-dev\\back\\vendor\\laravel\\framework\\src\\Illuminate\\View\\Compilers\\Compiler.php:66)
[stacktrace]
#0 D:\\OSPanel\\domains\\asap-new-site-dev\\back\\vendor\\laravel\\framework\\src\\Illuminate\\View\\ViewServiceProvider.php(96): Illuminate\\View\\Compilers\\Compiler->__construct()
#1 D:\\OSPanel\\domains\\asap-new-site-dev\\back\\vendor\\laravel\\framework\\src\\Illuminate\\Container\\Container.php(910): Illuminate\\View\\ViewServiceProvider->Illuminate\\View\\{closure}()
#2 D:\\OSPanel\\domains\\asap-new-site-dev\\back\\vendor\\laravel\\framework\\src\\Illuminate\\Container\\Container.php(795): Illuminate\\Container\\Container->build()
#3 D:\\OSPanel\\domains\\asap-new-site-dev\\back\\vendor\\laravel\\framework\\src\\Illuminate\\Foundation\\Application.php(933): Illuminate\\Container\\Container->resolve()
#4 D:\\OSPanel\\domains\\asap-new-site-dev\\back\\vendor\\laravel\\framework\\src\\Illuminate\\Container\\Container.php(731): Illuminate\\Foundation\\Application->resolve()
#5 D:\\OSPanel\\domains\\asap-new-site-dev\\back\\vendor\\laravel\\framework\\src\\Illuminate\\Foundation\\Application.php(918): Illuminate\\Container\\Container->make()
#6 D:\\OSPanel\\domains\\asap-new-site-dev\\back\\vendor\\laravel\\framework\\src\\Illuminate\\Container\\Container.php(1456): Illuminate\\Foundation\\Application->make()
#7 D:\\OSPanel\\domains\\asap-new-site-dev\\back\\vendor\\laravel\\framework\\src\\Illuminate\\View\\ViewServiceProvider.php(164): Illuminate\\Container\\Container->offsetGet()
#8 [internal function]: Illuminate\\View\\ViewServiceProvider->Illuminate\\View\\{closure}()
#9 D:\\OSPanel\\domains\\asap-new-site-dev\\back\\vendor\\laravel\\framework\\src\\Illuminate\\View\\Engines\\EngineResolver.php(55): call_user_func()
#10 D:\\OSPanel\\domains\\asap-new-site-dev\\back\\vendor\\laravel\\framework\\src\\Illuminate\\View\\Factory.php(310): Illuminate\\View\\Engines\\EngineResolver->resolve()
#11 D:\\OSPanel\\domains\\asap-new-site-dev\\back\\vendor\\laravel\\framework\\src\\Illuminate\\View\\Factory.php(274): Illuminate\\View\\Factory->getEngineFromPath()
#12 D:\\OSPanel\\domains\\asap-new-site-dev\\back\\vendor\\laravel\\framework\\src\\Illuminate\\View\\Factory.php(146): Illuminate\\View\\Factory->viewInstance()
#13 D:\\OSPanel\\domains\\asap-new-site-dev\\back\\vendor\\laravel\\framework\\src\\Illuminate\\Routing\\ResponseFactory.php(87): Illuminate\\View\\Factory->make()
#14 D:\\OSPanel\\domains\\asap-new-site-dev\\back\\vendor\\laravel\\framework\\src\\Illuminate\\Foundation\\Exceptions\\Handler.php(645): Illuminate\\Routing\\ResponseFactory->view()
#15 D:\\OSPanel\\domains\\asap-new-site-dev\\back\\vendor\\laravel\\framework\\src\\Illuminate\\Foundation\\Exceptions\\Handler.php(573): Illuminate\\Foundation\\Exceptions\\Handler->renderHttpException()
#16 D:\\OSPanel\\domains\\asap-new-site-dev\\back\\vendor\\laravel\\framework\\src\\Illuminate\\Foundation\\Exceptions\\Handler.php(479): Illuminate\\Foundation\\Exceptions\\Handler->prepareResponse()
#17 D:\\OSPanel\\domains\\asap-new-site-dev\\back\\vendor\\laravel\\framework\\src\\Illuminate\\Foundation\\Exceptions\\Handler.php(396): Illuminate\\Foundation\\Exceptions\\Handler->renderExceptionResponse()
#18 D:\\OSPanel\\domains\\asap-new-site-dev\\back\\vendor\\laravel\\framework\\src\\Illuminate\\Routing\\Pipeline.php(51): Illuminate\\Foundation\\Exceptions\\Handler->render()
#19 D:\\OSPanel\\domains\\asap-new-site-dev\\back\\vendor\\laravel\\framework\\src\\Illuminate\\Pipeline\\Pipeline.php(185): Illuminate\\Routing\\Pipeline->handleException()
#20 D:\\OSPanel\\domains\\asap-new-site-dev\\back\\vendor\\laravel\\framework\\src\\Illuminate\\Foundation\\Http\\Middleware\\PreventRequestsDuringMaintenance.php(86): Illuminate\\Pipeline\\Pipeline->Illuminate\\Pipeline\\{closure}()
#21 D:\\OSPanel\\domains\\asap-new-site-dev\\back\\vendor\\laravel\\framework\\src\\Illuminate\\Pipeline\\Pipeline.php(180): Illuminate\\Foundation\\Http\\Middleware\\PreventRequestsDuringMaintenance->handle()
#22 D:\\OSPanel\\domains\\asap-new-site-dev\\back\\vendor\\laravel\\framework\\src\\Illuminate\\Http\\Middleware\\HandleCors.php(49): Illuminate\\Pipeline\\Pipeline->Illuminate\\Pipeline\\{closure}()
#23 D:\\OSPanel\\domains\\asap-new-site-dev\\back\\vendor\\laravel\\framework\\src\\Illuminate\\Pipeline\\Pipeline.php(180): Illuminate\\Http\\Middleware\\HandleCors->handle()
#24 D:\\OSPanel\\domains\\asap-new-site-dev\\back\\vendor\\laravel\\framework\\src\\Illuminate\\Http\\Middleware\\TrustProxies.php(39): Illuminate\\Pipeline\\Pipeline->Illuminate\\Pipeline\\{closure}()
#25 D:\\OSPanel\\domains\\asap-new-site-dev\\back\\vendor\\laravel\\framework\\src\\Illuminate\\Pipeline\\Pipeline.php(180): Illuminate\\Http\\Middleware\\TrustProxies->handle()
#26 D:\\OSPanel\\domains\\asap-new-site-dev\\back\\vendor\\laravel\\framework\\src\\Illuminate\\Pipeline\\Pipeline.php(116): Illuminate\\Pipeline\\Pipeline->Illuminate\\Pipeline\\{closure}()
#27 D:\\OSPanel\\domains\\asap-new-site-dev\\back\\vendor\\laravel\\framework\\src\\Illuminate\\Foundation\\Http\\Kernel.php(175): Illuminate\\Pipeline\\Pipeline->then()
#28 D:\\OSPanel\\domains\\asap-new-site-dev\\back\\vendor\\laravel\\framework\\src\\Illuminate\\Foundation\\Http\\Kernel.php(144): Illuminate\\Foundation\\Http\\Kernel->sendRequestThroughRouter()
#29 D:\\OSPanel\\domains\\asap-new-site-dev\\back\\public\\index.php(51): Illuminate\\Foundation\\Http\\Kernel->handle()
#30 D:\\OSPanel\\domains\\asap-new-site-dev\\back\\vendor\\laravel\\framework\\src\\Illuminate\\Foundation\\resources\\server.php(16): require_once('D:\\\\OSPanel\\\\doma...')
#31 {main}
"} 
[2024-11-16 11:25:52] production.ERROR: Please provide a valid cache path. {"exception":"[object] (InvalidArgumentException(code: 0): Please provide a valid cache path. at D:\\OSPanel\\domains\\asap-new-site-dev\\back\\vendor\\laravel\\framework\\src\\Illuminate\\View\\Compilers\\Compiler.php:66)
[stacktrace]
#0 D:\\OSPanel\\domains\\asap-new-site-dev\\back\\vendor\\laravel\\framework\\src\\Illuminate\\View\\ViewServiceProvider.php(96): Illuminate\\View\\Compilers\\Compiler->__construct()
#1 D:\\OSPanel\\domains\\asap-new-site-dev\\back\\vendor\\laravel\\framework\\src\\Illuminate\\Container\\Container.php(910): Illuminate\\View\\ViewServiceProvider->Illuminate\\View\\{closure}()
#2 D:\\OSPanel\\domains\\asap-new-site-dev\\back\\vendor\\laravel\\framework\\src\\Illuminate\\Container\\Container.php(795): Illuminate\\Container\\Container->build()
#3 D:\\OSPanel\\domains\\asap-new-site-dev\\back\\vendor\\laravel\\framework\\src\\Illuminate\\Foundation\\Application.php(933): Illuminate\\Container\\Container->resolve()
#4 D:\\OSPanel\\domains\\asap-new-site-dev\\back\\vendor\\laravel\\framework\\src\\Illuminate\\Container\\Container.php(731): Illuminate\\Foundation\\Application->resolve()
#5 D:\\OSPanel\\domains\\asap-new-site-dev\\back\\vendor\\laravel\\framework\\src\\Illuminate\\Foundation\\Application.php(918): Illuminate\\Container\\Container->make()
#6 D:\\OSPanel\\domains\\asap-new-site-dev\\back\\vendor\\laravel\\framework\\src\\Illuminate\\Container\\Container.php(1456): Illuminate\\Foundation\\Application->make()
#7 D:\\OSPanel\\domains\\asap-new-site-dev\\back\\vendor\\laravel\\framework\\src\\Illuminate\\View\\ViewServiceProvider.php(164): Illuminate\\Container\\Container->offsetGet()
#8 [internal function]: Illuminate\\View\\ViewServiceProvider->Illuminate\\View\\{closure}()
#9 D:\\OSPanel\\domains\\asap-new-site-dev\\back\\vendor\\laravel\\framework\\src\\Illuminate\\View\\Engines\\EngineResolver.php(55): call_user_func()
#10 D:\\OSPanel\\domains\\asap-new-site-dev\\back\\vendor\\laravel\\framework\\src\\Illuminate\\View\\Factory.php(310): Illuminate\\View\\Engines\\EngineResolver->resolve()
#11 D:\\OSPanel\\domains\\asap-new-site-dev\\back\\vendor\\laravel\\framework\\src\\Illuminate\\View\\Factory.php(274): Illuminate\\View\\Factory->getEngineFromPath()
#12 D:\\OSPanel\\domains\\asap-new-site-dev\\back\\vendor\\laravel\\framework\\src\\Illuminate\\View\\Factory.php(146): Illuminate\\View\\Factory->viewInstance()
#13 D:\\OSPanel\\domains\\asap-new-site-dev\\back\\vendor\\laravel\\framework\\src\\Illuminate\\Routing\\ResponseFactory.php(87): Illuminate\\View\\Factory->make()
#14 D:\\OSPanel\\domains\\asap-new-site-dev\\back\\vendor\\laravel\\framework\\src\\Illuminate\\Foundation\\Exceptions\\Handler.php(645): Illuminate\\Routing\\ResponseFactory->view()
#15 D:\\OSPanel\\domains\\asap-new-site-dev\\back\\vendor\\laravel\\framework\\src\\Illuminate\\Foundation\\Exceptions\\Handler.php(573): Illuminate\\Foundation\\Exceptions\\Handler->renderHttpException()
#16 D:\\OSPanel\\domains\\asap-new-site-dev\\back\\vendor\\laravel\\framework\\src\\Illuminate\\Foundation\\Exceptions\\Handler.php(479): Illuminate\\Foundation\\Exceptions\\Handler->prepareResponse()
#17 D:\\OSPanel\\domains\\asap-new-site-dev\\back\\vendor\\laravel\\framework\\src\\Illuminate\\Foundation\\Exceptions\\Handler.php(396): Illuminate\\Foundation\\Exceptions\\Handler->renderExceptionResponse()
#18 D:\\OSPanel\\domains\\asap-new-site-dev\\back\\vendor\\laravel\\framework\\src\\Illuminate\\Routing\\Pipeline.php(51): Illuminate\\Foundation\\Exceptions\\Handler->render()
#19 D:\\OSPanel\\domains\\asap-new-site-dev\\back\\vendor\\laravel\\framework\\src\\Illuminate\\Pipeline\\Pipeline.php(185): Illuminate\\Routing\\Pipeline->handleException()
#20 D:\\OSPanel\\domains\\asap-new-site-dev\\back\\vendor\\laravel\\framework\\src\\Illuminate\\Http\\Middleware\\HandleCors.php(49): Illuminate\\Pipeline\\Pipeline->Illuminate\\Pipeline\\{closure}()
#21 D:\\OSPanel\\domains\\asap-new-site-dev\\back\\vendor\\laravel\\framework\\src\\Illuminate\\Pipeline\\Pipeline.php(180): Illuminate\\Http\\Middleware\\HandleCors->handle()
#22 D:\\OSPanel\\domains\\asap-new-site-dev\\back\\vendor\\laravel\\framework\\src\\Illuminate\\Http\\Middleware\\TrustProxies.php(39): Illuminate\\Pipeline\\Pipeline->Illuminate\\Pipeline\\{closure}()
#23 D:\\OSPanel\\domains\\asap-new-site-dev\\back\\vendor\\laravel\\framework\\src\\Illuminate\\Pipeline\\Pipeline.php(180): Illuminate\\Http\\Middleware\\TrustProxies->handle()
#24 D:\\OSPanel\\domains\\asap-new-site-dev\\back\\vendor\\laravel\\framework\\src\\Illuminate\\Pipeline\\Pipeline.php(116): Illuminate\\Pipeline\\Pipeline->Illuminate\\Pipeline\\{closure}()
#25 D:\\OSPanel\\domains\\asap-new-site-dev\\back\\vendor\\laravel\\framework\\src\\Illuminate\\Foundation\\Http\\Kernel.php(175): Illuminate\\Pipeline\\Pipeline->then()
#26 D:\\OSPanel\\domains\\asap-new-site-dev\\back\\vendor\\laravel\\framework\\src\\Illuminate\\Foundation\\Http\\Kernel.php(144): Illuminate\\Foundation\\Http\\Kernel->sendRequestThroughRouter()
#27 D:\\OSPanel\\domains\\asap-new-site-dev\\back\\public\\index.php(51): Illuminate\\Foundation\\Http\\Kernel->handle()
#28 D:\\OSPanel\\domains\\asap-new-site-dev\\back\\vendor\\laravel\\framework\\src\\Illuminate\\Foundation\\resources\\server.php(16): require_once('D:\\\\OSPanel\\\\doma...')
#29 {main}
"} 
[2024-11-16 11:25:52] production.ERROR: Please provide a valid cache path. {"exception":"[object] (InvalidArgumentException(code: 0): Please provide a valid cache path. at D:\\OSPanel\\domains\\asap-new-site-dev\\back\\vendor\\laravel\\framework\\src\\Illuminate\\View\\Compilers\\Compiler.php:66)
[stacktrace]
#0 D:\\OSPanel\\domains\\asap-new-site-dev\\back\\vendor\\laravel\\framework\\src\\Illuminate\\View\\ViewServiceProvider.php(96): Illuminate\\View\\Compilers\\Compiler->__construct()
#1 D:\\OSPanel\\domains\\asap-new-site-dev\\back\\vendor\\laravel\\framework\\src\\Illuminate\\Container\\Container.php(910): Illuminate\\View\\ViewServiceProvider->Illuminate\\View\\{closure}()
#2 D:\\OSPanel\\domains\\asap-new-site-dev\\back\\vendor\\laravel\\framework\\src\\Illuminate\\Container\\Container.php(795): Illuminate\\Container\\Container->build()
#3 D:\\OSPanel\\domains\\asap-new-site-dev\\back\\vendor\\laravel\\framework\\src\\Illuminate\\Foundation\\Application.php(933): Illuminate\\Container\\Container->resolve()
#4 D:\\OSPanel\\domains\\asap-new-site-dev\\back\\vendor\\laravel\\framework\\src\\Illuminate\\Container\\Container.php(731): Illuminate\\Foundation\\Application->resolve()
#5 D:\\OSPanel\\domains\\asap-new-site-dev\\back\\vendor\\laravel\\framework\\src\\Illuminate\\Foundation\\Application.php(918): Illuminate\\Container\\Container->make()
#6 D:\\OSPanel\\domains\\asap-new-site-dev\\back\\vendor\\laravel\\framework\\src\\Illuminate\\Container\\Container.php(1456): Illuminate\\Foundation\\Application->make()
#7 D:\\OSPanel\\domains\\asap-new-site-dev\\back\\vendor\\laravel\\framework\\src\\Illuminate\\View\\ViewServiceProvider.php(164): Illuminate\\Container\\Container->offsetGet()
#8 [internal function]: Illuminate\\View\\ViewServiceProvider->Illuminate\\View\\{closure}()
#9 D:\\OSPanel\\domains\\asap-new-site-dev\\back\\vendor\\laravel\\framework\\src\\Illuminate\\View\\Engines\\EngineResolver.php(55): call_user_func()
#10 D:\\OSPanel\\domains\\asap-new-site-dev\\back\\vendor\\laravel\\framework\\src\\Illuminate\\View\\Factory.php(310): Illuminate\\View\\Engines\\EngineResolver->resolve()
#11 D:\\OSPanel\\domains\\asap-new-site-dev\\back\\vendor\\laravel\\framework\\src\\Illuminate\\View\\Factory.php(274): Illuminate\\View\\Factory->getEngineFromPath()
#12 D:\\OSPanel\\domains\\asap-new-site-dev\\back\\vendor\\laravel\\framework\\src\\Illuminate\\View\\Factory.php(146): Illuminate\\View\\Factory->viewInstance()
#13 D:\\OSPanel\\domains\\asap-new-site-dev\\back\\vendor\\laravel\\framework\\src\\Illuminate\\Routing\\ResponseFactory.php(87): Illuminate\\View\\Factory->make()
#14 D:\\OSPanel\\domains\\asap-new-site-dev\\back\\vendor\\laravel\\framework\\src\\Illuminate\\Foundation\\Exceptions\\Handler.php(645): Illuminate\\Routing\\ResponseFactory->view()
#15 D:\\OSPanel\\domains\\asap-new-site-dev\\back\\vendor\\laravel\\framework\\src\\Illuminate\\Foundation\\Exceptions\\Handler.php(573): Illuminate\\Foundation\\Exceptions\\Handler->renderHttpException()
#16 D:\\OSPanel\\domains\\asap-new-site-dev\\back\\vendor\\laravel\\framework\\src\\Illuminate\\Foundation\\Exceptions\\Handler.php(479): Illuminate\\Foundation\\Exceptions\\Handler->prepareResponse()
#17 D:\\OSPanel\\domains\\asap-new-site-dev\\back\\vendor\\laravel\\framework\\src\\Illuminate\\Foundation\\Exceptions\\Handler.php(396): Illuminate\\Foundation\\Exceptions\\Handler->renderExceptionResponse()
#18 D:\\OSPanel\\domains\\asap-new-site-dev\\back\\vendor\\laravel\\framework\\src\\Illuminate\\Routing\\Pipeline.php(51): Illuminate\\Foundation\\Exceptions\\Handler->render()
#19 D:\\OSPanel\\domains\\asap-new-site-dev\\back\\vendor\\laravel\\framework\\src\\Illuminate\\Pipeline\\Pipeline.php(185): Illuminate\\Routing\\Pipeline->handleException()
#20 D:\\OSPanel\\domains\\asap-new-site-dev\\back\\vendor\\laravel\\framework\\src\\Illuminate\\Http\\Middleware\\TrustProxies.php(39): Illuminate\\Pipeline\\Pipeline->Illuminate\\Pipeline\\{closure}()
#21 D:\\OSPanel\\domains\\asap-new-site-dev\\back\\vendor\\laravel\\framework\\src\\Illuminate\\Pipeline\\Pipeline.php(180): Illuminate\\Http\\Middleware\\TrustProxies->handle()
#22 D:\\OSPanel\\domains\\asap-new-site-dev\\back\\vendor\\laravel\\framework\\src\\Illuminate\\Pipeline\\Pipeline.php(116): Illuminate\\Pipeline\\Pipeline->Illuminate\\Pipeline\\{closure}()
#23 D:\\OSPanel\\domains\\asap-new-site-dev\\back\\vendor\\laravel\\framework\\src\\Illuminate\\Foundation\\Http\\Kernel.php(175): Illuminate\\Pipeline\\Pipeline->then()
#24 D:\\OSPanel\\domains\\asap-new-site-dev\\back\\vendor\\laravel\\framework\\src\\Illuminate\\Foundation\\Http\\Kernel.php(144): Illuminate\\Foundation\\Http\\Kernel->sendRequestThroughRouter()
#25 D:\\OSPanel\\domains\\asap-new-site-dev\\back\\public\\index.php(51): Illuminate\\Foundation\\Http\\Kernel->handle()
#26 D:\\OSPanel\\domains\\asap-new-site-dev\\back\\vendor\\laravel\\framework\\src\\Illuminate\\Foundation\\resources\\server.php(16): require_once('D:\\\\OSPanel\\\\doma...')
#27 {main}
"} 
[2024-11-16 11:25:52] production.ERROR: Please provide a valid cache path. {"exception":"[object] (InvalidArgumentException(code: 0): Please provide a valid cache path. at D:\\OSPanel\\domains\\asap-new-site-dev\\back\\vendor\\laravel\\framework\\src\\Illuminate\\View\\Compilers\\Compiler.php:66)
[stacktrace]
#0 D:\\OSPanel\\domains\\asap-new-site-dev\\back\\vendor\\laravel\\framework\\src\\Illuminate\\View\\ViewServiceProvider.php(96): Illuminate\\View\\Compilers\\Compiler->__construct()
#1 D:\\OSPanel\\domains\\asap-new-site-dev\\back\\vendor\\laravel\\framework\\src\\Illuminate\\Container\\Container.php(910): Illuminate\\View\\ViewServiceProvider->Illuminate\\View\\{closure}()
#2 D:\\OSPanel\\domains\\asap-new-site-dev\\back\\vendor\\laravel\\framework\\src\\Illuminate\\Container\\Container.php(795): Illuminate\\Container\\Container->build()
#3 D:\\OSPanel\\domains\\asap-new-site-dev\\back\\vendor\\laravel\\framework\\src\\Illuminate\\Foundation\\Application.php(933): Illuminate\\Container\\Container->resolve()
#4 D:\\OSPanel\\domains\\asap-new-site-dev\\back\\vendor\\laravel\\framework\\src\\Illuminate\\Container\\Container.php(731): Illuminate\\Foundation\\Application->resolve()
#5 D:\\OSPanel\\domains\\asap-new-site-dev\\back\\vendor\\laravel\\framework\\src\\Illuminate\\Foundation\\Application.php(918): Illuminate\\Container\\Container->make()
#6 D:\\OSPanel\\domains\\asap-new-site-dev\\back\\vendor\\laravel\\framework\\src\\Illuminate\\Container\\Container.php(1456): Illuminate\\Foundation\\Application->make()
#7 D:\\OSPanel\\domains\\asap-new-site-dev\\back\\vendor\\laravel\\framework\\src\\Illuminate\\View\\ViewServiceProvider.php(164): Illuminate\\Container\\Container->offsetGet()
#8 [internal function]: Illuminate\\View\\ViewServiceProvider->Illuminate\\View\\{closure}()
#9 D:\\OSPanel\\domains\\asap-new-site-dev\\back\\vendor\\laravel\\framework\\src\\Illuminate\\View\\Engines\\EngineResolver.php(55): call_user_func()
#10 D:\\OSPanel\\domains\\asap-new-site-dev\\back\\vendor\\laravel\\framework\\src\\Illuminate\\View\\Factory.php(310): Illuminate\\View\\Engines\\EngineResolver->resolve()
#11 D:\\OSPanel\\domains\\asap-new-site-dev\\back\\vendor\\laravel\\framework\\src\\Illuminate\\View\\Factory.php(274): Illuminate\\View\\Factory->getEngineFromPath()
#12 D:\\OSPanel\\domains\\asap-new-site-dev\\back\\vendor\\laravel\\framework\\src\\Illuminate\\View\\Factory.php(146): Illuminate\\View\\Factory->viewInstance()
#13 D:\\OSPanel\\domains\\asap-new-site-dev\\back\\vendor\\laravel\\framework\\src\\Illuminate\\Routing\\ResponseFactory.php(87): Illuminate\\View\\Factory->make()
#14 D:\\OSPanel\\domains\\asap-new-site-dev\\back\\vendor\\laravel\\framework\\src\\Illuminate\\Foundation\\Exceptions\\Handler.php(645): Illuminate\\Routing\\ResponseFactory->view()
#15 D:\\OSPanel\\domains\\asap-new-site-dev\\back\\vendor\\laravel\\framework\\src\\Illuminate\\Foundation\\Exceptions\\Handler.php(573): Illuminate\\Foundation\\Exceptions\\Handler->renderHttpException()
#16 D:\\OSPanel\\domains\\asap-new-site-dev\\back\\vendor\\laravel\\framework\\src\\Illuminate\\Foundation\\Exceptions\\Handler.php(479): Illuminate\\Foundation\\Exceptions\\Handler->prepareResponse()
#17 D:\\OSPanel\\domains\\asap-new-site-dev\\back\\vendor\\laravel\\framework\\src\\Illuminate\\Foundation\\Exceptions\\Handler.php(396): Illuminate\\Foundation\\Exceptions\\Handler->renderExceptionResponse()
#18 D:\\OSPanel\\domains\\asap-new-site-dev\\back\\vendor\\laravel\\framework\\src\\Illuminate\\Routing\\Pipeline.php(51): Illuminate\\Foundation\\Exceptions\\Handler->render()
#19 D:\\OSPanel\\domains\\asap-new-site-dev\\back\\vendor\\laravel\\framework\\src\\Illuminate\\Pipeline\\Pipeline.php(185): Illuminate\\Routing\\Pipeline->handleException()
#20 D:\\OSPanel\\domains\\asap-new-site-dev\\back\\vendor\\laravel\\framework\\src\\Illuminate\\Pipeline\\Pipeline.php(116): Illuminate\\Pipeline\\Pipeline->Illuminate\\Pipeline\\{closure}()
#21 D:\\OSPanel\\domains\\asap-new-site-dev\\back\\vendor\\laravel\\framework\\src\\Illuminate\\Foundation\\Http\\Kernel.php(175): Illuminate\\Pipeline\\Pipeline->then()
#22 D:\\OSPanel\\domains\\asap-new-site-dev\\back\\vendor\\laravel\\framework\\src\\Illuminate\\Foundation\\Http\\Kernel.php(144): Illuminate\\Foundation\\Http\\Kernel->sendRequestThroughRouter()
#23 D:\\OSPanel\\domains\\asap-new-site-dev\\back\\public\\index.php(51): Illuminate\\Foundation\\Http\\Kernel->handle()
#24 D:\\OSPanel\\domains\\asap-new-site-dev\\back\\vendor\\laravel\\framework\\src\\Illuminate\\Foundation\\resources\\server.php(16): require_once('D:\\\\OSPanel\\\\doma...')
#25 {main}
"} 
[2024-11-16 11:25:52] production.ERROR: Please provide a valid cache path. {"exception":"[object] (InvalidArgumentException(code: 0): Please provide a valid cache path. at D:\\OSPanel\\domains\\asap-new-site-dev\\back\\vendor\\laravel\\framework\\src\\Illuminate\\View\\Compilers\\Compiler.php:66)
[stacktrace]
#0 D:\\OSPanel\\domains\\asap-new-site-dev\\back\\vendor\\laravel\\framework\\src\\Illuminate\\View\\ViewServiceProvider.php(96): Illuminate\\View\\Compilers\\Compiler->__construct()
#1 D:\\OSPanel\\domains\\asap-new-site-dev\\back\\vendor\\laravel\\framework\\src\\Illuminate\\Container\\Container.php(910): Illuminate\\View\\ViewServiceProvider->Illuminate\\View\\{closure}()
#2 D:\\OSPanel\\domains\\asap-new-site-dev\\back\\vendor\\laravel\\framework\\src\\Illuminate\\Container\\Container.php(795): Illuminate\\Container\\Container->build()
#3 D:\\OSPanel\\domains\\asap-new-site-dev\\back\\vendor\\laravel\\framework\\src\\Illuminate\\Foundation\\Application.php(933): Illuminate\\Container\\Container->resolve()
#4 D:\\OSPanel\\domains\\asap-new-site-dev\\back\\vendor\\laravel\\framework\\src\\Illuminate\\Container\\Container.php(731): Illuminate\\Foundation\\Application->resolve()
#5 D:\\OSPanel\\domains\\asap-new-site-dev\\back\\vendor\\laravel\\framework\\src\\Illuminate\\Foundation\\Application.php(918): Illuminate\\Container\\Container->make()
#6 D:\\OSPanel\\domains\\asap-new-site-dev\\back\\vendor\\laravel\\framework\\src\\Illuminate\\Container\\Container.php(1456): Illuminate\\Foundation\\Application->make()
#7 D:\\OSPanel\\domains\\asap-new-site-dev\\back\\vendor\\laravel\\framework\\src\\Illuminate\\View\\ViewServiceProvider.php(164): Illuminate\\Container\\Container->offsetGet()
#8 [internal function]: Illuminate\\View\\ViewServiceProvider->Illuminate\\View\\{closure}()
#9 D:\\OSPanel\\domains\\asap-new-site-dev\\back\\vendor\\laravel\\framework\\src\\Illuminate\\View\\Engines\\EngineResolver.php(55): call_user_func()
#10 D:\\OSPanel\\domains\\asap-new-site-dev\\back\\vendor\\laravel\\framework\\src\\Illuminate\\View\\Factory.php(310): Illuminate\\View\\Engines\\EngineResolver->resolve()
#11 D:\\OSPanel\\domains\\asap-new-site-dev\\back\\vendor\\laravel\\framework\\src\\Illuminate\\View\\Factory.php(274): Illuminate\\View\\Factory->getEngineFromPath()
#12 D:\\OSPanel\\domains\\asap-new-site-dev\\back\\vendor\\laravel\\framework\\src\\Illuminate\\View\\Factory.php(146): Illuminate\\View\\Factory->viewInstance()
#13 D:\\OSPanel\\domains\\asap-new-site-dev\\back\\vendor\\laravel\\framework\\src\\Illuminate\\Routing\\ResponseFactory.php(87): Illuminate\\View\\Factory->make()
#14 D:\\OSPanel\\domains\\asap-new-site-dev\\back\\vendor\\laravel\\framework\\src\\Illuminate\\Foundation\\Exceptions\\Handler.php(645): Illuminate\\Routing\\ResponseFactory->view()
#15 D:\\OSPanel\\domains\\asap-new-site-dev\\back\\vendor\\laravel\\framework\\src\\Illuminate\\Foundation\\Exceptions\\Handler.php(573): Illuminate\\Foundation\\Exceptions\\Handler->renderHttpException()
#16 D:\\OSPanel\\domains\\asap-new-site-dev\\back\\vendor\\laravel\\framework\\src\\Illuminate\\Foundation\\Exceptions\\Handler.php(479): Illuminate\\Foundation\\Exceptions\\Handler->prepareResponse()
#17 D:\\OSPanel\\domains\\asap-new-site-dev\\back\\vendor\\laravel\\framework\\src\\Illuminate\\Foundation\\Exceptions\\Handler.php(396): Illuminate\\Foundation\\Exceptions\\Handler->renderExceptionResponse()
#18 D:\\OSPanel\\domains\\asap-new-site-dev\\back\\vendor\\laravel\\framework\\src\\Illuminate\\Foundation\\Http\\Kernel.php(503): Illuminate\\Foundation\\Exceptions\\Handler->render()
#19 D:\\OSPanel\\domains\\asap-new-site-dev\\back\\vendor\\laravel\\framework\\src\\Illuminate\\Foundation\\Http\\Kernel.php(148): Illuminate\\Foundation\\Http\\Kernel->renderException()
#20 D:\\OSPanel\\domains\\asap-new-site-dev\\back\\public\\index.php(51): Illuminate\\Foundation\\Http\\Kernel->handle()
#21 D:\\OSPanel\\domains\\asap-new-site-dev\\back\\vendor\\laravel\\framework\\src\\Illuminate\\Foundation\\resources\\server.php(16): require_once('D:\\\\OSPanel\\\\doma...')
#22 {main}
"} 
[2024-11-16 11:25:53] production.ERROR: Uncaught InvalidArgumentException: Please provide a valid cache path. in D:\OSPanel\domains\asap-new-site-dev\back\vendor\laravel\framework\src\Illuminate\View\Compilers\Compiler.php:66
Stack trace:
#0 D:\OSPanel\domains\asap-new-site-dev\back\vendor\laravel\framework\src\Illuminate\View\ViewServiceProvider.php(96): Illuminate\View\Compilers\Compiler->__construct()
#1 D:\OSPanel\domains\asap-new-site-dev\back\vendor\laravel\framework\src\Illuminate\Container\Container.php(910): Illuminate\View\ViewServiceProvider->Illuminate\View\{closure}()
#2 D:\OSPanel\domains\asap-new-site-dev\back\vendor\laravel\framework\src\Illuminate\Container\Container.php(795): Illuminate\Container\Container->build()
#3 D:\OSPanel\domains\asap-new-site-dev\back\vendor\laravel\framework\src\Illuminate\Foundation\Application.php(933): Illuminate\Container\Container->resolve()
#4 D:\OSPanel\domains\asap-new-site-dev\back\vendor\laravel\framework\src\Illuminate\Container\Container.php(731): Illuminate\Foundation\Application->resolve()
#5 D:\OSPanel\domains\asap-new-site-dev\back\vendor\laravel\framework\src\Illuminate\Foundation\Application.php(918): Illuminate\Container\Container->make()
#6 D:\OSPanel\domains\asap-new-site-dev\back\vendor\laravel\framework\src\Illuminate\Container\Container.php(1456): Illuminate\Foundation\Application->make()
#7 D:\OSPanel\domains\asap-new-site-dev\back\vendor\laravel\framework\src\Illuminate\View\ViewServiceProvider.php(164): Illuminate\Container\Container->offsetGet()
#8 [internal function]: Illuminate\View\ViewServiceProvider->Illuminate\View\{closure}()
#9 D:\OSPanel\domains\asap-new-site-dev\back\vendor\laravel\framework\src\Illuminate\View\Engines\EngineResolver.php(55): call_user_func()
#10 D:\OSPanel\domains\asap-new-site-dev\back\vendor\laravel\framework\src\Illuminate\View\Factory.php(310): Illuminate\View\Engines\EngineResolver->resolve()
#11 D:\OSPanel\domains\asap-new-site-dev\back\vendor\laravel\framework\src\Illuminate\View\Factory.php(274): Illuminate\View\Factory->getEngineFromPath()
#12 D:\OSPanel\domains\asap-new-site-dev\back\vendor\laravel\framework\src\Illuminate\View\Factory.php(146): Illuminate\View\Factory->viewInstance()
#13 D:\OSPanel\domains\asap-new-site-dev\back\vendor\laravel\framework\src\Illuminate\Routing\ResponseFactory.php(87): Illuminate\View\Factory->make()
#14 D:\OSPanel\domains\asap-new-site-dev\back\vendor\laravel\framework\src\Illuminate\Foundation\Exceptions\Handler.php(645): Illuminate\Routing\ResponseFactory->view()
#15 D:\OSPanel\domains\asap-new-site-dev\back\vendor\laravel\framework\src\Illuminate\Foundation\Exceptions\Handler.php(573): Illuminate\Foundation\Exceptions\Handler->renderHttpException()
#16 D:\OSPanel\domains\asap-new-site-dev\back\vendor\laravel\framework\src\Illuminate\Foundation\Exceptions\Handler.php(479): Illuminate\Foundation\Exceptions\Handler->prepareResponse()
#17 D:\OSPanel\domains\asap-new-site-dev\back\vendor\laravel\framework\src\Illuminate\Foundation\Exceptions\Handler.php(396): Illuminate\Foundation\Exceptions\Handler->renderExceptionResponse()
#18 D:\OSPanel\domains\asap-new-site-dev\back\vendor\laravel\framework\src\Illuminate\Foundation\Bootstrap\HandleExceptions.php(217): Illuminate\Foundation\Exceptions\Handler->render()
#19 D:\OSPanel\domains\asap-new-site-dev\back\vendor\laravel\framework\src\Illuminate\Foundation\Bootstrap\HandleExceptions.php(194): Illuminate\Foundation\Bootstrap\HandleExceptions->renderHttpResponse()
#20 D:\OSPanel\domains\asap-new-site-dev\back\vendor\laravel\framework\src\Illuminate\Foundation\Bootstrap\HandleExceptions.php(254): Illuminate\Foundation\Bootstrap\HandleExceptions->handleException()
#21 [internal function]: Illuminate\Foundation\Bootstrap\HandleExceptions->Illuminate\Foundation\Bootstrap\{closure}()
#22 {main}
  thrown {"exception":"[object] (Symfony\\Component\\ErrorHandler\\Error\\FatalError(code: 0): Uncaught InvalidArgumentException: Please provide a valid cache path. in D:\\OSPanel\\domains\\asap-new-site-dev\\back\\vendor\\laravel\\framework\\src\\Illuminate\\View\\Compilers\\Compiler.php:66
Stack trace:
#0 D:\\OSPanel\\domains\\asap-new-site-dev\\back\\vendor\\laravel\\framework\\src\\Illuminate\\View\\ViewServiceProvider.php(96): Illuminate\\View\\Compilers\\Compiler->__construct()
#1 D:\\OSPanel\\domains\\asap-new-site-dev\\back\\vendor\\laravel\\framework\\src\\Illuminate\\Container\\Container.php(910): Illuminate\\View\\ViewServiceProvider->Illuminate\\View\\{closure}()
#2 D:\\OSPanel\\domains\\asap-new-site-dev\\back\\vendor\\laravel\\framework\\src\\Illuminate\\Container\\Container.php(795): Illuminate\\Container\\Container->build()
#3 D:\\OSPanel\\domains\\asap-new-site-dev\\back\\vendor\\laravel\\framework\\src\\Illuminate\\Foundation\\Application.php(933): Illuminate\\Container\\Container->resolve()
#4 D:\\OSPanel\\domains\\asap-new-site-dev\\back\\vendor\\laravel\\framework\\src\\Illuminate\\Container\\Container.php(731): Illuminate\\Foundation\\Application->resolve()
#5 D:\\OSPanel\\domains\\asap-new-site-dev\\back\\vendor\\laravel\\framework\\src\\Illuminate\\Foundation\\Application.php(918): Illuminate\\Container\\Container->make()
#6 D:\\OSPanel\\domains\\asap-new-site-dev\\back\\vendor\\laravel\\framework\\src\\Illuminate\\Container\\Container.php(1456): Illuminate\\Foundation\\Application->make()
#7 D:\\OSPanel\\domains\\asap-new-site-dev\\back\\vendor\\laravel\\framework\\src\\Illuminate\\View\\ViewServiceProvider.php(164): Illuminate\\Container\\Container->offsetGet()
#8 [internal function]: Illuminate\\View\\ViewServiceProvider->Illuminate\\View\\{closure}()
#9 D:\\OSPanel\\domains\\asap-new-site-dev\\back\\vendor\\laravel\\framework\\src\\Illuminate\\View\\Engines\\EngineResolver.php(55): call_user_func()
#10 D:\\OSPanel\\domains\\asap-new-site-dev\\back\\vendor\\laravel\\framework\\src\\Illuminate\\View\\Factory.php(310): Illuminate\\View\\Engines\\EngineResolver->resolve()
#11 D:\\OSPanel\\domains\\asap-new-site-dev\\back\\vendor\\laravel\\framework\\src\\Illuminate\\View\\Factory.php(274): Illuminate\\View\\Factory->getEngineFromPath()
#12 D:\\OSPanel\\domains\\asap-new-site-dev\\back\\vendor\\laravel\\framework\\src\\Illuminate\\View\\Factory.php(146): Illuminate\\View\\Factory->viewInstance()
#13 D:\\OSPanel\\domains\\asap-new-site-dev\\back\\vendor\\laravel\\framework\\src\\Illuminate\\Routing\\ResponseFactory.php(87): Illuminate\\View\\Factory->make()
#14 D:\\OSPanel\\domains\\asap-new-site-dev\\back\\vendor\\laravel\\framework\\src\\Illuminate\\Foundation\\Exceptions\\Handler.php(645): Illuminate\\Routing\\ResponseFactory->view()
#15 D:\\OSPanel\\domains\\asap-new-site-dev\\back\\vendor\\laravel\\framework\\src\\Illuminate\\Foundation\\Exceptions\\Handler.php(573): Illuminate\\Foundation\\Exceptions\\Handler->renderHttpException()
#16 D:\\OSPanel\\domains\\asap-new-site-dev\\back\\vendor\\laravel\\framework\\src\\Illuminate\\Foundation\\Exceptions\\Handler.php(479): Illuminate\\Foundation\\Exceptions\\Handler->prepareResponse()
#17 D:\\OSPanel\\domains\\asap-new-site-dev\\back\\vendor\\laravel\\framework\\src\\Illuminate\\Foundation\\Exceptions\\Handler.php(396): Illuminate\\Foundation\\Exceptions\\Handler->renderExceptionResponse()
#18 D:\\OSPanel\\domains\\asap-new-site-dev\\back\\vendor\\laravel\\framework\\src\\Illuminate\\Foundation\\Bootstrap\\HandleExceptions.php(217): Illuminate\\Foundation\\Exceptions\\Handler->render()
#19 D:\\OSPanel\\domains\\asap-new-site-dev\\back\\vendor\\laravel\\framework\\src\\Illuminate\\Foundation\\Bootstrap\\HandleExceptions.php(194): Illuminate\\Foundation\\Bootstrap\\HandleExceptions->renderHttpResponse()
#20 D:\\OSPanel\\domains\\asap-new-site-dev\\back\\vendor\\laravel\\framework\\src\\Illuminate\\Foundation\\Bootstrap\\HandleExceptions.php(254): Illuminate\\Foundation\\Bootstrap\\HandleExceptions->handleException()
#21 [internal function]: Illuminate\\Foundation\\Bootstrap\\HandleExceptions->Illuminate\\Foundation\\Bootstrap\\{closure}()
#22 {main}
  thrown at D:\\OSPanel\\domains\\asap-new-site-dev\\back\\vendor\\laravel\\framework\\src\\Illuminate\\View\\Compilers\\Compiler.php:66)
[stacktrace]
#0 {main}
"} 
[2024-11-16 11:28:07] production.ERROR: No application encryption key has been specified. {"exception":"[object] (Illuminate\\Encryption\\MissingAppKeyException(code: 0): No application encryption key has been specified. at D:\\OSPanel\\domains\\asap-new-site-dev\\back\\vendor\\laravel\\framework\\src\\Illuminate\\Encryption\\EncryptionServiceProvider.php:79)
[stacktrace]
#0 D:\\OSPanel\\domains\\asap-new-site-dev\\back\\vendor\\laravel\\framework\\src\\Illuminate\\Support\\helpers.php(307): Illuminate\\Encryption\\EncryptionServiceProvider->Illuminate\\Encryption\\{closure}()
#1 D:\\OSPanel\\domains\\asap-new-site-dev\\back\\vendor\\laravel\\framework\\src\\Illuminate\\Encryption\\EncryptionServiceProvider.php(77): tap()
#2 D:\\OSPanel\\domains\\asap-new-site-dev\\back\\vendor\\laravel\\framework\\src\\Illuminate\\Encryption\\EncryptionServiceProvider.php(60): Illuminate\\Encryption\\EncryptionServiceProvider->key()
#3 D:\\OSPanel\\domains\\asap-new-site-dev\\back\\vendor\\laravel\\framework\\src\\Illuminate\\Encryption\\EncryptionServiceProvider.php(32): Illuminate\\Encryption\\EncryptionServiceProvider->parseKey()
#4 D:\\OSPanel\\domains\\asap-new-site-dev\\back\\vendor\\laravel\\framework\\src\\Illuminate\\Container\\Container.php(910): Illuminate\\Encryption\\EncryptionServiceProvider->Illuminate\\Encryption\\{closure}()
#5 D:\\OSPanel\\domains\\asap-new-site-dev\\back\\vendor\\laravel\\framework\\src\\Illuminate\\Container\\Container.php(795): Illuminate\\Container\\Container->build()
#6 D:\\OSPanel\\domains\\asap-new-site-dev\\back\\vendor\\laravel\\framework\\src\\Illuminate\\Foundation\\Application.php(933): Illuminate\\Container\\Container->resolve()
#7 D:\\OSPanel\\domains\\asap-new-site-dev\\back\\vendor\\laravel\\framework\\src\\Illuminate\\Container\\Container.php(731): Illuminate\\Foundation\\Application->resolve()
#8 D:\\OSPanel\\domains\\asap-new-site-dev\\back\\vendor\\laravel\\framework\\src\\Illuminate\\Foundation\\Application.php(918): Illuminate\\Container\\Container->make()
#9 D:\\OSPanel\\domains\\asap-new-site-dev\\back\\vendor\\laravel\\framework\\src\\Illuminate\\Container\\Container.php(1068): Illuminate\\Foundation\\Application->make()
#10 D:\\OSPanel\\domains\\asap-new-site-dev\\back\\vendor\\laravel\\framework\\src\\Illuminate\\Container\\Container.php(984): Illuminate\\Container\\Container->resolveClass()
#11 D:\\OSPanel\\domains\\asap-new-site-dev\\back\\vendor\\laravel\\framework\\src\\Illuminate\\Container\\Container.php(945): Illuminate\\Container\\Container->resolveDependencies()
#12 D:\\OSPanel\\domains\\asap-new-site-dev\\back\\vendor\\laravel\\framework\\src\\Illuminate\\Container\\Container.php(795): Illuminate\\Container\\Container->build()
#13 D:\\OSPanel\\domains\\asap-new-site-dev\\back\\vendor\\laravel\\framework\\src\\Illuminate\\Foundation\\Application.php(933): Illuminate\\Container\\Container->resolve()
#14 D:\\OSPanel\\domains\\asap-new-site-dev\\back\\vendor\\laravel\\framework\\src\\Illuminate\\Container\\Container.php(731): Illuminate\\Foundation\\Application->resolve()
#15 D:\\OSPanel\\domains\\asap-new-site-dev\\back\\vendor\\laravel\\framework\\src\\Illuminate\\Foundation\\Application.php(918): Illuminate\\Container\\Container->make()
#16 D:\\OSPanel\\domains\\asap-new-site-dev\\back\\vendor\\laravel\\framework\\src\\Illuminate\\Pipeline\\Pipeline.php(169): Illuminate\\Foundation\\Application->make()
#17 D:\\OSPanel\\domains\\asap-new-site-dev\\back\\vendor\\laravel\\framework\\src\\Illuminate\\Pipeline\\Pipeline.php(116): Illuminate\\Pipeline\\Pipeline->Illuminate\\Pipeline\\{closure}()
#18 D:\\OSPanel\\domains\\asap-new-site-dev\\back\\vendor\\laravel\\framework\\src\\Illuminate\\Routing\\Router.php(798): Illuminate\\Pipeline\\Pipeline->then()
#19 D:\\OSPanel\\domains\\asap-new-site-dev\\back\\vendor\\laravel\\framework\\src\\Illuminate\\Routing\\Router.php(777): Illuminate\\Routing\\Router->runRouteWithinStack()
#20 D:\\OSPanel\\domains\\asap-new-site-dev\\back\\vendor\\laravel\\framework\\src\\Illuminate\\Routing\\Router.php(741): Illuminate\\Routing\\Router->runRoute()
#21 D:\\OSPanel\\domains\\asap-new-site-dev\\back\\vendor\\laravel\\framework\\src\\Illuminate\\Routing\\Router.php(730): Illuminate\\Routing\\Router->dispatchToRoute()
#22 D:\\OSPanel\\domains\\asap-new-site-dev\\back\\vendor\\laravel\\framework\\src\\Illuminate\\Foundation\\Http\\Kernel.php(200): Illuminate\\Routing\\Router->dispatch()
#23 D:\\OSPanel\\domains\\asap-new-site-dev\\back\\vendor\\laravel\\framework\\src\\Illuminate\\Pipeline\\Pipeline.php(141): Illuminate\\Foundation\\Http\\Kernel->Illuminate\\Foundation\\Http\\{closure}()
#24 D:\\OSPanel\\domains\\asap-new-site-dev\\back\\vendor\\laravel\\framework\\src\\Illuminate\\Foundation\\Http\\Middleware\\TransformsRequest.php(21): Illuminate\\Pipeline\\Pipeline->Illuminate\\Pipeline\\{closure}()
#25 D:\\OSPanel\\domains\\asap-new-site-dev\\back\\vendor\\laravel\\framework\\src\\Illuminate\\Foundation\\Http\\Middleware\\ConvertEmptyStringsToNull.php(31): Illuminate\\Foundation\\Http\\Middleware\\TransformsRequest->handle()
#26 D:\\OSPanel\\domains\\asap-new-site-dev\\back\\vendor\\laravel\\framework\\src\\Illuminate\\Pipeline\\Pipeline.php(180): Illuminate\\Foundation\\Http\\Middleware\\ConvertEmptyStringsToNull->handle()
#27 D:\\OSPanel\\domains\\asap-new-site-dev\\back\\vendor\\laravel\\framework\\src\\Illuminate\\Foundation\\Http\\Middleware\\TransformsRequest.php(21): Illuminate\\Pipeline\\Pipeline->Illuminate\\Pipeline\\{closure}()
#28 D:\\OSPanel\\domains\\asap-new-site-dev\\back\\vendor\\laravel\\framework\\src\\Illuminate\\Foundation\\Http\\Middleware\\TrimStrings.php(40): Illuminate\\Foundation\\Http\\Middleware\\TransformsRequest->handle()
#29 D:\\OSPanel\\domains\\asap-new-site-dev\\back\\vendor\\laravel\\framework\\src\\Illuminate\\Pipeline\\Pipeline.php(180): Illuminate\\Foundation\\Http\\Middleware\\TrimStrings->handle()
#30 D:\\OSPanel\\domains\\asap-new-site-dev\\back\\vendor\\laravel\\framework\\src\\Illuminate\\Foundation\\Http\\Middleware\\ValidatePostSize.php(27): Illuminate\\Pipeline\\Pipeline->Illuminate\\Pipeline\\{closure}()
#31 D:\\OSPanel\\domains\\asap-new-site-dev\\back\\vendor\\laravel\\framework\\src\\Illuminate\\Pipeline\\Pipeline.php(180): Illuminate\\Foundation\\Http\\Middleware\\ValidatePostSize->handle()
#32 D:\\OSPanel\\domains\\asap-new-site-dev\\back\\vendor\\laravel\\framework\\src\\Illuminate\\Foundation\\Http\\Middleware\\PreventRequestsDuringMaintenance.php(86): Illuminate\\Pipeline\\Pipeline->Illuminate\\Pipeline\\{closure}()
#33 D:\\OSPanel\\domains\\asap-new-site-dev\\back\\vendor\\laravel\\framework\\src\\Illuminate\\Pipeline\\Pipeline.php(180): Illuminate\\Foundation\\Http\\Middleware\\PreventRequestsDuringMaintenance->handle()
#34 D:\\OSPanel\\domains\\asap-new-site-dev\\back\\vendor\\laravel\\framework\\src\\Illuminate\\Http\\Middleware\\HandleCors.php(49): Illuminate\\Pipeline\\Pipeline->Illuminate\\Pipeline\\{closure}()
#35 D:\\OSPanel\\domains\\asap-new-site-dev\\back\\vendor\\laravel\\framework\\src\\Illuminate\\Pipeline\\Pipeline.php(180): Illuminate\\Http\\Middleware\\HandleCors->handle()
#36 D:\\OSPanel\\domains\\asap-new-site-dev\\back\\vendor\\laravel\\framework\\src\\Illuminate\\Http\\Middleware\\TrustProxies.php(39): Illuminate\\Pipeline\\Pipeline->Illuminate\\Pipeline\\{closure}()
#37 D:\\OSPanel\\domains\\asap-new-site-dev\\back\\vendor\\laravel\\framework\\src\\Illuminate\\Pipeline\\Pipeline.php(180): Illuminate\\Http\\Middleware\\TrustProxies->handle()
#38 D:\\OSPanel\\domains\\asap-new-site-dev\\back\\vendor\\laravel\\framework\\src\\Illuminate\\Pipeline\\Pipeline.php(116): Illuminate\\Pipeline\\Pipeline->Illuminate\\Pipeline\\{closure}()
#39 D:\\OSPanel\\domains\\asap-new-site-dev\\back\\vendor\\laravel\\framework\\src\\Illuminate\\Foundation\\Http\\Kernel.php(175): Illuminate\\Pipeline\\Pipeline->then()
#40 D:\\OSPanel\\domains\\asap-new-site-dev\\back\\vendor\\laravel\\framework\\src\\Illuminate\\Foundation\\Http\\Kernel.php(144): Illuminate\\Foundation\\Http\\Kernel->sendRequestThroughRouter()
#41 D:\\OSPanel\\domains\\asap-new-site-dev\\back\\public\\index.php(51): Illuminate\\Foundation\\Http\\Kernel->handle()
#42 D:\\OSPanel\\domains\\asap-new-site-dev\\back\\vendor\\laravel\\framework\\src\\Illuminate\\Foundation\\resources\\server.php(16): require_once('D:\\\\OSPanel\\\\doma...')
#43 {main}
"} 
[2024-11-16 11:28:07] production.ERROR: Please provide a valid cache path. {"exception":"[object] (InvalidArgumentException(code: 0): Please provide a valid cache path. at D:\\OSPanel\\domains\\asap-new-site-dev\\back\\vendor\\laravel\\framework\\src\\Illuminate\\View\\Compilers\\Compiler.php:66)
[stacktrace]
#0 D:\\OSPanel\\domains\\asap-new-site-dev\\back\\vendor\\laravel\\framework\\src\\Illuminate\\View\\ViewServiceProvider.php(96): Illuminate\\View\\Compilers\\Compiler->__construct()
#1 D:\\OSPanel\\domains\\asap-new-site-dev\\back\\vendor\\laravel\\framework\\src\\Illuminate\\Container\\Container.php(910): Illuminate\\View\\ViewServiceProvider->Illuminate\\View\\{closure}()
#2 D:\\OSPanel\\domains\\asap-new-site-dev\\back\\vendor\\laravel\\framework\\src\\Illuminate\\Container\\Container.php(795): Illuminate\\Container\\Container->build()
#3 D:\\OSPanel\\domains\\asap-new-site-dev\\back\\vendor\\laravel\\framework\\src\\Illuminate\\Foundation\\Application.php(933): Illuminate\\Container\\Container->resolve()
#4 D:\\OSPanel\\domains\\asap-new-site-dev\\back\\vendor\\laravel\\framework\\src\\Illuminate\\Container\\Container.php(731): Illuminate\\Foundation\\Application->resolve()
#5 D:\\OSPanel\\domains\\asap-new-site-dev\\back\\vendor\\laravel\\framework\\src\\Illuminate\\Foundation\\Application.php(918): Illuminate\\Container\\Container->make()
#6 D:\\OSPanel\\domains\\asap-new-site-dev\\back\\vendor\\laravel\\framework\\src\\Illuminate\\Container\\Container.php(1456): Illuminate\\Foundation\\Application->make()
#7 D:\\OSPanel\\domains\\asap-new-site-dev\\back\\vendor\\laravel\\framework\\src\\Illuminate\\View\\ViewServiceProvider.php(164): Illuminate\\Container\\Container->offsetGet()
#8 [internal function]: Illuminate\\View\\ViewServiceProvider->Illuminate\\View\\{closure}()
#9 D:\\OSPanel\\domains\\asap-new-site-dev\\back\\vendor\\laravel\\framework\\src\\Illuminate\\View\\Engines\\EngineResolver.php(55): call_user_func()
#10 D:\\OSPanel\\domains\\asap-new-site-dev\\back\\vendor\\laravel\\framework\\src\\Illuminate\\View\\Factory.php(310): Illuminate\\View\\Engines\\EngineResolver->resolve()
#11 D:\\OSPanel\\domains\\asap-new-site-dev\\back\\vendor\\laravel\\framework\\src\\Illuminate\\View\\Factory.php(274): Illuminate\\View\\Factory->getEngineFromPath()
#12 D:\\OSPanel\\domains\\asap-new-site-dev\\back\\vendor\\laravel\\framework\\src\\Illuminate\\View\\Factory.php(146): Illuminate\\View\\Factory->viewInstance()
#13 D:\\OSPanel\\domains\\asap-new-site-dev\\back\\vendor\\laravel\\framework\\src\\Illuminate\\Routing\\ResponseFactory.php(87): Illuminate\\View\\Factory->make()
#14 D:\\OSPanel\\domains\\asap-new-site-dev\\back\\vendor\\laravel\\framework\\src\\Illuminate\\Foundation\\Exceptions\\Handler.php(645): Illuminate\\Routing\\ResponseFactory->view()
#15 D:\\OSPanel\\domains\\asap-new-site-dev\\back\\vendor\\laravel\\framework\\src\\Illuminate\\Foundation\\Exceptions\\Handler.php(573): Illuminate\\Foundation\\Exceptions\\Handler->renderHttpException()
#16 D:\\OSPanel\\domains\\asap-new-site-dev\\back\\vendor\\laravel\\framework\\src\\Illuminate\\Foundation\\Exceptions\\Handler.php(479): Illuminate\\Foundation\\Exceptions\\Handler->prepareResponse()
#17 D:\\OSPanel\\domains\\asap-new-site-dev\\back\\vendor\\laravel\\framework\\src\\Illuminate\\Foundation\\Exceptions\\Handler.php(396): Illuminate\\Foundation\\Exceptions\\Handler->renderExceptionResponse()
#18 D:\\OSPanel\\domains\\asap-new-site-dev\\back\\vendor\\laravel\\framework\\src\\Illuminate\\Routing\\Pipeline.php(51): Illuminate\\Foundation\\Exceptions\\Handler->render()
#19 D:\\OSPanel\\domains\\asap-new-site-dev\\back\\vendor\\laravel\\framework\\src\\Illuminate\\Pipeline\\Pipeline.php(185): Illuminate\\Routing\\Pipeline->handleException()
#20 D:\\OSPanel\\domains\\asap-new-site-dev\\back\\vendor\\laravel\\framework\\src\\Illuminate\\Pipeline\\Pipeline.php(116): Illuminate\\Pipeline\\Pipeline->Illuminate\\Pipeline\\{closure}()
#21 D:\\OSPanel\\domains\\asap-new-site-dev\\back\\vendor\\laravel\\framework\\src\\Illuminate\\Routing\\Router.php(798): Illuminate\\Pipeline\\Pipeline->then()
#22 D:\\OSPanel\\domains\\asap-new-site-dev\\back\\vendor\\laravel\\framework\\src\\Illuminate\\Routing\\Router.php(777): Illuminate\\Routing\\Router->runRouteWithinStack()
#23 D:\\OSPanel\\domains\\asap-new-site-dev\\back\\vendor\\laravel\\framework\\src\\Illuminate\\Routing\\Router.php(741): Illuminate\\Routing\\Router->runRoute()
#24 D:\\OSPanel\\domains\\asap-new-site-dev\\back\\vendor\\laravel\\framework\\src\\Illuminate\\Routing\\Router.php(730): Illuminate\\Routing\\Router->dispatchToRoute()
#25 D:\\OSPanel\\domains\\asap-new-site-dev\\back\\vendor\\laravel\\framework\\src\\Illuminate\\Foundation\\Http\\Kernel.php(200): Illuminate\\Routing\\Router->dispatch()
#26 D:\\OSPanel\\domains\\asap-new-site-dev\\back\\vendor\\laravel\\framework\\src\\Illuminate\\Pipeline\\Pipeline.php(141): Illuminate\\Foundation\\Http\\Kernel->Illuminate\\Foundation\\Http\\{closure}()
#27 D:\\OSPanel\\domains\\asap-new-site-dev\\back\\vendor\\laravel\\framework\\src\\Illuminate\\Foundation\\Http\\Middleware\\TransformsRequest.php(21): Illuminate\\Pipeline\\Pipeline->Illuminate\\Pipeline\\{closure}()
#28 D:\\OSPanel\\domains\\asap-new-site-dev\\back\\vendor\\laravel\\framework\\src\\Illuminate\\Foundation\\Http\\Middleware\\ConvertEmptyStringsToNull.php(31): Illuminate\\Foundation\\Http\\Middleware\\TransformsRequest->handle()
#29 D:\\OSPanel\\domains\\asap-new-site-dev\\back\\vendor\\laravel\\framework\\src\\Illuminate\\Pipeline\\Pipeline.php(180): Illuminate\\Foundation\\Http\\Middleware\\ConvertEmptyStringsToNull->handle()
#30 D:\\OSPanel\\domains\\asap-new-site-dev\\back\\vendor\\laravel\\framework\\src\\Illuminate\\Foundation\\Http\\Middleware\\TransformsRequest.php(21): Illuminate\\Pipeline\\Pipeline->Illuminate\\Pipeline\\{closure}()
#31 D:\\OSPanel\\domains\\asap-new-site-dev\\back\\vendor\\laravel\\framework\\src\\Illuminate\\Foundation\\Http\\Middleware\\TrimStrings.php(40): Illuminate\\Foundation\\Http\\Middleware\\TransformsRequest->handle()
#32 D:\\OSPanel\\domains\\asap-new-site-dev\\back\\vendor\\laravel\\framework\\src\\Illuminate\\Pipeline\\Pipeline.php(180): Illuminate\\Foundation\\Http\\Middleware\\TrimStrings->handle()
#33 D:\\OSPanel\\domains\\asap-new-site-dev\\back\\vendor\\laravel\\framework\\src\\Illuminate\\Foundation\\Http\\Middleware\\ValidatePostSize.php(27): Illuminate\\Pipeline\\Pipeline->Illuminate\\Pipeline\\{closure}()
#34 D:\\OSPanel\\domains\\asap-new-site-dev\\back\\vendor\\laravel\\framework\\src\\Illuminate\\Pipeline\\Pipeline.php(180): Illuminate\\Foundation\\Http\\Middleware\\ValidatePostSize->handle()
#35 D:\\OSPanel\\domains\\asap-new-site-dev\\back\\vendor\\laravel\\framework\\src\\Illuminate\\Foundation\\Http\\Middleware\\PreventRequestsDuringMaintenance.php(86): Illuminate\\Pipeline\\Pipeline->Illuminate\\Pipeline\\{closure}()
#36 D:\\OSPanel\\domains\\asap-new-site-dev\\back\\vendor\\laravel\\framework\\src\\Illuminate\\Pipeline\\Pipeline.php(180): Illuminate\\Foundation\\Http\\Middleware\\PreventRequestsDuringMaintenance->handle()
#37 D:\\OSPanel\\domains\\asap-new-site-dev\\back\\vendor\\laravel\\framework\\src\\Illuminate\\Http\\Middleware\\HandleCors.php(49): Illuminate\\Pipeline\\Pipeline->Illuminate\\Pipeline\\{closure}()
#38 D:\\OSPanel\\domains\\asap-new-site-dev\\back\\vendor\\laravel\\framework\\src\\Illuminate\\Pipeline\\Pipeline.php(180): Illuminate\\Http\\Middleware\\HandleCors->handle()
#39 D:\\OSPanel\\domains\\asap-new-site-dev\\back\\vendor\\laravel\\framework\\src\\Illuminate\\Http\\Middleware\\TrustProxies.php(39): Illuminate\\Pipeline\\Pipeline->Illuminate\\Pipeline\\{closure}()
#40 D:\\OSPanel\\domains\\asap-new-site-dev\\back\\vendor\\laravel\\framework\\src\\Illuminate\\Pipeline\\Pipeline.php(180): Illuminate\\Http\\Middleware\\TrustProxies->handle()
#41 D:\\OSPanel\\domains\\asap-new-site-dev\\back\\vendor\\laravel\\framework\\src\\Illuminate\\Pipeline\\Pipeline.php(116): Illuminate\\Pipeline\\Pipeline->Illuminate\\Pipeline\\{closure}()
#42 D:\\OSPanel\\domains\\asap-new-site-dev\\back\\vendor\\laravel\\framework\\src\\Illuminate\\Foundation\\Http\\Kernel.php(175): Illuminate\\Pipeline\\Pipeline->then()
#43 D:\\OSPanel\\domains\\asap-new-site-dev\\back\\vendor\\laravel\\framework\\src\\Illuminate\\Foundation\\Http\\Kernel.php(144): Illuminate\\Foundation\\Http\\Kernel->sendRequestThroughRouter()
#44 D:\\OSPanel\\domains\\asap-new-site-dev\\back\\public\\index.php(51): Illuminate\\Foundation\\Http\\Kernel->handle()
#45 D:\\OSPanel\\domains\\asap-new-site-dev\\back\\vendor\\laravel\\framework\\src\\Illuminate\\Foundation\\resources\\server.php(16): require_once('D:\\\\OSPanel\\\\doma...')
#46 {main}
"} 
[2024-11-16 11:28:07] production.ERROR: Please provide a valid cache path. {"exception":"[object] (InvalidArgumentException(code: 0): Please provide a valid cache path. at D:\\OSPanel\\domains\\asap-new-site-dev\\back\\vendor\\laravel\\framework\\src\\Illuminate\\View\\Compilers\\Compiler.php:66)
[stacktrace]
#0 D:\\OSPanel\\domains\\asap-new-site-dev\\back\\vendor\\laravel\\framework\\src\\Illuminate\\View\\ViewServiceProvider.php(96): Illuminate\\View\\Compilers\\Compiler->__construct()
#1 D:\\OSPanel\\domains\\asap-new-site-dev\\back\\vendor\\laravel\\framework\\src\\Illuminate\\Container\\Container.php(910): Illuminate\\View\\ViewServiceProvider->Illuminate\\View\\{closure}()
#2 D:\\OSPanel\\domains\\asap-new-site-dev\\back\\vendor\\laravel\\framework\\src\\Illuminate\\Container\\Container.php(795): Illuminate\\Container\\Container->build()
#3 D:\\OSPanel\\domains\\asap-new-site-dev\\back\\vendor\\laravel\\framework\\src\\Illuminate\\Foundation\\Application.php(933): Illuminate\\Container\\Container->resolve()
#4 D:\\OSPanel\\domains\\asap-new-site-dev\\back\\vendor\\laravel\\framework\\src\\Illuminate\\Container\\Container.php(731): Illuminate\\Foundation\\Application->resolve()
#5 D:\\OSPanel\\domains\\asap-new-site-dev\\back\\vendor\\laravel\\framework\\src\\Illuminate\\Foundation\\Application.php(918): Illuminate\\Container\\Container->make()
#6 D:\\OSPanel\\domains\\asap-new-site-dev\\back\\vendor\\laravel\\framework\\src\\Illuminate\\Container\\Container.php(1456): Illuminate\\Foundation\\Application->make()
#7 D:\\OSPanel\\domains\\asap-new-site-dev\\back\\vendor\\laravel\\framework\\src\\Illuminate\\View\\ViewServiceProvider.php(164): Illuminate\\Container\\Container->offsetGet()
#8 [internal function]: Illuminate\\View\\ViewServiceProvider->Illuminate\\View\\{closure}()
#9 D:\\OSPanel\\domains\\asap-new-site-dev\\back\\vendor\\laravel\\framework\\src\\Illuminate\\View\\Engines\\EngineResolver.php(55): call_user_func()
#10 D:\\OSPanel\\domains\\asap-new-site-dev\\back\\vendor\\laravel\\framework\\src\\Illuminate\\View\\Factory.php(310): Illuminate\\View\\Engines\\EngineResolver->resolve()
#11 D:\\OSPanel\\domains\\asap-new-site-dev\\back\\vendor\\laravel\\framework\\src\\Illuminate\\View\\Factory.php(274): Illuminate\\View\\Factory->getEngineFromPath()
#12 D:\\OSPanel\\domains\\asap-new-site-dev\\back\\vendor\\laravel\\framework\\src\\Illuminate\\View\\Factory.php(146): Illuminate\\View\\Factory->viewInstance()
#13 D:\\OSPanel\\domains\\asap-new-site-dev\\back\\vendor\\laravel\\framework\\src\\Illuminate\\Routing\\ResponseFactory.php(87): Illuminate\\View\\Factory->make()
#14 D:\\OSPanel\\domains\\asap-new-site-dev\\back\\vendor\\laravel\\framework\\src\\Illuminate\\Foundation\\Exceptions\\Handler.php(645): Illuminate\\Routing\\ResponseFactory->view()
#15 D:\\OSPanel\\domains\\asap-new-site-dev\\back\\vendor\\laravel\\framework\\src\\Illuminate\\Foundation\\Exceptions\\Handler.php(573): Illuminate\\Foundation\\Exceptions\\Handler->renderHttpException()
#16 D:\\OSPanel\\domains\\asap-new-site-dev\\back\\vendor\\laravel\\framework\\src\\Illuminate\\Foundation\\Exceptions\\Handler.php(479): Illuminate\\Foundation\\Exceptions\\Handler->prepareResponse()
#17 D:\\OSPanel\\domains\\asap-new-site-dev\\back\\vendor\\laravel\\framework\\src\\Illuminate\\Foundation\\Exceptions\\Handler.php(396): Illuminate\\Foundation\\Exceptions\\Handler->renderExceptionResponse()
#18 D:\\OSPanel\\domains\\asap-new-site-dev\\back\\vendor\\laravel\\framework\\src\\Illuminate\\Routing\\Pipeline.php(51): Illuminate\\Foundation\\Exceptions\\Handler->render()
#19 D:\\OSPanel\\domains\\asap-new-site-dev\\back\\vendor\\laravel\\framework\\src\\Illuminate\\Pipeline\\Pipeline.php(143): Illuminate\\Routing\\Pipeline->handleException()
#20 D:\\OSPanel\\domains\\asap-new-site-dev\\back\\vendor\\laravel\\framework\\src\\Illuminate\\Foundation\\Http\\Middleware\\TransformsRequest.php(21): Illuminate\\Pipeline\\Pipeline->Illuminate\\Pipeline\\{closure}()
#21 D:\\OSPanel\\domains\\asap-new-site-dev\\back\\vendor\\laravel\\framework\\src\\Illuminate\\Foundation\\Http\\Middleware\\ConvertEmptyStringsToNull.php(31): Illuminate\\Foundation\\Http\\Middleware\\TransformsRequest->handle()
#22 D:\\OSPanel\\domains\\asap-new-site-dev\\back\\vendor\\laravel\\framework\\src\\Illuminate\\Pipeline\\Pipeline.php(180): Illuminate\\Foundation\\Http\\Middleware\\ConvertEmptyStringsToNull->handle()
#23 D:\\OSPanel\\domains\\asap-new-site-dev\\back\\vendor\\laravel\\framework\\src\\Illuminate\\Foundation\\Http\\Middleware\\TransformsRequest.php(21): Illuminate\\Pipeline\\Pipeline->Illuminate\\Pipeline\\{closure}()
#24 D:\\OSPanel\\domains\\asap-new-site-dev\\back\\vendor\\laravel\\framework\\src\\Illuminate\\Foundation\\Http\\Middleware\\TrimStrings.php(40): Illuminate\\Foundation\\Http\\Middleware\\TransformsRequest->handle()
#25 D:\\OSPanel\\domains\\asap-new-site-dev\\back\\vendor\\laravel\\framework\\src\\Illuminate\\Pipeline\\Pipeline.php(180): Illuminate\\Foundation\\Http\\Middleware\\TrimStrings->handle()
#26 D:\\OSPanel\\domains\\asap-new-site-dev\\back\\vendor\\laravel\\framework\\src\\Illuminate\\Foundation\\Http\\Middleware\\ValidatePostSize.php(27): Illuminate\\Pipeline\\Pipeline->Illuminate\\Pipeline\\{closure}()
#27 D:\\OSPanel\\domains\\asap-new-site-dev\\back\\vendor\\laravel\\framework\\src\\Illuminate\\Pipeline\\Pipeline.php(180): Illuminate\\Foundation\\Http\\Middleware\\ValidatePostSize->handle()
#28 D:\\OSPanel\\domains\\asap-new-site-dev\\back\\vendor\\laravel\\framework\\src\\Illuminate\\Foundation\\Http\\Middleware\\PreventRequestsDuringMaintenance.php(86): Illuminate\\Pipeline\\Pipeline->Illuminate\\Pipeline\\{closure}()
#29 D:\\OSPanel\\domains\\asap-new-site-dev\\back\\vendor\\laravel\\framework\\src\\Illuminate\\Pipeline\\Pipeline.php(180): Illuminate\\Foundation\\Http\\Middleware\\PreventRequestsDuringMaintenance->handle()
#30 D:\\OSPanel\\domains\\asap-new-site-dev\\back\\vendor\\laravel\\framework\\src\\Illuminate\\Http\\Middleware\\HandleCors.php(49): Illuminate\\Pipeline\\Pipeline->Illuminate\\Pipeline\\{closure}()
#31 D:\\OSPanel\\domains\\asap-new-site-dev\\back\\vendor\\laravel\\framework\\src\\Illuminate\\Pipeline\\Pipeline.php(180): Illuminate\\Http\\Middleware\\HandleCors->handle()
#32 D:\\OSPanel\\domains\\asap-new-site-dev\\back\\vendor\\laravel\\framework\\src\\Illuminate\\Http\\Middleware\\TrustProxies.php(39): Illuminate\\Pipeline\\Pipeline->Illuminate\\Pipeline\\{closure}()
#33 D:\\OSPanel\\domains\\asap-new-site-dev\\back\\vendor\\laravel\\framework\\src\\Illuminate\\Pipeline\\Pipeline.php(180): Illuminate\\Http\\Middleware\\TrustProxies->handle()
#34 D:\\OSPanel\\domains\\asap-new-site-dev\\back\\vendor\\laravel\\framework\\src\\Illuminate\\Pipeline\\Pipeline.php(116): Illuminate\\Pipeline\\Pipeline->Illuminate\\Pipeline\\{closure}()
#35 D:\\OSPanel\\domains\\asap-new-site-dev\\back\\vendor\\laravel\\framework\\src\\Illuminate\\Foundation\\Http\\Kernel.php(175): Illuminate\\Pipeline\\Pipeline->then()
#36 D:\\OSPanel\\domains\\asap-new-site-dev\\back\\vendor\\laravel\\framework\\src\\Illuminate\\Foundation\\Http\\Kernel.php(144): Illuminate\\Foundation\\Http\\Kernel->sendRequestThroughRouter()
#37 D:\\OSPanel\\domains\\asap-new-site-dev\\back\\public\\index.php(51): Illuminate\\Foundation\\Http\\Kernel->handle()
#38 D:\\OSPanel\\domains\\asap-new-site-dev\\back\\vendor\\laravel\\framework\\src\\Illuminate\\Foundation\\resources\\server.php(16): require_once('D:\\\\OSPanel\\\\doma...')
#39 {main}
"} 
[2024-11-16 11:28:07] production.ERROR: Please provide a valid cache path. {"exception":"[object] (InvalidArgumentException(code: 0): Please provide a valid cache path. at D:\\OSPanel\\domains\\asap-new-site-dev\\back\\vendor\\laravel\\framework\\src\\Illuminate\\View\\Compilers\\Compiler.php:66)
[stacktrace]
#0 D:\\OSPanel\\domains\\asap-new-site-dev\\back\\vendor\\laravel\\framework\\src\\Illuminate\\View\\ViewServiceProvider.php(96): Illuminate\\View\\Compilers\\Compiler->__construct()
#1 D:\\OSPanel\\domains\\asap-new-site-dev\\back\\vendor\\laravel\\framework\\src\\Illuminate\\Container\\Container.php(910): Illuminate\\View\\ViewServiceProvider->Illuminate\\View\\{closure}()
#2 D:\\OSPanel\\domains\\asap-new-site-dev\\back\\vendor\\laravel\\framework\\src\\Illuminate\\Container\\Container.php(795): Illuminate\\Container\\Container->build()
#3 D:\\OSPanel\\domains\\asap-new-site-dev\\back\\vendor\\laravel\\framework\\src\\Illuminate\\Foundation\\Application.php(933): Illuminate\\Container\\Container->resolve()
#4 D:\\OSPanel\\domains\\asap-new-site-dev\\back\\vendor\\laravel\\framework\\src\\Illuminate\\Container\\Container.php(731): Illuminate\\Foundation\\Application->resolve()
#5 D:\\OSPanel\\domains\\asap-new-site-dev\\back\\vendor\\laravel\\framework\\src\\Illuminate\\Foundation\\Application.php(918): Illuminate\\Container\\Container->make()
#6 D:\\OSPanel\\domains\\asap-new-site-dev\\back\\vendor\\laravel\\framework\\src\\Illuminate\\Container\\Container.php(1456): Illuminate\\Foundation\\Application->make()
#7 D:\\OSPanel\\domains\\asap-new-site-dev\\back\\vendor\\laravel\\framework\\src\\Illuminate\\View\\ViewServiceProvider.php(164): Illuminate\\Container\\Container->offsetGet()
#8 [internal function]: Illuminate\\View\\ViewServiceProvider->Illuminate\\View\\{closure}()
#9 D:\\OSPanel\\domains\\asap-new-site-dev\\back\\vendor\\laravel\\framework\\src\\Illuminate\\View\\Engines\\EngineResolver.php(55): call_user_func()
#10 D:\\OSPanel\\domains\\asap-new-site-dev\\back\\vendor\\laravel\\framework\\src\\Illuminate\\View\\Factory.php(310): Illuminate\\View\\Engines\\EngineResolver->resolve()
#11 D:\\OSPanel\\domains\\asap-new-site-dev\\back\\vendor\\laravel\\framework\\src\\Illuminate\\View\\Factory.php(274): Illuminate\\View\\Factory->getEngineFromPath()
#12 D:\\OSPanel\\domains\\asap-new-site-dev\\back\\vendor\\laravel\\framework\\src\\Illuminate\\View\\Factory.php(146): Illuminate\\View\\Factory->viewInstance()
#13 D:\\OSPanel\\domains\\asap-new-site-dev\\back\\vendor\\laravel\\framework\\src\\Illuminate\\Routing\\ResponseFactory.php(87): Illuminate\\View\\Factory->make()
#14 D:\\OSPanel\\domains\\asap-new-site-dev\\back\\vendor\\laravel\\framework\\src\\Illuminate\\Foundation\\Exceptions\\Handler.php(645): Illuminate\\Routing\\ResponseFactory->view()
#15 D:\\OSPanel\\domains\\asap-new-site-dev\\back\\vendor\\laravel\\framework\\src\\Illuminate\\Foundation\\Exceptions\\Handler.php(573): Illuminate\\Foundation\\Exceptions\\Handler->renderHttpException()
#16 D:\\OSPanel\\domains\\asap-new-site-dev\\back\\vendor\\laravel\\framework\\src\\Illuminate\\Foundation\\Exceptions\\Handler.php(479): Illuminate\\Foundation\\Exceptions\\Handler->prepareResponse()
#17 D:\\OSPanel\\domains\\asap-new-site-dev\\back\\vendor\\laravel\\framework\\src\\Illuminate\\Foundation\\Exceptions\\Handler.php(396): Illuminate\\Foundation\\Exceptions\\Handler->renderExceptionResponse()
#18 D:\\OSPanel\\domains\\asap-new-site-dev\\back\\vendor\\laravel\\framework\\src\\Illuminate\\Routing\\Pipeline.php(51): Illuminate\\Foundation\\Exceptions\\Handler->render()
#19 D:\\OSPanel\\domains\\asap-new-site-dev\\back\\vendor\\laravel\\framework\\src\\Illuminate\\Pipeline\\Pipeline.php(185): Illuminate\\Routing\\Pipeline->handleException()
#20 D:\\OSPanel\\domains\\asap-new-site-dev\\back\\vendor\\laravel\\framework\\src\\Illuminate\\Foundation\\Http\\Middleware\\TransformsRequest.php(21): Illuminate\\Pipeline\\Pipeline->Illuminate\\Pipeline\\{closure}()
#21 D:\\OSPanel\\domains\\asap-new-site-dev\\back\\vendor\\laravel\\framework\\src\\Illuminate\\Foundation\\Http\\Middleware\\TrimStrings.php(40): Illuminate\\Foundation\\Http\\Middleware\\TransformsRequest->handle()
#22 D:\\OSPanel\\domains\\asap-new-site-dev\\back\\vendor\\laravel\\framework\\src\\Illuminate\\Pipeline\\Pipeline.php(180): Illuminate\\Foundation\\Http\\Middleware\\TrimStrings->handle()
#23 D:\\OSPanel\\domains\\asap-new-site-dev\\back\\vendor\\laravel\\framework\\src\\Illuminate\\Foundation\\Http\\Middleware\\ValidatePostSize.php(27): Illuminate\\Pipeline\\Pipeline->Illuminate\\Pipeline\\{closure}()
#24 D:\\OSPanel\\domains\\asap-new-site-dev\\back\\vendor\\laravel\\framework\\src\\Illuminate\\Pipeline\\Pipeline.php(180): Illuminate\\Foundation\\Http\\Middleware\\ValidatePostSize->handle()
#25 D:\\OSPanel\\domains\\asap-new-site-dev\\back\\vendor\\laravel\\framework\\src\\Illuminate\\Foundation\\Http\\Middleware\\PreventRequestsDuringMaintenance.php(86): Illuminate\\Pipeline\\Pipeline->Illuminate\\Pipeline\\{closure}()
#26 D:\\OSPanel\\domains\\asap-new-site-dev\\back\\vendor\\laravel\\framework\\src\\Illuminate\\Pipeline\\Pipeline.php(180): Illuminate\\Foundation\\Http\\Middleware\\PreventRequestsDuringMaintenance->handle()
#27 D:\\OSPanel\\domains\\asap-new-site-dev\\back\\vendor\\laravel\\framework\\src\\Illuminate\\Http\\Middleware\\HandleCors.php(49): Illuminate\\Pipeline\\Pipeline->Illuminate\\Pipeline\\{closure}()
#28 D:\\OSPanel\\domains\\asap-new-site-dev\\back\\vendor\\laravel\\framework\\src\\Illuminate\\Pipeline\\Pipeline.php(180): Illuminate\\Http\\Middleware\\HandleCors->handle()
#29 D:\\OSPanel\\domains\\asap-new-site-dev\\back\\vendor\\laravel\\framework\\src\\Illuminate\\Http\\Middleware\\TrustProxies.php(39): Illuminate\\Pipeline\\Pipeline->Illuminate\\Pipeline\\{closure}()
#30 D:\\OSPanel\\domains\\asap-new-site-dev\\back\\vendor\\laravel\\framework\\src\\Illuminate\\Pipeline\\Pipeline.php(180): Illuminate\\Http\\Middleware\\TrustProxies->handle()
#31 D:\\OSPanel\\domains\\asap-new-site-dev\\back\\vendor\\laravel\\framework\\src\\Illuminate\\Pipeline\\Pipeline.php(116): Illuminate\\Pipeline\\Pipeline->Illuminate\\Pipeline\\{closure}()
#32 D:\\OSPanel\\domains\\asap-new-site-dev\\back\\vendor\\laravel\\framework\\src\\Illuminate\\Foundation\\Http\\Kernel.php(175): Illuminate\\Pipeline\\Pipeline->then()
#33 D:\\OSPanel\\domains\\asap-new-site-dev\\back\\vendor\\laravel\\framework\\src\\Illuminate\\Foundation\\Http\\Kernel.php(144): Illuminate\\Foundation\\Http\\Kernel->sendRequestThroughRouter()
#34 D:\\OSPanel\\domains\\asap-new-site-dev\\back\\public\\index.php(51): Illuminate\\Foundation\\Http\\Kernel->handle()
#35 D:\\OSPanel\\domains\\asap-new-site-dev\\back\\vendor\\laravel\\framework\\src\\Illuminate\\Foundation\\resources\\server.php(16): require_once('D:\\\\OSPanel\\\\doma...')
#36 {main}
"} 
[2024-11-16 11:28:07] production.ERROR: Please provide a valid cache path. {"exception":"[object] (InvalidArgumentException(code: 0): Please provide a valid cache path. at D:\\OSPanel\\domains\\asap-new-site-dev\\back\\vendor\\laravel\\framework\\src\\Illuminate\\View\\Compilers\\Compiler.php:66)
[stacktrace]
#0 D:\\OSPanel\\domains\\asap-new-site-dev\\back\\vendor\\laravel\\framework\\src\\Illuminate\\View\\ViewServiceProvider.php(96): Illuminate\\View\\Compilers\\Compiler->__construct()
#1 D:\\OSPanel\\domains\\asap-new-site-dev\\back\\vendor\\laravel\\framework\\src\\Illuminate\\Container\\Container.php(910): Illuminate\\View\\ViewServiceProvider->Illuminate\\View\\{closure}()
#2 D:\\OSPanel\\domains\\asap-new-site-dev\\back\\vendor\\laravel\\framework\\src\\Illuminate\\Container\\Container.php(795): Illuminate\\Container\\Container->build()
#3 D:\\OSPanel\\domains\\asap-new-site-dev\\back\\vendor\\laravel\\framework\\src\\Illuminate\\Foundation\\Application.php(933): Illuminate\\Container\\Container->resolve()
#4 D:\\OSPanel\\domains\\asap-new-site-dev\\back\\vendor\\laravel\\framework\\src\\Illuminate\\Container\\Container.php(731): Illuminate\\Foundation\\Application->resolve()
#5 D:\\OSPanel\\domains\\asap-new-site-dev\\back\\vendor\\laravel\\framework\\src\\Illuminate\\Foundation\\Application.php(918): Illuminate\\Container\\Container->make()
#6 D:\\OSPanel\\domains\\asap-new-site-dev\\back\\vendor\\laravel\\framework\\src\\Illuminate\\Container\\Container.php(1456): Illuminate\\Foundation\\Application->make()
#7 D:\\OSPanel\\domains\\asap-new-site-dev\\back\\vendor\\laravel\\framework\\src\\Illuminate\\View\\ViewServiceProvider.php(164): Illuminate\\Container\\Container->offsetGet()
#8 [internal function]: Illuminate\\View\\ViewServiceProvider->Illuminate\\View\\{closure}()
#9 D:\\OSPanel\\domains\\asap-new-site-dev\\back\\vendor\\laravel\\framework\\src\\Illuminate\\View\\Engines\\EngineResolver.php(55): call_user_func()
#10 D:\\OSPanel\\domains\\asap-new-site-dev\\back\\vendor\\laravel\\framework\\src\\Illuminate\\View\\Factory.php(310): Illuminate\\View\\Engines\\EngineResolver->resolve()
#11 D:\\OSPanel\\domains\\asap-new-site-dev\\back\\vendor\\laravel\\framework\\src\\Illuminate\\View\\Factory.php(274): Illuminate\\View\\Factory->getEngineFromPath()
#12 D:\\OSPanel\\domains\\asap-new-site-dev\\back\\vendor\\laravel\\framework\\src\\Illuminate\\View\\Factory.php(146): Illuminate\\View\\Factory->viewInstance()
#13 D:\\OSPanel\\domains\\asap-new-site-dev\\back\\vendor\\laravel\\framework\\src\\Illuminate\\Routing\\ResponseFactory.php(87): Illuminate\\View\\Factory->make()
#14 D:\\OSPanel\\domains\\asap-new-site-dev\\back\\vendor\\laravel\\framework\\src\\Illuminate\\Foundation\\Exceptions\\Handler.php(645): Illuminate\\Routing\\ResponseFactory->view()
#15 D:\\OSPanel\\domains\\asap-new-site-dev\\back\\vendor\\laravel\\framework\\src\\Illuminate\\Foundation\\Exceptions\\Handler.php(573): Illuminate\\Foundation\\Exceptions\\Handler->renderHttpException()
#16 D:\\OSPanel\\domains\\asap-new-site-dev\\back\\vendor\\laravel\\framework\\src\\Illuminate\\Foundation\\Exceptions\\Handler.php(479): Illuminate\\Foundation\\Exceptions\\Handler->prepareResponse()
#17 D:\\OSPanel\\domains\\asap-new-site-dev\\back\\vendor\\laravel\\framework\\src\\Illuminate\\Foundation\\Exceptions\\Handler.php(396): Illuminate\\Foundation\\Exceptions\\Handler->renderExceptionResponse()
#18 D:\\OSPanel\\domains\\asap-new-site-dev\\back\\vendor\\laravel\\framework\\src\\Illuminate\\Routing\\Pipeline.php(51): Illuminate\\Foundation\\Exceptions\\Handler->render()
#19 D:\\OSPanel\\domains\\asap-new-site-dev\\back\\vendor\\laravel\\framework\\src\\Illuminate\\Pipeline\\Pipeline.php(185): Illuminate\\Routing\\Pipeline->handleException()
#20 D:\\OSPanel\\domains\\asap-new-site-dev\\back\\vendor\\laravel\\framework\\src\\Illuminate\\Foundation\\Http\\Middleware\\ValidatePostSize.php(27): Illuminate\\Pipeline\\Pipeline->Illuminate\\Pipeline\\{closure}()
#21 D:\\OSPanel\\domains\\asap-new-site-dev\\back\\vendor\\laravel\\framework\\src\\Illuminate\\Pipeline\\Pipeline.php(180): Illuminate\\Foundation\\Http\\Middleware\\ValidatePostSize->handle()
#22 D:\\OSPanel\\domains\\asap-new-site-dev\\back\\vendor\\laravel\\framework\\src\\Illuminate\\Foundation\\Http\\Middleware\\PreventRequestsDuringMaintenance.php(86): Illuminate\\Pipeline\\Pipeline->Illuminate\\Pipeline\\{closure}()
#23 D:\\OSPanel\\domains\\asap-new-site-dev\\back\\vendor\\laravel\\framework\\src\\Illuminate\\Pipeline\\Pipeline.php(180): Illuminate\\Foundation\\Http\\Middleware\\PreventRequestsDuringMaintenance->handle()
#24 D:\\OSPanel\\domains\\asap-new-site-dev\\back\\vendor\\laravel\\framework\\src\\Illuminate\\Http\\Middleware\\HandleCors.php(49): Illuminate\\Pipeline\\Pipeline->Illuminate\\Pipeline\\{closure}()
#25 D:\\OSPanel\\domains\\asap-new-site-dev\\back\\vendor\\laravel\\framework\\src\\Illuminate\\Pipeline\\Pipeline.php(180): Illuminate\\Http\\Middleware\\HandleCors->handle()
#26 D:\\OSPanel\\domains\\asap-new-site-dev\\back\\vendor\\laravel\\framework\\src\\Illuminate\\Http\\Middleware\\TrustProxies.php(39): Illuminate\\Pipeline\\Pipeline->Illuminate\\Pipeline\\{closure}()
#27 D:\\OSPanel\\domains\\asap-new-site-dev\\back\\vendor\\laravel\\framework\\src\\Illuminate\\Pipeline\\Pipeline.php(180): Illuminate\\Http\\Middleware\\TrustProxies->handle()
#28 D:\\OSPanel\\domains\\asap-new-site-dev\\back\\vendor\\laravel\\framework\\src\\Illuminate\\Pipeline\\Pipeline.php(116): Illuminate\\Pipeline\\Pipeline->Illuminate\\Pipeline\\{closure}()
#29 D:\\OSPanel\\domains\\asap-new-site-dev\\back\\vendor\\laravel\\framework\\src\\Illuminate\\Foundation\\Http\\Kernel.php(175): Illuminate\\Pipeline\\Pipeline->then()
#30 D:\\OSPanel\\domains\\asap-new-site-dev\\back\\vendor\\laravel\\framework\\src\\Illuminate\\Foundation\\Http\\Kernel.php(144): Illuminate\\Foundation\\Http\\Kernel->sendRequestThroughRouter()
#31 D:\\OSPanel\\domains\\asap-new-site-dev\\back\\public\\index.php(51): Illuminate\\Foundation\\Http\\Kernel->handle()
#32 D:\\OSPanel\\domains\\asap-new-site-dev\\back\\vendor\\laravel\\framework\\src\\Illuminate\\Foundation\\resources\\server.php(16): require_once('D:\\\\OSPanel\\\\doma...')
#33 {main}
"} 
[2024-11-16 11:28:07] production.ERROR: Please provide a valid cache path. {"exception":"[object] (InvalidArgumentException(code: 0): Please provide a valid cache path. at D:\\OSPanel\\domains\\asap-new-site-dev\\back\\vendor\\laravel\\framework\\src\\Illuminate\\View\\Compilers\\Compiler.php:66)
[stacktrace]
#0 D:\\OSPanel\\domains\\asap-new-site-dev\\back\\vendor\\laravel\\framework\\src\\Illuminate\\View\\ViewServiceProvider.php(96): Illuminate\\View\\Compilers\\Compiler->__construct()
#1 D:\\OSPanel\\domains\\asap-new-site-dev\\back\\vendor\\laravel\\framework\\src\\Illuminate\\Container\\Container.php(910): Illuminate\\View\\ViewServiceProvider->Illuminate\\View\\{closure}()
#2 D:\\OSPanel\\domains\\asap-new-site-dev\\back\\vendor\\laravel\\framework\\src\\Illuminate\\Container\\Container.php(795): Illuminate\\Container\\Container->build()
#3 D:\\OSPanel\\domains\\asap-new-site-dev\\back\\vendor\\laravel\\framework\\src\\Illuminate\\Foundation\\Application.php(933): Illuminate\\Container\\Container->resolve()
#4 D:\\OSPanel\\domains\\asap-new-site-dev\\back\\vendor\\laravel\\framework\\src\\Illuminate\\Container\\Container.php(731): Illuminate\\Foundation\\Application->resolve()
#5 D:\\OSPanel\\domains\\asap-new-site-dev\\back\\vendor\\laravel\\framework\\src\\Illuminate\\Foundation\\Application.php(918): Illuminate\\Container\\Container->make()
#6 D:\\OSPanel\\domains\\asap-new-site-dev\\back\\vendor\\laravel\\framework\\src\\Illuminate\\Container\\Container.php(1456): Illuminate\\Foundation\\Application->make()
#7 D:\\OSPanel\\domains\\asap-new-site-dev\\back\\vendor\\laravel\\framework\\src\\Illuminate\\View\\ViewServiceProvider.php(164): Illuminate\\Container\\Container->offsetGet()
#8 [internal function]: Illuminate\\View\\ViewServiceProvider->Illuminate\\View\\{closure}()
#9 D:\\OSPanel\\domains\\asap-new-site-dev\\back\\vendor\\laravel\\framework\\src\\Illuminate\\View\\Engines\\EngineResolver.php(55): call_user_func()
#10 D:\\OSPanel\\domains\\asap-new-site-dev\\back\\vendor\\laravel\\framework\\src\\Illuminate\\View\\Factory.php(310): Illuminate\\View\\Engines\\EngineResolver->resolve()
#11 D:\\OSPanel\\domains\\asap-new-site-dev\\back\\vendor\\laravel\\framework\\src\\Illuminate\\View\\Factory.php(274): Illuminate\\View\\Factory->getEngineFromPath()
#12 D:\\OSPanel\\domains\\asap-new-site-dev\\back\\vendor\\laravel\\framework\\src\\Illuminate\\View\\Factory.php(146): Illuminate\\View\\Factory->viewInstance()
#13 D:\\OSPanel\\domains\\asap-new-site-dev\\back\\vendor\\laravel\\framework\\src\\Illuminate\\Routing\\ResponseFactory.php(87): Illuminate\\View\\Factory->make()
#14 D:\\OSPanel\\domains\\asap-new-site-dev\\back\\vendor\\laravel\\framework\\src\\Illuminate\\Foundation\\Exceptions\\Handler.php(645): Illuminate\\Routing\\ResponseFactory->view()
#15 D:\\OSPanel\\domains\\asap-new-site-dev\\back\\vendor\\laravel\\framework\\src\\Illuminate\\Foundation\\Exceptions\\Handler.php(573): Illuminate\\Foundation\\Exceptions\\Handler->renderHttpException()
#16 D:\\OSPanel\\domains\\asap-new-site-dev\\back\\vendor\\laravel\\framework\\src\\Illuminate\\Foundation\\Exceptions\\Handler.php(479): Illuminate\\Foundation\\Exceptions\\Handler->prepareResponse()
#17 D:\\OSPanel\\domains\\asap-new-site-dev\\back\\vendor\\laravel\\framework\\src\\Illuminate\\Foundation\\Exceptions\\Handler.php(396): Illuminate\\Foundation\\Exceptions\\Handler->renderExceptionResponse()
#18 D:\\OSPanel\\domains\\asap-new-site-dev\\back\\vendor\\laravel\\framework\\src\\Illuminate\\Routing\\Pipeline.php(51): Illuminate\\Foundation\\Exceptions\\Handler->render()
#19 D:\\OSPanel\\domains\\asap-new-site-dev\\back\\vendor\\laravel\\framework\\src\\Illuminate\\Pipeline\\Pipeline.php(185): Illuminate\\Routing\\Pipeline->handleException()
#20 D:\\OSPanel\\domains\\asap-new-site-dev\\back\\vendor\\laravel\\framework\\src\\Illuminate\\Foundation\\Http\\Middleware\\PreventRequestsDuringMaintenance.php(86): Illuminate\\Pipeline\\Pipeline->Illuminate\\Pipeline\\{closure}()
#21 D:\\OSPanel\\domains\\asap-new-site-dev\\back\\vendor\\laravel\\framework\\src\\Illuminate\\Pipeline\\Pipeline.php(180): Illuminate\\Foundation\\Http\\Middleware\\PreventRequestsDuringMaintenance->handle()
#22 D:\\OSPanel\\domains\\asap-new-site-dev\\back\\vendor\\laravel\\framework\\src\\Illuminate\\Http\\Middleware\\HandleCors.php(49): Illuminate\\Pipeline\\Pipeline->Illuminate\\Pipeline\\{closure}()
#23 D:\\OSPanel\\domains\\asap-new-site-dev\\back\\vendor\\laravel\\framework\\src\\Illuminate\\Pipeline\\Pipeline.php(180): Illuminate\\Http\\Middleware\\HandleCors->handle()
#24 D:\\OSPanel\\domains\\asap-new-site-dev\\back\\vendor\\laravel\\framework\\src\\Illuminate\\Http\\Middleware\\TrustProxies.php(39): Illuminate\\Pipeline\\Pipeline->Illuminate\\Pipeline\\{closure}()
#25 D:\\OSPanel\\domains\\asap-new-site-dev\\back\\vendor\\laravel\\framework\\src\\Illuminate\\Pipeline\\Pipeline.php(180): Illuminate\\Http\\Middleware\\TrustProxies->handle()
#26 D:\\OSPanel\\domains\\asap-new-site-dev\\back\\vendor\\laravel\\framework\\src\\Illuminate\\Pipeline\\Pipeline.php(116): Illuminate\\Pipeline\\Pipeline->Illuminate\\Pipeline\\{closure}()
#27 D:\\OSPanel\\domains\\asap-new-site-dev\\back\\vendor\\laravel\\framework\\src\\Illuminate\\Foundation\\Http\\Kernel.php(175): Illuminate\\Pipeline\\Pipeline->then()
#28 D:\\OSPanel\\domains\\asap-new-site-dev\\back\\vendor\\laravel\\framework\\src\\Illuminate\\Foundation\\Http\\Kernel.php(144): Illuminate\\Foundation\\Http\\Kernel->sendRequestThroughRouter()
#29 D:\\OSPanel\\domains\\asap-new-site-dev\\back\\public\\index.php(51): Illuminate\\Foundation\\Http\\Kernel->handle()
#30 D:\\OSPanel\\domains\\asap-new-site-dev\\back\\vendor\\laravel\\framework\\src\\Illuminate\\Foundation\\resources\\server.php(16): require_once('D:\\\\OSPanel\\\\doma...')
#31 {main}
"} 
[2024-11-16 11:28:07] production.ERROR: Please provide a valid cache path. {"exception":"[object] (InvalidArgumentException(code: 0): Please provide a valid cache path. at D:\\OSPanel\\domains\\asap-new-site-dev\\back\\vendor\\laravel\\framework\\src\\Illuminate\\View\\Compilers\\Compiler.php:66)
[stacktrace]
#0 D:\\OSPanel\\domains\\asap-new-site-dev\\back\\vendor\\laravel\\framework\\src\\Illuminate\\View\\ViewServiceProvider.php(96): Illuminate\\View\\Compilers\\Compiler->__construct()
#1 D:\\OSPanel\\domains\\asap-new-site-dev\\back\\vendor\\laravel\\framework\\src\\Illuminate\\Container\\Container.php(910): Illuminate\\View\\ViewServiceProvider->Illuminate\\View\\{closure}()
#2 D:\\OSPanel\\domains\\asap-new-site-dev\\back\\vendor\\laravel\\framework\\src\\Illuminate\\Container\\Container.php(795): Illuminate\\Container\\Container->build()
#3 D:\\OSPanel\\domains\\asap-new-site-dev\\back\\vendor\\laravel\\framework\\src\\Illuminate\\Foundation\\Application.php(933): Illuminate\\Container\\Container->resolve()
#4 D:\\OSPanel\\domains\\asap-new-site-dev\\back\\vendor\\laravel\\framework\\src\\Illuminate\\Container\\Container.php(731): Illuminate\\Foundation\\Application->resolve()
#5 D:\\OSPanel\\domains\\asap-new-site-dev\\back\\vendor\\laravel\\framework\\src\\Illuminate\\Foundation\\Application.php(918): Illuminate\\Container\\Container->make()
#6 D:\\OSPanel\\domains\\asap-new-site-dev\\back\\vendor\\laravel\\framework\\src\\Illuminate\\Container\\Container.php(1456): Illuminate\\Foundation\\Application->make()
#7 D:\\OSPanel\\domains\\asap-new-site-dev\\back\\vendor\\laravel\\framework\\src\\Illuminate\\View\\ViewServiceProvider.php(164): Illuminate\\Container\\Container->offsetGet()
#8 [internal function]: Illuminate\\View\\ViewServiceProvider->Illuminate\\View\\{closure}()
#9 D:\\OSPanel\\domains\\asap-new-site-dev\\back\\vendor\\laravel\\framework\\src\\Illuminate\\View\\Engines\\EngineResolver.php(55): call_user_func()
#10 D:\\OSPanel\\domains\\asap-new-site-dev\\back\\vendor\\laravel\\framework\\src\\Illuminate\\View\\Factory.php(310): Illuminate\\View\\Engines\\EngineResolver->resolve()
#11 D:\\OSPanel\\domains\\asap-new-site-dev\\back\\vendor\\laravel\\framework\\src\\Illuminate\\View\\Factory.php(274): Illuminate\\View\\Factory->getEngineFromPath()
#12 D:\\OSPanel\\domains\\asap-new-site-dev\\back\\vendor\\laravel\\framework\\src\\Illuminate\\View\\Factory.php(146): Illuminate\\View\\Factory->viewInstance()
#13 D:\\OSPanel\\domains\\asap-new-site-dev\\back\\vendor\\laravel\\framework\\src\\Illuminate\\Routing\\ResponseFactory.php(87): Illuminate\\View\\Factory->make()
#14 D:\\OSPanel\\domains\\asap-new-site-dev\\back\\vendor\\laravel\\framework\\src\\Illuminate\\Foundation\\Exceptions\\Handler.php(645): Illuminate\\Routing\\ResponseFactory->view()
#15 D:\\OSPanel\\domains\\asap-new-site-dev\\back\\vendor\\laravel\\framework\\src\\Illuminate\\Foundation\\Exceptions\\Handler.php(573): Illuminate\\Foundation\\Exceptions\\Handler->renderHttpException()
#16 D:\\OSPanel\\domains\\asap-new-site-dev\\back\\vendor\\laravel\\framework\\src\\Illuminate\\Foundation\\Exceptions\\Handler.php(479): Illuminate\\Foundation\\Exceptions\\Handler->prepareResponse()
#17 D:\\OSPanel\\domains\\asap-new-site-dev\\back\\vendor\\laravel\\framework\\src\\Illuminate\\Foundation\\Exceptions\\Handler.php(396): Illuminate\\Foundation\\Exceptions\\Handler->renderExceptionResponse()
#18 D:\\OSPanel\\domains\\asap-new-site-dev\\back\\vendor\\laravel\\framework\\src\\Illuminate\\Routing\\Pipeline.php(51): Illuminate\\Foundation\\Exceptions\\Handler->render()
#19 D:\\OSPanel\\domains\\asap-new-site-dev\\back\\vendor\\laravel\\framework\\src\\Illuminate\\Pipeline\\Pipeline.php(185): Illuminate\\Routing\\Pipeline->handleException()
#20 D:\\OSPanel\\domains\\asap-new-site-dev\\back\\vendor\\laravel\\framework\\src\\Illuminate\\Http\\Middleware\\HandleCors.php(49): Illuminate\\Pipeline\\Pipeline->Illuminate\\Pipeline\\{closure}()
#21 D:\\OSPanel\\domains\\asap-new-site-dev\\back\\vendor\\laravel\\framework\\src\\Illuminate\\Pipeline\\Pipeline.php(180): Illuminate\\Http\\Middleware\\HandleCors->handle()
#22 D:\\OSPanel\\domains\\asap-new-site-dev\\back\\vendor\\laravel\\framework\\src\\Illuminate\\Http\\Middleware\\TrustProxies.php(39): Illuminate\\Pipeline\\Pipeline->Illuminate\\Pipeline\\{closure}()
#23 D:\\OSPanel\\domains\\asap-new-site-dev\\back\\vendor\\laravel\\framework\\src\\Illuminate\\Pipeline\\Pipeline.php(180): Illuminate\\Http\\Middleware\\TrustProxies->handle()
#24 D:\\OSPanel\\domains\\asap-new-site-dev\\back\\vendor\\laravel\\framework\\src\\Illuminate\\Pipeline\\Pipeline.php(116): Illuminate\\Pipeline\\Pipeline->Illuminate\\Pipeline\\{closure}()
#25 D:\\OSPanel\\domains\\asap-new-site-dev\\back\\vendor\\laravel\\framework\\src\\Illuminate\\Foundation\\Http\\Kernel.php(175): Illuminate\\Pipeline\\Pipeline->then()
#26 D:\\OSPanel\\domains\\asap-new-site-dev\\back\\vendor\\laravel\\framework\\src\\Illuminate\\Foundation\\Http\\Kernel.php(144): Illuminate\\Foundation\\Http\\Kernel->sendRequestThroughRouter()
#27 D:\\OSPanel\\domains\\asap-new-site-dev\\back\\public\\index.php(51): Illuminate\\Foundation\\Http\\Kernel->handle()
#28 D:\\OSPanel\\domains\\asap-new-site-dev\\back\\vendor\\laravel\\framework\\src\\Illuminate\\Foundation\\resources\\server.php(16): require_once('D:\\\\OSPanel\\\\doma...')
#29 {main}
"} 
[2024-11-16 11:28:07] production.ERROR: Please provide a valid cache path. {"exception":"[object] (InvalidArgumentException(code: 0): Please provide a valid cache path. at D:\\OSPanel\\domains\\asap-new-site-dev\\back\\vendor\\laravel\\framework\\src\\Illuminate\\View\\Compilers\\Compiler.php:66)
[stacktrace]
#0 D:\\OSPanel\\domains\\asap-new-site-dev\\back\\vendor\\laravel\\framework\\src\\Illuminate\\View\\ViewServiceProvider.php(96): Illuminate\\View\\Compilers\\Compiler->__construct()
#1 D:\\OSPanel\\domains\\asap-new-site-dev\\back\\vendor\\laravel\\framework\\src\\Illuminate\\Container\\Container.php(910): Illuminate\\View\\ViewServiceProvider->Illuminate\\View\\{closure}()
#2 D:\\OSPanel\\domains\\asap-new-site-dev\\back\\vendor\\laravel\\framework\\src\\Illuminate\\Container\\Container.php(795): Illuminate\\Container\\Container->build()
#3 D:\\OSPanel\\domains\\asap-new-site-dev\\back\\vendor\\laravel\\framework\\src\\Illuminate\\Foundation\\Application.php(933): Illuminate\\Container\\Container->resolve()
#4 D:\\OSPanel\\domains\\asap-new-site-dev\\back\\vendor\\laravel\\framework\\src\\Illuminate\\Container\\Container.php(731): Illuminate\\Foundation\\Application->resolve()
#5 D:\\OSPanel\\domains\\asap-new-site-dev\\back\\vendor\\laravel\\framework\\src\\Illuminate\\Foundation\\Application.php(918): Illuminate\\Container\\Container->make()
#6 D:\\OSPanel\\domains\\asap-new-site-dev\\back\\vendor\\laravel\\framework\\src\\Illuminate\\Container\\Container.php(1456): Illuminate\\Foundation\\Application->make()
#7 D:\\OSPanel\\domains\\asap-new-site-dev\\back\\vendor\\laravel\\framework\\src\\Illuminate\\View\\ViewServiceProvider.php(164): Illuminate\\Container\\Container->offsetGet()
#8 [internal function]: Illuminate\\View\\ViewServiceProvider->Illuminate\\View\\{closure}()
#9 D:\\OSPanel\\domains\\asap-new-site-dev\\back\\vendor\\laravel\\framework\\src\\Illuminate\\View\\Engines\\EngineResolver.php(55): call_user_func()
#10 D:\\OSPanel\\domains\\asap-new-site-dev\\back\\vendor\\laravel\\framework\\src\\Illuminate\\View\\Factory.php(310): Illuminate\\View\\Engines\\EngineResolver->resolve()
#11 D:\\OSPanel\\domains\\asap-new-site-dev\\back\\vendor\\laravel\\framework\\src\\Illuminate\\View\\Factory.php(274): Illuminate\\View\\Factory->getEngineFromPath()
#12 D:\\OSPanel\\domains\\asap-new-site-dev\\back\\vendor\\laravel\\framework\\src\\Illuminate\\View\\Factory.php(146): Illuminate\\View\\Factory->viewInstance()
#13 D:\\OSPanel\\domains\\asap-new-site-dev\\back\\vendor\\laravel\\framework\\src\\Illuminate\\Routing\\ResponseFactory.php(87): Illuminate\\View\\Factory->make()
#14 D:\\OSPanel\\domains\\asap-new-site-dev\\back\\vendor\\laravel\\framework\\src\\Illuminate\\Foundation\\Exceptions\\Handler.php(645): Illuminate\\Routing\\ResponseFactory->view()
#15 D:\\OSPanel\\domains\\asap-new-site-dev\\back\\vendor\\laravel\\framework\\src\\Illuminate\\Foundation\\Exceptions\\Handler.php(573): Illuminate\\Foundation\\Exceptions\\Handler->renderHttpException()
#16 D:\\OSPanel\\domains\\asap-new-site-dev\\back\\vendor\\laravel\\framework\\src\\Illuminate\\Foundation\\Exceptions\\Handler.php(479): Illuminate\\Foundation\\Exceptions\\Handler->prepareResponse()
#17 D:\\OSPanel\\domains\\asap-new-site-dev\\back\\vendor\\laravel\\framework\\src\\Illuminate\\Foundation\\Exceptions\\Handler.php(396): Illuminate\\Foundation\\Exceptions\\Handler->renderExceptionResponse()
#18 D:\\OSPanel\\domains\\asap-new-site-dev\\back\\vendor\\laravel\\framework\\src\\Illuminate\\Routing\\Pipeline.php(51): Illuminate\\Foundation\\Exceptions\\Handler->render()
#19 D:\\OSPanel\\domains\\asap-new-site-dev\\back\\vendor\\laravel\\framework\\src\\Illuminate\\Pipeline\\Pipeline.php(185): Illuminate\\Routing\\Pipeline->handleException()
#20 D:\\OSPanel\\domains\\asap-new-site-dev\\back\\vendor\\laravel\\framework\\src\\Illuminate\\Http\\Middleware\\TrustProxies.php(39): Illuminate\\Pipeline\\Pipeline->Illuminate\\Pipeline\\{closure}()
#21 D:\\OSPanel\\domains\\asap-new-site-dev\\back\\vendor\\laravel\\framework\\src\\Illuminate\\Pipeline\\Pipeline.php(180): Illuminate\\Http\\Middleware\\TrustProxies->handle()
#22 D:\\OSPanel\\domains\\asap-new-site-dev\\back\\vendor\\laravel\\framework\\src\\Illuminate\\Pipeline\\Pipeline.php(116): Illuminate\\Pipeline\\Pipeline->Illuminate\\Pipeline\\{closure}()
#23 D:\\OSPanel\\domains\\asap-new-site-dev\\back\\vendor\\laravel\\framework\\src\\Illuminate\\Foundation\\Http\\Kernel.php(175): Illuminate\\Pipeline\\Pipeline->then()
#24 D:\\OSPanel\\domains\\asap-new-site-dev\\back\\vendor\\laravel\\framework\\src\\Illuminate\\Foundation\\Http\\Kernel.php(144): Illuminate\\Foundation\\Http\\Kernel->sendRequestThroughRouter()
#25 D:\\OSPanel\\domains\\asap-new-site-dev\\back\\public\\index.php(51): Illuminate\\Foundation\\Http\\Kernel->handle()
#26 D:\\OSPanel\\domains\\asap-new-site-dev\\back\\vendor\\laravel\\framework\\src\\Illuminate\\Foundation\\resources\\server.php(16): require_once('D:\\\\OSPanel\\\\doma...')
#27 {main}
"} 
[2024-11-16 11:28:07] production.ERROR: Please provide a valid cache path. {"exception":"[object] (InvalidArgumentException(code: 0): Please provide a valid cache path. at D:\\OSPanel\\domains\\asap-new-site-dev\\back\\vendor\\laravel\\framework\\src\\Illuminate\\View\\Compilers\\Compiler.php:66)
[stacktrace]
#0 D:\\OSPanel\\domains\\asap-new-site-dev\\back\\vendor\\laravel\\framework\\src\\Illuminate\\View\\ViewServiceProvider.php(96): Illuminate\\View\\Compilers\\Compiler->__construct()
#1 D:\\OSPanel\\domains\\asap-new-site-dev\\back\\vendor\\laravel\\framework\\src\\Illuminate\\Container\\Container.php(910): Illuminate\\View\\ViewServiceProvider->Illuminate\\View\\{closure}()
#2 D:\\OSPanel\\domains\\asap-new-site-dev\\back\\vendor\\laravel\\framework\\src\\Illuminate\\Container\\Container.php(795): Illuminate\\Container\\Container->build()
#3 D:\\OSPanel\\domains\\asap-new-site-dev\\back\\vendor\\laravel\\framework\\src\\Illuminate\\Foundation\\Application.php(933): Illuminate\\Container\\Container->resolve()
#4 D:\\OSPanel\\domains\\asap-new-site-dev\\back\\vendor\\laravel\\framework\\src\\Illuminate\\Container\\Container.php(731): Illuminate\\Foundation\\Application->resolve()
#5 D:\\OSPanel\\domains\\asap-new-site-dev\\back\\vendor\\laravel\\framework\\src\\Illuminate\\Foundation\\Application.php(918): Illuminate\\Container\\Container->make()
#6 D:\\OSPanel\\domains\\asap-new-site-dev\\back\\vendor\\laravel\\framework\\src\\Illuminate\\Container\\Container.php(1456): Illuminate\\Foundation\\Application->make()
#7 D:\\OSPanel\\domains\\asap-new-site-dev\\back\\vendor\\laravel\\framework\\src\\Illuminate\\View\\ViewServiceProvider.php(164): Illuminate\\Container\\Container->offsetGet()
#8 [internal function]: Illuminate\\View\\ViewServiceProvider->Illuminate\\View\\{closure}()
#9 D:\\OSPanel\\domains\\asap-new-site-dev\\back\\vendor\\laravel\\framework\\src\\Illuminate\\View\\Engines\\EngineResolver.php(55): call_user_func()
#10 D:\\OSPanel\\domains\\asap-new-site-dev\\back\\vendor\\laravel\\framework\\src\\Illuminate\\View\\Factory.php(310): Illuminate\\View\\Engines\\EngineResolver->resolve()
#11 D:\\OSPanel\\domains\\asap-new-site-dev\\back\\vendor\\laravel\\framework\\src\\Illuminate\\View\\Factory.php(274): Illuminate\\View\\Factory->getEngineFromPath()
#12 D:\\OSPanel\\domains\\asap-new-site-dev\\back\\vendor\\laravel\\framework\\src\\Illuminate\\View\\Factory.php(146): Illuminate\\View\\Factory->viewInstance()
#13 D:\\OSPanel\\domains\\asap-new-site-dev\\back\\vendor\\laravel\\framework\\src\\Illuminate\\Routing\\ResponseFactory.php(87): Illuminate\\View\\Factory->make()
#14 D:\\OSPanel\\domains\\asap-new-site-dev\\back\\vendor\\laravel\\framework\\src\\Illuminate\\Foundation\\Exceptions\\Handler.php(645): Illuminate\\Routing\\ResponseFactory->view()
#15 D:\\OSPanel\\domains\\asap-new-site-dev\\back\\vendor\\laravel\\framework\\src\\Illuminate\\Foundation\\Exceptions\\Handler.php(573): Illuminate\\Foundation\\Exceptions\\Handler->renderHttpException()
#16 D:\\OSPanel\\domains\\asap-new-site-dev\\back\\vendor\\laravel\\framework\\src\\Illuminate\\Foundation\\Exceptions\\Handler.php(479): Illuminate\\Foundation\\Exceptions\\Handler->prepareResponse()
#17 D:\\OSPanel\\domains\\asap-new-site-dev\\back\\vendor\\laravel\\framework\\src\\Illuminate\\Foundation\\Exceptions\\Handler.php(396): Illuminate\\Foundation\\Exceptions\\Handler->renderExceptionResponse()
#18 D:\\OSPanel\\domains\\asap-new-site-dev\\back\\vendor\\laravel\\framework\\src\\Illuminate\\Routing\\Pipeline.php(51): Illuminate\\Foundation\\Exceptions\\Handler->render()
#19 D:\\OSPanel\\domains\\asap-new-site-dev\\back\\vendor\\laravel\\framework\\src\\Illuminate\\Pipeline\\Pipeline.php(185): Illuminate\\Routing\\Pipeline->handleException()
#20 D:\\OSPanel\\domains\\asap-new-site-dev\\back\\vendor\\laravel\\framework\\src\\Illuminate\\Pipeline\\Pipeline.php(116): Illuminate\\Pipeline\\Pipeline->Illuminate\\Pipeline\\{closure}()
#21 D:\\OSPanel\\domains\\asap-new-site-dev\\back\\vendor\\laravel\\framework\\src\\Illuminate\\Foundation\\Http\\Kernel.php(175): Illuminate\\Pipeline\\Pipeline->then()
#22 D:\\OSPanel\\domains\\asap-new-site-dev\\back\\vendor\\laravel\\framework\\src\\Illuminate\\Foundation\\Http\\Kernel.php(144): Illuminate\\Foundation\\Http\\Kernel->sendRequestThroughRouter()
#23 D:\\OSPanel\\domains\\asap-new-site-dev\\back\\public\\index.php(51): Illuminate\\Foundation\\Http\\Kernel->handle()
#24 D:\\OSPanel\\domains\\asap-new-site-dev\\back\\vendor\\laravel\\framework\\src\\Illuminate\\Foundation\\resources\\server.php(16): require_once('D:\\\\OSPanel\\\\doma...')
#25 {main}
"} 
[2024-11-16 11:28:07] production.ERROR: Please provide a valid cache path. {"exception":"[object] (InvalidArgumentException(code: 0): Please provide a valid cache path. at D:\\OSPanel\\domains\\asap-new-site-dev\\back\\vendor\\laravel\\framework\\src\\Illuminate\\View\\Compilers\\Compiler.php:66)
[stacktrace]
#0 D:\\OSPanel\\domains\\asap-new-site-dev\\back\\vendor\\laravel\\framework\\src\\Illuminate\\View\\ViewServiceProvider.php(96): Illuminate\\View\\Compilers\\Compiler->__construct()
#1 D:\\OSPanel\\domains\\asap-new-site-dev\\back\\vendor\\laravel\\framework\\src\\Illuminate\\Container\\Container.php(910): Illuminate\\View\\ViewServiceProvider->Illuminate\\View\\{closure}()
#2 D:\\OSPanel\\domains\\asap-new-site-dev\\back\\vendor\\laravel\\framework\\src\\Illuminate\\Container\\Container.php(795): Illuminate\\Container\\Container->build()
#3 D:\\OSPanel\\domains\\asap-new-site-dev\\back\\vendor\\laravel\\framework\\src\\Illuminate\\Foundation\\Application.php(933): Illuminate\\Container\\Container->resolve()
#4 D:\\OSPanel\\domains\\asap-new-site-dev\\back\\vendor\\laravel\\framework\\src\\Illuminate\\Container\\Container.php(731): Illuminate\\Foundation\\Application->resolve()
#5 D:\\OSPanel\\domains\\asap-new-site-dev\\back\\vendor\\laravel\\framework\\src\\Illuminate\\Foundation\\Application.php(918): Illuminate\\Container\\Container->make()
#6 D:\\OSPanel\\domains\\asap-new-site-dev\\back\\vendor\\laravel\\framework\\src\\Illuminate\\Container\\Container.php(1456): Illuminate\\Foundation\\Application->make()
#7 D:\\OSPanel\\domains\\asap-new-site-dev\\back\\vendor\\laravel\\framework\\src\\Illuminate\\View\\ViewServiceProvider.php(164): Illuminate\\Container\\Container->offsetGet()
#8 [internal function]: Illuminate\\View\\ViewServiceProvider->Illuminate\\View\\{closure}()
#9 D:\\OSPanel\\domains\\asap-new-site-dev\\back\\vendor\\laravel\\framework\\src\\Illuminate\\View\\Engines\\EngineResolver.php(55): call_user_func()
#10 D:\\OSPanel\\domains\\asap-new-site-dev\\back\\vendor\\laravel\\framework\\src\\Illuminate\\View\\Factory.php(310): Illuminate\\View\\Engines\\EngineResolver->resolve()
#11 D:\\OSPanel\\domains\\asap-new-site-dev\\back\\vendor\\laravel\\framework\\src\\Illuminate\\View\\Factory.php(274): Illuminate\\View\\Factory->getEngineFromPath()
#12 D:\\OSPanel\\domains\\asap-new-site-dev\\back\\vendor\\laravel\\framework\\src\\Illuminate\\View\\Factory.php(146): Illuminate\\View\\Factory->viewInstance()
#13 D:\\OSPanel\\domains\\asap-new-site-dev\\back\\vendor\\laravel\\framework\\src\\Illuminate\\Routing\\ResponseFactory.php(87): Illuminate\\View\\Factory->make()
#14 D:\\OSPanel\\domains\\asap-new-site-dev\\back\\vendor\\laravel\\framework\\src\\Illuminate\\Foundation\\Exceptions\\Handler.php(645): Illuminate\\Routing\\ResponseFactory->view()
#15 D:\\OSPanel\\domains\\asap-new-site-dev\\back\\vendor\\laravel\\framework\\src\\Illuminate\\Foundation\\Exceptions\\Handler.php(573): Illuminate\\Foundation\\Exceptions\\Handler->renderHttpException()
#16 D:\\OSPanel\\domains\\asap-new-site-dev\\back\\vendor\\laravel\\framework\\src\\Illuminate\\Foundation\\Exceptions\\Handler.php(479): Illuminate\\Foundation\\Exceptions\\Handler->prepareResponse()
#17 D:\\OSPanel\\domains\\asap-new-site-dev\\back\\vendor\\laravel\\framework\\src\\Illuminate\\Foundation\\Exceptions\\Handler.php(396): Illuminate\\Foundation\\Exceptions\\Handler->renderExceptionResponse()
#18 D:\\OSPanel\\domains\\asap-new-site-dev\\back\\vendor\\laravel\\framework\\src\\Illuminate\\Foundation\\Http\\Kernel.php(503): Illuminate\\Foundation\\Exceptions\\Handler->render()
#19 D:\\OSPanel\\domains\\asap-new-site-dev\\back\\vendor\\laravel\\framework\\src\\Illuminate\\Foundation\\Http\\Kernel.php(148): Illuminate\\Foundation\\Http\\Kernel->renderException()
#20 D:\\OSPanel\\domains\\asap-new-site-dev\\back\\public\\index.php(51): Illuminate\\Foundation\\Http\\Kernel->handle()
#21 D:\\OSPanel\\domains\\asap-new-site-dev\\back\\vendor\\laravel\\framework\\src\\Illuminate\\Foundation\\resources\\server.php(16): require_once('D:\\\\OSPanel\\\\doma...')
#22 {main}
"} 
[2024-11-16 11:28:07] production.ERROR: Uncaught InvalidArgumentException: Please provide a valid cache path. in D:\OSPanel\domains\asap-new-site-dev\back\vendor\laravel\framework\src\Illuminate\View\Compilers\Compiler.php:66
Stack trace:
#0 D:\OSPanel\domains\asap-new-site-dev\back\vendor\laravel\framework\src\Illuminate\View\ViewServiceProvider.php(96): Illuminate\View\Compilers\Compiler->__construct()
#1 D:\OSPanel\domains\asap-new-site-dev\back\vendor\laravel\framework\src\Illuminate\Container\Container.php(910): Illuminate\View\ViewServiceProvider->Illuminate\View\{closure}()
#2 D:\OSPanel\domains\asap-new-site-dev\back\vendor\laravel\framework\src\Illuminate\Container\Container.php(795): Illuminate\Container\Container->build()
#3 D:\OSPanel\domains\asap-new-site-dev\back\vendor\laravel\framework\src\Illuminate\Foundation\Application.php(933): Illuminate\Container\Container->resolve()
#4 D:\OSPanel\domains\asap-new-site-dev\back\vendor\laravel\framework\src\Illuminate\Container\Container.php(731): Illuminate\Foundation\Application->resolve()
#5 D:\OSPanel\domains\asap-new-site-dev\back\vendor\laravel\framework\src\Illuminate\Foundation\Application.php(918): Illuminate\Container\Container->make()
#6 D:\OSPanel\domains\asap-new-site-dev\back\vendor\laravel\framework\src\Illuminate\Container\Container.php(1456): Illuminate\Foundation\Application->make()
#7 D:\OSPanel\domains\asap-new-site-dev\back\vendor\laravel\framework\src\Illuminate\View\ViewServiceProvider.php(164): Illuminate\Container\Container->offsetGet()
#8 [internal function]: Illuminate\View\ViewServiceProvider->Illuminate\View\{closure}()
#9 D:\OSPanel\domains\asap-new-site-dev\back\vendor\laravel\framework\src\Illuminate\View\Engines\EngineResolver.php(55): call_user_func()
#10 D:\OSPanel\domains\asap-new-site-dev\back\vendor\laravel\framework\src\Illuminate\View\Factory.php(310): Illuminate\View\Engines\EngineResolver->resolve()
#11 D:\OSPanel\domains\asap-new-site-dev\back\vendor\laravel\framework\src\Illuminate\View\Factory.php(274): Illuminate\View\Factory->getEngineFromPath()
#12 D:\OSPanel\domains\asap-new-site-dev\back\vendor\laravel\framework\src\Illuminate\View\Factory.php(146): Illuminate\View\Factory->viewInstance()
#13 D:\OSPanel\domains\asap-new-site-dev\back\vendor\laravel\framework\src\Illuminate\Routing\ResponseFactory.php(87): Illuminate\View\Factory->make()
#14 D:\OSPanel\domains\asap-new-site-dev\back\vendor\laravel\framework\src\Illuminate\Foundation\Exceptions\Handler.php(645): Illuminate\Routing\ResponseFactory->view()
#15 D:\OSPanel\domains\asap-new-site-dev\back\vendor\laravel\framework\src\Illuminate\Foundation\Exceptions\Handler.php(573): Illuminate\Foundation\Exceptions\Handler->renderHttpException()
#16 D:\OSPanel\domains\asap-new-site-dev\back\vendor\laravel\framework\src\Illuminate\Foundation\Exceptions\Handler.php(479): Illuminate\Foundation\Exceptions\Handler->prepareResponse()
#17 D:\OSPanel\domains\asap-new-site-dev\back\vendor\laravel\framework\src\Illuminate\Foundation\Exceptions\Handler.php(396): Illuminate\Foundation\Exceptions\Handler->renderExceptionResponse()
#18 D:\OSPanel\domains\asap-new-site-dev\back\vendor\laravel\framework\src\Illuminate\Foundation\Bootstrap\HandleExceptions.php(217): Illuminate\Foundation\Exceptions\Handler->render()
#19 D:\OSPanel\domains\asap-new-site-dev\back\vendor\laravel\framework\src\Illuminate\Foundation\Bootstrap\HandleExceptions.php(194): Illuminate\Foundation\Bootstrap\HandleExceptions->renderHttpResponse()
#20 D:\OSPanel\domains\asap-new-site-dev\back\vendor\laravel\framework\src\Illuminate\Foundation\Bootstrap\HandleExceptions.php(254): Illuminate\Foundation\Bootstrap\HandleExceptions->handleException()
#21 [internal function]: Illuminate\Foundation\Bootstrap\HandleExceptions->Illuminate\Foundation\Bootstrap\{closure}()
#22 {main}
  thrown {"exception":"[object] (Symfony\\Component\\ErrorHandler\\Error\\FatalError(code: 0): Uncaught InvalidArgumentException: Please provide a valid cache path. in D:\\OSPanel\\domains\\asap-new-site-dev\\back\\vendor\\laravel\\framework\\src\\Illuminate\\View\\Compilers\\Compiler.php:66
Stack trace:
#0 D:\\OSPanel\\domains\\asap-new-site-dev\\back\\vendor\\laravel\\framework\\src\\Illuminate\\View\\ViewServiceProvider.php(96): Illuminate\\View\\Compilers\\Compiler->__construct()
#1 D:\\OSPanel\\domains\\asap-new-site-dev\\back\\vendor\\laravel\\framework\\src\\Illuminate\\Container\\Container.php(910): Illuminate\\View\\ViewServiceProvider->Illuminate\\View\\{closure}()
#2 D:\\OSPanel\\domains\\asap-new-site-dev\\back\\vendor\\laravel\\framework\\src\\Illuminate\\Container\\Container.php(795): Illuminate\\Container\\Container->build()
#3 D:\\OSPanel\\domains\\asap-new-site-dev\\back\\vendor\\laravel\\framework\\src\\Illuminate\\Foundation\\Application.php(933): Illuminate\\Container\\Container->resolve()
#4 D:\\OSPanel\\domains\\asap-new-site-dev\\back\\vendor\\laravel\\framework\\src\\Illuminate\\Container\\Container.php(731): Illuminate\\Foundation\\Application->resolve()
#5 D:\\OSPanel\\domains\\asap-new-site-dev\\back\\vendor\\laravel\\framework\\src\\Illuminate\\Foundation\\Application.php(918): Illuminate\\Container\\Container->make()
#6 D:\\OSPanel\\domains\\asap-new-site-dev\\back\\vendor\\laravel\\framework\\src\\Illuminate\\Container\\Container.php(1456): Illuminate\\Foundation\\Application->make()
#7 D:\\OSPanel\\domains\\asap-new-site-dev\\back\\vendor\\laravel\\framework\\src\\Illuminate\\View\\ViewServiceProvider.php(164): Illuminate\\Container\\Container->offsetGet()
#8 [internal function]: Illuminate\\View\\ViewServiceProvider->Illuminate\\View\\{closure}()
#9 D:\\OSPanel\\domains\\asap-new-site-dev\\back\\vendor\\laravel\\framework\\src\\Illuminate\\View\\Engines\\EngineResolver.php(55): call_user_func()
#10 D:\\OSPanel\\domains\\asap-new-site-dev\\back\\vendor\\laravel\\framework\\src\\Illuminate\\View\\Factory.php(310): Illuminate\\View\\Engines\\EngineResolver->resolve()
#11 D:\\OSPanel\\domains\\asap-new-site-dev\\back\\vendor\\laravel\\framework\\src\\Illuminate\\View\\Factory.php(274): Illuminate\\View\\Factory->getEngineFromPath()
#12 D:\\OSPanel\\domains\\asap-new-site-dev\\back\\vendor\\laravel\\framework\\src\\Illuminate\\View\\Factory.php(146): Illuminate\\View\\Factory->viewInstance()
#13 D:\\OSPanel\\domains\\asap-new-site-dev\\back\\vendor\\laravel\\framework\\src\\Illuminate\\Routing\\ResponseFactory.php(87): Illuminate\\View\\Factory->make()
#14 D:\\OSPanel\\domains\\asap-new-site-dev\\back\\vendor\\laravel\\framework\\src\\Illuminate\\Foundation\\Exceptions\\Handler.php(645): Illuminate\\Routing\\ResponseFactory->view()
#15 D:\\OSPanel\\domains\\asap-new-site-dev\\back\\vendor\\laravel\\framework\\src\\Illuminate\\Foundation\\Exceptions\\Handler.php(573): Illuminate\\Foundation\\Exceptions\\Handler->renderHttpException()
#16 D:\\OSPanel\\domains\\asap-new-site-dev\\back\\vendor\\laravel\\framework\\src\\Illuminate\\Foundation\\Exceptions\\Handler.php(479): Illuminate\\Foundation\\Exceptions\\Handler->prepareResponse()
#17 D:\\OSPanel\\domains\\asap-new-site-dev\\back\\vendor\\laravel\\framework\\src\\Illuminate\\Foundation\\Exceptions\\Handler.php(396): Illuminate\\Foundation\\Exceptions\\Handler->renderExceptionResponse()
#18 D:\\OSPanel\\domains\\asap-new-site-dev\\back\\vendor\\laravel\\framework\\src\\Illuminate\\Foundation\\Bootstrap\\HandleExceptions.php(217): Illuminate\\Foundation\\Exceptions\\Handler->render()
#19 D:\\OSPanel\\domains\\asap-new-site-dev\\back\\vendor\\laravel\\framework\\src\\Illuminate\\Foundation\\Bootstrap\\HandleExceptions.php(194): Illuminate\\Foundation\\Bootstrap\\HandleExceptions->renderHttpResponse()
#20 D:\\OSPanel\\domains\\asap-new-site-dev\\back\\vendor\\laravel\\framework\\src\\Illuminate\\Foundation\\Bootstrap\\HandleExceptions.php(254): Illuminate\\Foundation\\Bootstrap\\HandleExceptions->handleException()
#21 [internal function]: Illuminate\\Foundation\\Bootstrap\\HandleExceptions->Illuminate\\Foundation\\Bootstrap\\{closure}()
#22 {main}
  thrown at D:\\OSPanel\\domains\\asap-new-site-dev\\back\\vendor\\laravel\\framework\\src\\Illuminate\\View\\Compilers\\Compiler.php:66)
[stacktrace]
#0 {main}
"} 
[2024-11-16 11:32:39] production.ERROR: No application encryption key has been specified. {"exception":"[object] (Illuminate\\Encryption\\MissingAppKeyException(code: 0): No application encryption key has been specified. at D:\\OSPanel\\domains\\asap-new-site-dev\\back\\vendor\\laravel\\framework\\src\\Illuminate\\Encryption\\EncryptionServiceProvider.php:79)
[stacktrace]
#0 D:\\OSPanel\\domains\\asap-new-site-dev\\back\\vendor\\laravel\\framework\\src\\Illuminate\\Support\\helpers.php(307): Illuminate\\Encryption\\EncryptionServiceProvider->Illuminate\\Encryption\\{closure}()
#1 D:\\OSPanel\\domains\\asap-new-site-dev\\back\\vendor\\laravel\\framework\\src\\Illuminate\\Encryption\\EncryptionServiceProvider.php(77): tap()
#2 D:\\OSPanel\\domains\\asap-new-site-dev\\back\\vendor\\laravel\\framework\\src\\Illuminate\\Encryption\\EncryptionServiceProvider.php(60): Illuminate\\Encryption\\EncryptionServiceProvider->key()
#3 D:\\OSPanel\\domains\\asap-new-site-dev\\back\\vendor\\laravel\\framework\\src\\Illuminate\\Encryption\\EncryptionServiceProvider.php(32): Illuminate\\Encryption\\EncryptionServiceProvider->parseKey()
#4 D:\\OSPanel\\domains\\asap-new-site-dev\\back\\vendor\\laravel\\framework\\src\\Illuminate\\Container\\Container.php(910): Illuminate\\Encryption\\EncryptionServiceProvider->Illuminate\\Encryption\\{closure}()
#5 D:\\OSPanel\\domains\\asap-new-site-dev\\back\\vendor\\laravel\\framework\\src\\Illuminate\\Container\\Container.php(795): Illuminate\\Container\\Container->build()
#6 D:\\OSPanel\\domains\\asap-new-site-dev\\back\\vendor\\laravel\\framework\\src\\Illuminate\\Foundation\\Application.php(933): Illuminate\\Container\\Container->resolve()
#7 D:\\OSPanel\\domains\\asap-new-site-dev\\back\\vendor\\laravel\\framework\\src\\Illuminate\\Container\\Container.php(731): Illuminate\\Foundation\\Application->resolve()
#8 D:\\OSPanel\\domains\\asap-new-site-dev\\back\\vendor\\laravel\\framework\\src\\Illuminate\\Foundation\\Application.php(918): Illuminate\\Container\\Container->make()
#9 D:\\OSPanel\\domains\\asap-new-site-dev\\back\\vendor\\laravel\\framework\\src\\Illuminate\\Container\\Container.php(1068): Illuminate\\Foundation\\Application->make()
#10 D:\\OSPanel\\domains\\asap-new-site-dev\\back\\vendor\\laravel\\framework\\src\\Illuminate\\Container\\Container.php(984): Illuminate\\Container\\Container->resolveClass()
#11 D:\\OSPanel\\domains\\asap-new-site-dev\\back\\vendor\\laravel\\framework\\src\\Illuminate\\Container\\Container.php(945): Illuminate\\Container\\Container->resolveDependencies()
#12 D:\\OSPanel\\domains\\asap-new-site-dev\\back\\vendor\\laravel\\framework\\src\\Illuminate\\Container\\Container.php(795): Illuminate\\Container\\Container->build()
#13 D:\\OSPanel\\domains\\asap-new-site-dev\\back\\vendor\\laravel\\framework\\src\\Illuminate\\Foundation\\Application.php(933): Illuminate\\Container\\Container->resolve()
#14 D:\\OSPanel\\domains\\asap-new-site-dev\\back\\vendor\\laravel\\framework\\src\\Illuminate\\Container\\Container.php(731): Illuminate\\Foundation\\Application->resolve()
#15 D:\\OSPanel\\domains\\asap-new-site-dev\\back\\vendor\\laravel\\framework\\src\\Illuminate\\Foundation\\Application.php(918): Illuminate\\Container\\Container->make()
#16 D:\\OSPanel\\domains\\asap-new-site-dev\\back\\vendor\\laravel\\framework\\src\\Illuminate\\Pipeline\\Pipeline.php(169): Illuminate\\Foundation\\Application->make()
#17 D:\\OSPanel\\domains\\asap-new-site-dev\\back\\vendor\\laravel\\framework\\src\\Illuminate\\Pipeline\\Pipeline.php(116): Illuminate\\Pipeline\\Pipeline->Illuminate\\Pipeline\\{closure}()
#18 D:\\OSPanel\\domains\\asap-new-site-dev\\back\\vendor\\laravel\\framework\\src\\Illuminate\\Routing\\Router.php(798): Illuminate\\Pipeline\\Pipeline->then()
#19 D:\\OSPanel\\domains\\asap-new-site-dev\\back\\vendor\\laravel\\framework\\src\\Illuminate\\Routing\\Router.php(777): Illuminate\\Routing\\Router->runRouteWithinStack()
#20 D:\\OSPanel\\domains\\asap-new-site-dev\\back\\vendor\\laravel\\framework\\src\\Illuminate\\Routing\\Router.php(741): Illuminate\\Routing\\Router->runRoute()
#21 D:\\OSPanel\\domains\\asap-new-site-dev\\back\\vendor\\laravel\\framework\\src\\Illuminate\\Routing\\Router.php(730): Illuminate\\Routing\\Router->dispatchToRoute()
#22 D:\\OSPanel\\domains\\asap-new-site-dev\\back\\vendor\\laravel\\framework\\src\\Illuminate\\Foundation\\Http\\Kernel.php(200): Illuminate\\Routing\\Router->dispatch()
#23 D:\\OSPanel\\domains\\asap-new-site-dev\\back\\vendor\\laravel\\framework\\src\\Illuminate\\Pipeline\\Pipeline.php(141): Illuminate\\Foundation\\Http\\Kernel->Illuminate\\Foundation\\Http\\{closure}()
#24 D:\\OSPanel\\domains\\asap-new-site-dev\\back\\vendor\\laravel\\framework\\src\\Illuminate\\Foundation\\Http\\Middleware\\TransformsRequest.php(21): Illuminate\\Pipeline\\Pipeline->Illuminate\\Pipeline\\{closure}()
#25 D:\\OSPanel\\domains\\asap-new-site-dev\\back\\vendor\\laravel\\framework\\src\\Illuminate\\Foundation\\Http\\Middleware\\ConvertEmptyStringsToNull.php(31): Illuminate\\Foundation\\Http\\Middleware\\TransformsRequest->handle()
#26 D:\\OSPanel\\domains\\asap-new-site-dev\\back\\vendor\\laravel\\framework\\src\\Illuminate\\Pipeline\\Pipeline.php(180): Illuminate\\Foundation\\Http\\Middleware\\ConvertEmptyStringsToNull->handle()
#27 D:\\OSPanel\\domains\\asap-new-site-dev\\back\\vendor\\laravel\\framework\\src\\Illuminate\\Foundation\\Http\\Middleware\\TransformsRequest.php(21): Illuminate\\Pipeline\\Pipeline->Illuminate\\Pipeline\\{closure}()
#28 D:\\OSPanel\\domains\\asap-new-site-dev\\back\\vendor\\laravel\\framework\\src\\Illuminate\\Foundation\\Http\\Middleware\\TrimStrings.php(40): Illuminate\\Foundation\\Http\\Middleware\\TransformsRequest->handle()
#29 D:\\OSPanel\\domains\\asap-new-site-dev\\back\\vendor\\laravel\\framework\\src\\Illuminate\\Pipeline\\Pipeline.php(180): Illuminate\\Foundation\\Http\\Middleware\\TrimStrings->handle()
#30 D:\\OSPanel\\domains\\asap-new-site-dev\\back\\vendor\\laravel\\framework\\src\\Illuminate\\Foundation\\Http\\Middleware\\ValidatePostSize.php(27): Illuminate\\Pipeline\\Pipeline->Illuminate\\Pipeline\\{closure}()
#31 D:\\OSPanel\\domains\\asap-new-site-dev\\back\\vendor\\laravel\\framework\\src\\Illuminate\\Pipeline\\Pipeline.php(180): Illuminate\\Foundation\\Http\\Middleware\\ValidatePostSize->handle()
#32 D:\\OSPanel\\domains\\asap-new-site-dev\\back\\vendor\\laravel\\framework\\src\\Illuminate\\Foundation\\Http\\Middleware\\PreventRequestsDuringMaintenance.php(86): Illuminate\\Pipeline\\Pipeline->Illuminate\\Pipeline\\{closure}()
#33 D:\\OSPanel\\domains\\asap-new-site-dev\\back\\vendor\\laravel\\framework\\src\\Illuminate\\Pipeline\\Pipeline.php(180): Illuminate\\Foundation\\Http\\Middleware\\PreventRequestsDuringMaintenance->handle()
#34 D:\\OSPanel\\domains\\asap-new-site-dev\\back\\vendor\\laravel\\framework\\src\\Illuminate\\Http\\Middleware\\HandleCors.php(49): Illuminate\\Pipeline\\Pipeline->Illuminate\\Pipeline\\{closure}()
#35 D:\\OSPanel\\domains\\asap-new-site-dev\\back\\vendor\\laravel\\framework\\src\\Illuminate\\Pipeline\\Pipeline.php(180): Illuminate\\Http\\Middleware\\HandleCors->handle()
#36 D:\\OSPanel\\domains\\asap-new-site-dev\\back\\vendor\\laravel\\framework\\src\\Illuminate\\Http\\Middleware\\TrustProxies.php(39): Illuminate\\Pipeline\\Pipeline->Illuminate\\Pipeline\\{closure}()
#37 D:\\OSPanel\\domains\\asap-new-site-dev\\back\\vendor\\laravel\\framework\\src\\Illuminate\\Pipeline\\Pipeline.php(180): Illuminate\\Http\\Middleware\\TrustProxies->handle()
#38 D:\\OSPanel\\domains\\asap-new-site-dev\\back\\vendor\\laravel\\framework\\src\\Illuminate\\Pipeline\\Pipeline.php(116): Illuminate\\Pipeline\\Pipeline->Illuminate\\Pipeline\\{closure}()
#39 D:\\OSPanel\\domains\\asap-new-site-dev\\back\\vendor\\laravel\\framework\\src\\Illuminate\\Foundation\\Http\\Kernel.php(175): Illuminate\\Pipeline\\Pipeline->then()
#40 D:\\OSPanel\\domains\\asap-new-site-dev\\back\\vendor\\laravel\\framework\\src\\Illuminate\\Foundation\\Http\\Kernel.php(144): Illuminate\\Foundation\\Http\\Kernel->sendRequestThroughRouter()
#41 D:\\OSPanel\\domains\\asap-new-site-dev\\back\\public\\index.php(51): Illuminate\\Foundation\\Http\\Kernel->handle()
#42 D:\\OSPanel\\domains\\asap-new-site-dev\\back\\vendor\\laravel\\framework\\src\\Illuminate\\Foundation\\resources\\server.php(16): require_once('D:\\\\OSPanel\\\\doma...')
#43 {main}
"} 
[2024-11-16 11:32:39] production.ERROR: Please provide a valid cache path. {"exception":"[object] (InvalidArgumentException(code: 0): Please provide a valid cache path. at D:\\OSPanel\\domains\\asap-new-site-dev\\back\\vendor\\laravel\\framework\\src\\Illuminate\\View\\Compilers\\Compiler.php:66)
[stacktrace]
#0 D:\\OSPanel\\domains\\asap-new-site-dev\\back\\vendor\\laravel\\framework\\src\\Illuminate\\View\\ViewServiceProvider.php(96): Illuminate\\View\\Compilers\\Compiler->__construct()
#1 D:\\OSPanel\\domains\\asap-new-site-dev\\back\\vendor\\laravel\\framework\\src\\Illuminate\\Container\\Container.php(910): Illuminate\\View\\ViewServiceProvider->Illuminate\\View\\{closure}()
#2 D:\\OSPanel\\domains\\asap-new-site-dev\\back\\vendor\\laravel\\framework\\src\\Illuminate\\Container\\Container.php(795): Illuminate\\Container\\Container->build()
#3 D:\\OSPanel\\domains\\asap-new-site-dev\\back\\vendor\\laravel\\framework\\src\\Illuminate\\Foundation\\Application.php(933): Illuminate\\Container\\Container->resolve()
#4 D:\\OSPanel\\domains\\asap-new-site-dev\\back\\vendor\\laravel\\framework\\src\\Illuminate\\Container\\Container.php(731): Illuminate\\Foundation\\Application->resolve()
#5 D:\\OSPanel\\domains\\asap-new-site-dev\\back\\vendor\\laravel\\framework\\src\\Illuminate\\Foundation\\Application.php(918): Illuminate\\Container\\Container->make()
#6 D:\\OSPanel\\domains\\asap-new-site-dev\\back\\vendor\\laravel\\framework\\src\\Illuminate\\Container\\Container.php(1456): Illuminate\\Foundation\\Application->make()
#7 D:\\OSPanel\\domains\\asap-new-site-dev\\back\\vendor\\laravel\\framework\\src\\Illuminate\\View\\ViewServiceProvider.php(164): Illuminate\\Container\\Container->offsetGet()
#8 [internal function]: Illuminate\\View\\ViewServiceProvider->Illuminate\\View\\{closure}()
#9 D:\\OSPanel\\domains\\asap-new-site-dev\\back\\vendor\\laravel\\framework\\src\\Illuminate\\View\\Engines\\EngineResolver.php(55): call_user_func()
#10 D:\\OSPanel\\domains\\asap-new-site-dev\\back\\vendor\\laravel\\framework\\src\\Illuminate\\View\\Factory.php(310): Illuminate\\View\\Engines\\EngineResolver->resolve()
#11 D:\\OSPanel\\domains\\asap-new-site-dev\\back\\vendor\\laravel\\framework\\src\\Illuminate\\View\\Factory.php(274): Illuminate\\View\\Factory->getEngineFromPath()
#12 D:\\OSPanel\\domains\\asap-new-site-dev\\back\\vendor\\laravel\\framework\\src\\Illuminate\\View\\Factory.php(146): Illuminate\\View\\Factory->viewInstance()
#13 D:\\OSPanel\\domains\\asap-new-site-dev\\back\\vendor\\laravel\\framework\\src\\Illuminate\\Routing\\ResponseFactory.php(87): Illuminate\\View\\Factory->make()
#14 D:\\OSPanel\\domains\\asap-new-site-dev\\back\\vendor\\laravel\\framework\\src\\Illuminate\\Foundation\\Exceptions\\Handler.php(645): Illuminate\\Routing\\ResponseFactory->view()
#15 D:\\OSPanel\\domains\\asap-new-site-dev\\back\\vendor\\laravel\\framework\\src\\Illuminate\\Foundation\\Exceptions\\Handler.php(573): Illuminate\\Foundation\\Exceptions\\Handler->renderHttpException()
#16 D:\\OSPanel\\domains\\asap-new-site-dev\\back\\vendor\\laravel\\framework\\src\\Illuminate\\Foundation\\Exceptions\\Handler.php(479): Illuminate\\Foundation\\Exceptions\\Handler->prepareResponse()
#17 D:\\OSPanel\\domains\\asap-new-site-dev\\back\\vendor\\laravel\\framework\\src\\Illuminate\\Foundation\\Exceptions\\Handler.php(396): Illuminate\\Foundation\\Exceptions\\Handler->renderExceptionResponse()
#18 D:\\OSPanel\\domains\\asap-new-site-dev\\back\\vendor\\laravel\\framework\\src\\Illuminate\\Routing\\Pipeline.php(51): Illuminate\\Foundation\\Exceptions\\Handler->render()
#19 D:\\OSPanel\\domains\\asap-new-site-dev\\back\\vendor\\laravel\\framework\\src\\Illuminate\\Pipeline\\Pipeline.php(185): Illuminate\\Routing\\Pipeline->handleException()
#20 D:\\OSPanel\\domains\\asap-new-site-dev\\back\\vendor\\laravel\\framework\\src\\Illuminate\\Pipeline\\Pipeline.php(116): Illuminate\\Pipeline\\Pipeline->Illuminate\\Pipeline\\{closure}()
#21 D:\\OSPanel\\domains\\asap-new-site-dev\\back\\vendor\\laravel\\framework\\src\\Illuminate\\Routing\\Router.php(798): Illuminate\\Pipeline\\Pipeline->then()
#22 D:\\OSPanel\\domains\\asap-new-site-dev\\back\\vendor\\laravel\\framework\\src\\Illuminate\\Routing\\Router.php(777): Illuminate\\Routing\\Router->runRouteWithinStack()
#23 D:\\OSPanel\\domains\\asap-new-site-dev\\back\\vendor\\laravel\\framework\\src\\Illuminate\\Routing\\Router.php(741): Illuminate\\Routing\\Router->runRoute()
#24 D:\\OSPanel\\domains\\asap-new-site-dev\\back\\vendor\\laravel\\framework\\src\\Illuminate\\Routing\\Router.php(730): Illuminate\\Routing\\Router->dispatchToRoute()
#25 D:\\OSPanel\\domains\\asap-new-site-dev\\back\\vendor\\laravel\\framework\\src\\Illuminate\\Foundation\\Http\\Kernel.php(200): Illuminate\\Routing\\Router->dispatch()
#26 D:\\OSPanel\\domains\\asap-new-site-dev\\back\\vendor\\laravel\\framework\\src\\Illuminate\\Pipeline\\Pipeline.php(141): Illuminate\\Foundation\\Http\\Kernel->Illuminate\\Foundation\\Http\\{closure}()
#27 D:\\OSPanel\\domains\\asap-new-site-dev\\back\\vendor\\laravel\\framework\\src\\Illuminate\\Foundation\\Http\\Middleware\\TransformsRequest.php(21): Illuminate\\Pipeline\\Pipeline->Illuminate\\Pipeline\\{closure}()
#28 D:\\OSPanel\\domains\\asap-new-site-dev\\back\\vendor\\laravel\\framework\\src\\Illuminate\\Foundation\\Http\\Middleware\\ConvertEmptyStringsToNull.php(31): Illuminate\\Foundation\\Http\\Middleware\\TransformsRequest->handle()
#29 D:\\OSPanel\\domains\\asap-new-site-dev\\back\\vendor\\laravel\\framework\\src\\Illuminate\\Pipeline\\Pipeline.php(180): Illuminate\\Foundation\\Http\\Middleware\\ConvertEmptyStringsToNull->handle()
#30 D:\\OSPanel\\domains\\asap-new-site-dev\\back\\vendor\\laravel\\framework\\src\\Illuminate\\Foundation\\Http\\Middleware\\TransformsRequest.php(21): Illuminate\\Pipeline\\Pipeline->Illuminate\\Pipeline\\{closure}()
#31 D:\\OSPanel\\domains\\asap-new-site-dev\\back\\vendor\\laravel\\framework\\src\\Illuminate\\Foundation\\Http\\Middleware\\TrimStrings.php(40): Illuminate\\Foundation\\Http\\Middleware\\TransformsRequest->handle()
#32 D:\\OSPanel\\domains\\asap-new-site-dev\\back\\vendor\\laravel\\framework\\src\\Illuminate\\Pipeline\\Pipeline.php(180): Illuminate\\Foundation\\Http\\Middleware\\TrimStrings->handle()
#33 D:\\OSPanel\\domains\\asap-new-site-dev\\back\\vendor\\laravel\\framework\\src\\Illuminate\\Foundation\\Http\\Middleware\\ValidatePostSize.php(27): Illuminate\\Pipeline\\Pipeline->Illuminate\\Pipeline\\{closure}()
#34 D:\\OSPanel\\domains\\asap-new-site-dev\\back\\vendor\\laravel\\framework\\src\\Illuminate\\Pipeline\\Pipeline.php(180): Illuminate\\Foundation\\Http\\Middleware\\ValidatePostSize->handle()
#35 D:\\OSPanel\\domains\\asap-new-site-dev\\back\\vendor\\laravel\\framework\\src\\Illuminate\\Foundation\\Http\\Middleware\\PreventRequestsDuringMaintenance.php(86): Illuminate\\Pipeline\\Pipeline->Illuminate\\Pipeline\\{closure}()
#36 D:\\OSPanel\\domains\\asap-new-site-dev\\back\\vendor\\laravel\\framework\\src\\Illuminate\\Pipeline\\Pipeline.php(180): Illuminate\\Foundation\\Http\\Middleware\\PreventRequestsDuringMaintenance->handle()
#37 D:\\OSPanel\\domains\\asap-new-site-dev\\back\\vendor\\laravel\\framework\\src\\Illuminate\\Http\\Middleware\\HandleCors.php(49): Illuminate\\Pipeline\\Pipeline->Illuminate\\Pipeline\\{closure}()
#38 D:\\OSPanel\\domains\\asap-new-site-dev\\back\\vendor\\laravel\\framework\\src\\Illuminate\\Pipeline\\Pipeline.php(180): Illuminate\\Http\\Middleware\\HandleCors->handle()
#39 D:\\OSPanel\\domains\\asap-new-site-dev\\back\\vendor\\laravel\\framework\\src\\Illuminate\\Http\\Middleware\\TrustProxies.php(39): Illuminate\\Pipeline\\Pipeline->Illuminate\\Pipeline\\{closure}()
#40 D:\\OSPanel\\domains\\asap-new-site-dev\\back\\vendor\\laravel\\framework\\src\\Illuminate\\Pipeline\\Pipeline.php(180): Illuminate\\Http\\Middleware\\TrustProxies->handle()
#41 D:\\OSPanel\\domains\\asap-new-site-dev\\back\\vendor\\laravel\\framework\\src\\Illuminate\\Pipeline\\Pipeline.php(116): Illuminate\\Pipeline\\Pipeline->Illuminate\\Pipeline\\{closure}()
#42 D:\\OSPanel\\domains\\asap-new-site-dev\\back\\vendor\\laravel\\framework\\src\\Illuminate\\Foundation\\Http\\Kernel.php(175): Illuminate\\Pipeline\\Pipeline->then()
#43 D:\\OSPanel\\domains\\asap-new-site-dev\\back\\vendor\\laravel\\framework\\src\\Illuminate\\Foundation\\Http\\Kernel.php(144): Illuminate\\Foundation\\Http\\Kernel->sendRequestThroughRouter()
#44 D:\\OSPanel\\domains\\asap-new-site-dev\\back\\public\\index.php(51): Illuminate\\Foundation\\Http\\Kernel->handle()
#45 D:\\OSPanel\\domains\\asap-new-site-dev\\back\\vendor\\laravel\\framework\\src\\Illuminate\\Foundation\\resources\\server.php(16): require_once('D:\\\\OSPanel\\\\doma...')
#46 {main}
"} 
[2024-11-16 11:32:39] production.ERROR: Please provide a valid cache path. {"exception":"[object] (InvalidArgumentException(code: 0): Please provide a valid cache path. at D:\\OSPanel\\domains\\asap-new-site-dev\\back\\vendor\\laravel\\framework\\src\\Illuminate\\View\\Compilers\\Compiler.php:66)
[stacktrace]
#0 D:\\OSPanel\\domains\\asap-new-site-dev\\back\\vendor\\laravel\\framework\\src\\Illuminate\\View\\ViewServiceProvider.php(96): Illuminate\\View\\Compilers\\Compiler->__construct()
#1 D:\\OSPanel\\domains\\asap-new-site-dev\\back\\vendor\\laravel\\framework\\src\\Illuminate\\Container\\Container.php(910): Illuminate\\View\\ViewServiceProvider->Illuminate\\View\\{closure}()
#2 D:\\OSPanel\\domains\\asap-new-site-dev\\back\\vendor\\laravel\\framework\\src\\Illuminate\\Container\\Container.php(795): Illuminate\\Container\\Container->build()
#3 D:\\OSPanel\\domains\\asap-new-site-dev\\back\\vendor\\laravel\\framework\\src\\Illuminate\\Foundation\\Application.php(933): Illuminate\\Container\\Container->resolve()
#4 D:\\OSPanel\\domains\\asap-new-site-dev\\back\\vendor\\laravel\\framework\\src\\Illuminate\\Container\\Container.php(731): Illuminate\\Foundation\\Application->resolve()
#5 D:\\OSPanel\\domains\\asap-new-site-dev\\back\\vendor\\laravel\\framework\\src\\Illuminate\\Foundation\\Application.php(918): Illuminate\\Container\\Container->make()
#6 D:\\OSPanel\\domains\\asap-new-site-dev\\back\\vendor\\laravel\\framework\\src\\Illuminate\\Container\\Container.php(1456): Illuminate\\Foundation\\Application->make()
#7 D:\\OSPanel\\domains\\asap-new-site-dev\\back\\vendor\\laravel\\framework\\src\\Illuminate\\View\\ViewServiceProvider.php(164): Illuminate\\Container\\Container->offsetGet()
#8 [internal function]: Illuminate\\View\\ViewServiceProvider->Illuminate\\View\\{closure}()
#9 D:\\OSPanel\\domains\\asap-new-site-dev\\back\\vendor\\laravel\\framework\\src\\Illuminate\\View\\Engines\\EngineResolver.php(55): call_user_func()
#10 D:\\OSPanel\\domains\\asap-new-site-dev\\back\\vendor\\laravel\\framework\\src\\Illuminate\\View\\Factory.php(310): Illuminate\\View\\Engines\\EngineResolver->resolve()
#11 D:\\OSPanel\\domains\\asap-new-site-dev\\back\\vendor\\laravel\\framework\\src\\Illuminate\\View\\Factory.php(274): Illuminate\\View\\Factory->getEngineFromPath()
#12 D:\\OSPanel\\domains\\asap-new-site-dev\\back\\vendor\\laravel\\framework\\src\\Illuminate\\View\\Factory.php(146): Illuminate\\View\\Factory->viewInstance()
#13 D:\\OSPanel\\domains\\asap-new-site-dev\\back\\vendor\\laravel\\framework\\src\\Illuminate\\Routing\\ResponseFactory.php(87): Illuminate\\View\\Factory->make()
#14 D:\\OSPanel\\domains\\asap-new-site-dev\\back\\vendor\\laravel\\framework\\src\\Illuminate\\Foundation\\Exceptions\\Handler.php(645): Illuminate\\Routing\\ResponseFactory->view()
#15 D:\\OSPanel\\domains\\asap-new-site-dev\\back\\vendor\\laravel\\framework\\src\\Illuminate\\Foundation\\Exceptions\\Handler.php(573): Illuminate\\Foundation\\Exceptions\\Handler->renderHttpException()
#16 D:\\OSPanel\\domains\\asap-new-site-dev\\back\\vendor\\laravel\\framework\\src\\Illuminate\\Foundation\\Exceptions\\Handler.php(479): Illuminate\\Foundation\\Exceptions\\Handler->prepareResponse()
#17 D:\\OSPanel\\domains\\asap-new-site-dev\\back\\vendor\\laravel\\framework\\src\\Illuminate\\Foundation\\Exceptions\\Handler.php(396): Illuminate\\Foundation\\Exceptions\\Handler->renderExceptionResponse()
#18 D:\\OSPanel\\domains\\asap-new-site-dev\\back\\vendor\\laravel\\framework\\src\\Illuminate\\Routing\\Pipeline.php(51): Illuminate\\Foundation\\Exceptions\\Handler->render()
#19 D:\\OSPanel\\domains\\asap-new-site-dev\\back\\vendor\\laravel\\framework\\src\\Illuminate\\Pipeline\\Pipeline.php(143): Illuminate\\Routing\\Pipeline->handleException()
#20 D:\\OSPanel\\domains\\asap-new-site-dev\\back\\vendor\\laravel\\framework\\src\\Illuminate\\Foundation\\Http\\Middleware\\TransformsRequest.php(21): Illuminate\\Pipeline\\Pipeline->Illuminate\\Pipeline\\{closure}()
#21 D:\\OSPanel\\domains\\asap-new-site-dev\\back\\vendor\\laravel\\framework\\src\\Illuminate\\Foundation\\Http\\Middleware\\ConvertEmptyStringsToNull.php(31): Illuminate\\Foundation\\Http\\Middleware\\TransformsRequest->handle()
#22 D:\\OSPanel\\domains\\asap-new-site-dev\\back\\vendor\\laravel\\framework\\src\\Illuminate\\Pipeline\\Pipeline.php(180): Illuminate\\Foundation\\Http\\Middleware\\ConvertEmptyStringsToNull->handle()
#23 D:\\OSPanel\\domains\\asap-new-site-dev\\back\\vendor\\laravel\\framework\\src\\Illuminate\\Foundation\\Http\\Middleware\\TransformsRequest.php(21): Illuminate\\Pipeline\\Pipeline->Illuminate\\Pipeline\\{closure}()
#24 D:\\OSPanel\\domains\\asap-new-site-dev\\back\\vendor\\laravel\\framework\\src\\Illuminate\\Foundation\\Http\\Middleware\\TrimStrings.php(40): Illuminate\\Foundation\\Http\\Middleware\\TransformsRequest->handle()
#25 D:\\OSPanel\\domains\\asap-new-site-dev\\back\\vendor\\laravel\\framework\\src\\Illuminate\\Pipeline\\Pipeline.php(180): Illuminate\\Foundation\\Http\\Middleware\\TrimStrings->handle()
#26 D:\\OSPanel\\domains\\asap-new-site-dev\\back\\vendor\\laravel\\framework\\src\\Illuminate\\Foundation\\Http\\Middleware\\ValidatePostSize.php(27): Illuminate\\Pipeline\\Pipeline->Illuminate\\Pipeline\\{closure}()
#27 D:\\OSPanel\\domains\\asap-new-site-dev\\back\\vendor\\laravel\\framework\\src\\Illuminate\\Pipeline\\Pipeline.php(180): Illuminate\\Foundation\\Http\\Middleware\\ValidatePostSize->handle()
#28 D:\\OSPanel\\domains\\asap-new-site-dev\\back\\vendor\\laravel\\framework\\src\\Illuminate\\Foundation\\Http\\Middleware\\PreventRequestsDuringMaintenance.php(86): Illuminate\\Pipeline\\Pipeline->Illuminate\\Pipeline\\{closure}()
#29 D:\\OSPanel\\domains\\asap-new-site-dev\\back\\vendor\\laravel\\framework\\src\\Illuminate\\Pipeline\\Pipeline.php(180): Illuminate\\Foundation\\Http\\Middleware\\PreventRequestsDuringMaintenance->handle()
#30 D:\\OSPanel\\domains\\asap-new-site-dev\\back\\vendor\\laravel\\framework\\src\\Illuminate\\Http\\Middleware\\HandleCors.php(49): Illuminate\\Pipeline\\Pipeline->Illuminate\\Pipeline\\{closure}()
#31 D:\\OSPanel\\domains\\asap-new-site-dev\\back\\vendor\\laravel\\framework\\src\\Illuminate\\Pipeline\\Pipeline.php(180): Illuminate\\Http\\Middleware\\HandleCors->handle()
#32 D:\\OSPanel\\domains\\asap-new-site-dev\\back\\vendor\\laravel\\framework\\src\\Illuminate\\Http\\Middleware\\TrustProxies.php(39): Illuminate\\Pipeline\\Pipeline->Illuminate\\Pipeline\\{closure}()
#33 D:\\OSPanel\\domains\\asap-new-site-dev\\back\\vendor\\laravel\\framework\\src\\Illuminate\\Pipeline\\Pipeline.php(180): Illuminate\\Http\\Middleware\\TrustProxies->handle()
#34 D:\\OSPanel\\domains\\asap-new-site-dev\\back\\vendor\\laravel\\framework\\src\\Illuminate\\Pipeline\\Pipeline.php(116): Illuminate\\Pipeline\\Pipeline->Illuminate\\Pipeline\\{closure}()
#35 D:\\OSPanel\\domains\\asap-new-site-dev\\back\\vendor\\laravel\\framework\\src\\Illuminate\\Foundation\\Http\\Kernel.php(175): Illuminate\\Pipeline\\Pipeline->then()
#36 D:\\OSPanel\\domains\\asap-new-site-dev\\back\\vendor\\laravel\\framework\\src\\Illuminate\\Foundation\\Http\\Kernel.php(144): Illuminate\\Foundation\\Http\\Kernel->sendRequestThroughRouter()
#37 D:\\OSPanel\\domains\\asap-new-site-dev\\back\\public\\index.php(51): Illuminate\\Foundation\\Http\\Kernel->handle()
#38 D:\\OSPanel\\domains\\asap-new-site-dev\\back\\vendor\\laravel\\framework\\src\\Illuminate\\Foundation\\resources\\server.php(16): require_once('D:\\\\OSPanel\\\\doma...')
#39 {main}
"} 
[2024-11-16 11:32:39] production.ERROR: Please provide a valid cache path. {"exception":"[object] (InvalidArgumentException(code: 0): Please provide a valid cache path. at D:\\OSPanel\\domains\\asap-new-site-dev\\back\\vendor\\laravel\\framework\\src\\Illuminate\\View\\Compilers\\Compiler.php:66)
[stacktrace]
#0 D:\\OSPanel\\domains\\asap-new-site-dev\\back\\vendor\\laravel\\framework\\src\\Illuminate\\View\\ViewServiceProvider.php(96): Illuminate\\View\\Compilers\\Compiler->__construct()
#1 D:\\OSPanel\\domains\\asap-new-site-dev\\back\\vendor\\laravel\\framework\\src\\Illuminate\\Container\\Container.php(910): Illuminate\\View\\ViewServiceProvider->Illuminate\\View\\{closure}()
#2 D:\\OSPanel\\domains\\asap-new-site-dev\\back\\vendor\\laravel\\framework\\src\\Illuminate\\Container\\Container.php(795): Illuminate\\Container\\Container->build()
#3 D:\\OSPanel\\domains\\asap-new-site-dev\\back\\vendor\\laravel\\framework\\src\\Illuminate\\Foundation\\Application.php(933): Illuminate\\Container\\Container->resolve()
#4 D:\\OSPanel\\domains\\asap-new-site-dev\\back\\vendor\\laravel\\framework\\src\\Illuminate\\Container\\Container.php(731): Illuminate\\Foundation\\Application->resolve()
#5 D:\\OSPanel\\domains\\asap-new-site-dev\\back\\vendor\\laravel\\framework\\src\\Illuminate\\Foundation\\Application.php(918): Illuminate\\Container\\Container->make()
#6 D:\\OSPanel\\domains\\asap-new-site-dev\\back\\vendor\\laravel\\framework\\src\\Illuminate\\Container\\Container.php(1456): Illuminate\\Foundation\\Application->make()
#7 D:\\OSPanel\\domains\\asap-new-site-dev\\back\\vendor\\laravel\\framework\\src\\Illuminate\\View\\ViewServiceProvider.php(164): Illuminate\\Container\\Container->offsetGet()
#8 [internal function]: Illuminate\\View\\ViewServiceProvider->Illuminate\\View\\{closure}()
#9 D:\\OSPanel\\domains\\asap-new-site-dev\\back\\vendor\\laravel\\framework\\src\\Illuminate\\View\\Engines\\EngineResolver.php(55): call_user_func()
#10 D:\\OSPanel\\domains\\asap-new-site-dev\\back\\vendor\\laravel\\framework\\src\\Illuminate\\View\\Factory.php(310): Illuminate\\View\\Engines\\EngineResolver->resolve()
#11 D:\\OSPanel\\domains\\asap-new-site-dev\\back\\vendor\\laravel\\framework\\src\\Illuminate\\View\\Factory.php(274): Illuminate\\View\\Factory->getEngineFromPath()
#12 D:\\OSPanel\\domains\\asap-new-site-dev\\back\\vendor\\laravel\\framework\\src\\Illuminate\\View\\Factory.php(146): Illuminate\\View\\Factory->viewInstance()
#13 D:\\OSPanel\\domains\\asap-new-site-dev\\back\\vendor\\laravel\\framework\\src\\Illuminate\\Routing\\ResponseFactory.php(87): Illuminate\\View\\Factory->make()
#14 D:\\OSPanel\\domains\\asap-new-site-dev\\back\\vendor\\laravel\\framework\\src\\Illuminate\\Foundation\\Exceptions\\Handler.php(645): Illuminate\\Routing\\ResponseFactory->view()
#15 D:\\OSPanel\\domains\\asap-new-site-dev\\back\\vendor\\laravel\\framework\\src\\Illuminate\\Foundation\\Exceptions\\Handler.php(573): Illuminate\\Foundation\\Exceptions\\Handler->renderHttpException()
#16 D:\\OSPanel\\domains\\asap-new-site-dev\\back\\vendor\\laravel\\framework\\src\\Illuminate\\Foundation\\Exceptions\\Handler.php(479): Illuminate\\Foundation\\Exceptions\\Handler->prepareResponse()
#17 D:\\OSPanel\\domains\\asap-new-site-dev\\back\\vendor\\laravel\\framework\\src\\Illuminate\\Foundation\\Exceptions\\Handler.php(396): Illuminate\\Foundation\\Exceptions\\Handler->renderExceptionResponse()
#18 D:\\OSPanel\\domains\\asap-new-site-dev\\back\\vendor\\laravel\\framework\\src\\Illuminate\\Routing\\Pipeline.php(51): Illuminate\\Foundation\\Exceptions\\Handler->render()
#19 D:\\OSPanel\\domains\\asap-new-site-dev\\back\\vendor\\laravel\\framework\\src\\Illuminate\\Pipeline\\Pipeline.php(185): Illuminate\\Routing\\Pipeline->handleException()
#20 D:\\OSPanel\\domains\\asap-new-site-dev\\back\\vendor\\laravel\\framework\\src\\Illuminate\\Foundation\\Http\\Middleware\\TransformsRequest.php(21): Illuminate\\Pipeline\\Pipeline->Illuminate\\Pipeline\\{closure}()
#21 D:\\OSPanel\\domains\\asap-new-site-dev\\back\\vendor\\laravel\\framework\\src\\Illuminate\\Foundation\\Http\\Middleware\\TrimStrings.php(40): Illuminate\\Foundation\\Http\\Middleware\\TransformsRequest->handle()
#22 D:\\OSPanel\\domains\\asap-new-site-dev\\back\\vendor\\laravel\\framework\\src\\Illuminate\\Pipeline\\Pipeline.php(180): Illuminate\\Foundation\\Http\\Middleware\\TrimStrings->handle()
#23 D:\\OSPanel\\domains\\asap-new-site-dev\\back\\vendor\\laravel\\framework\\src\\Illuminate\\Foundation\\Http\\Middleware\\ValidatePostSize.php(27): Illuminate\\Pipeline\\Pipeline->Illuminate\\Pipeline\\{closure}()
#24 D:\\OSPanel\\domains\\asap-new-site-dev\\back\\vendor\\laravel\\framework\\src\\Illuminate\\Pipeline\\Pipeline.php(180): Illuminate\\Foundation\\Http\\Middleware\\ValidatePostSize->handle()
#25 D:\\OSPanel\\domains\\asap-new-site-dev\\back\\vendor\\laravel\\framework\\src\\Illuminate\\Foundation\\Http\\Middleware\\PreventRequestsDuringMaintenance.php(86): Illuminate\\Pipeline\\Pipeline->Illuminate\\Pipeline\\{closure}()
#26 D:\\OSPanel\\domains\\asap-new-site-dev\\back\\vendor\\laravel\\framework\\src\\Illuminate\\Pipeline\\Pipeline.php(180): Illuminate\\Foundation\\Http\\Middleware\\PreventRequestsDuringMaintenance->handle()
#27 D:\\OSPanel\\domains\\asap-new-site-dev\\back\\vendor\\laravel\\framework\\src\\Illuminate\\Http\\Middleware\\HandleCors.php(49): Illuminate\\Pipeline\\Pipeline->Illuminate\\Pipeline\\{closure}()
#28 D:\\OSPanel\\domains\\asap-new-site-dev\\back\\vendor\\laravel\\framework\\src\\Illuminate\\Pipeline\\Pipeline.php(180): Illuminate\\Http\\Middleware\\HandleCors->handle()
#29 D:\\OSPanel\\domains\\asap-new-site-dev\\back\\vendor\\laravel\\framework\\src\\Illuminate\\Http\\Middleware\\TrustProxies.php(39): Illuminate\\Pipeline\\Pipeline->Illuminate\\Pipeline\\{closure}()
#30 D:\\OSPanel\\domains\\asap-new-site-dev\\back\\vendor\\laravel\\framework\\src\\Illuminate\\Pipeline\\Pipeline.php(180): Illuminate\\Http\\Middleware\\TrustProxies->handle()
#31 D:\\OSPanel\\domains\\asap-new-site-dev\\back\\vendor\\laravel\\framework\\src\\Illuminate\\Pipeline\\Pipeline.php(116): Illuminate\\Pipeline\\Pipeline->Illuminate\\Pipeline\\{closure}()
#32 D:\\OSPanel\\domains\\asap-new-site-dev\\back\\vendor\\laravel\\framework\\src\\Illuminate\\Foundation\\Http\\Kernel.php(175): Illuminate\\Pipeline\\Pipeline->then()
#33 D:\\OSPanel\\domains\\asap-new-site-dev\\back\\vendor\\laravel\\framework\\src\\Illuminate\\Foundation\\Http\\Kernel.php(144): Illuminate\\Foundation\\Http\\Kernel->sendRequestThroughRouter()
#34 D:\\OSPanel\\domains\\asap-new-site-dev\\back\\public\\index.php(51): Illuminate\\Foundation\\Http\\Kernel->handle()
#35 D:\\OSPanel\\domains\\asap-new-site-dev\\back\\vendor\\laravel\\framework\\src\\Illuminate\\Foundation\\resources\\server.php(16): require_once('D:\\\\OSPanel\\\\doma...')
#36 {main}
"} 
[2024-11-16 11:32:39] production.ERROR: Please provide a valid cache path. {"exception":"[object] (InvalidArgumentException(code: 0): Please provide a valid cache path. at D:\\OSPanel\\domains\\asap-new-site-dev\\back\\vendor\\laravel\\framework\\src\\Illuminate\\View\\Compilers\\Compiler.php:66)
[stacktrace]
#0 D:\\OSPanel\\domains\\asap-new-site-dev\\back\\vendor\\laravel\\framework\\src\\Illuminate\\View\\ViewServiceProvider.php(96): Illuminate\\View\\Compilers\\Compiler->__construct()
#1 D:\\OSPanel\\domains\\asap-new-site-dev\\back\\vendor\\laravel\\framework\\src\\Illuminate\\Container\\Container.php(910): Illuminate\\View\\ViewServiceProvider->Illuminate\\View\\{closure}()
#2 D:\\OSPanel\\domains\\asap-new-site-dev\\back\\vendor\\laravel\\framework\\src\\Illuminate\\Container\\Container.php(795): Illuminate\\Container\\Container->build()
#3 D:\\OSPanel\\domains\\asap-new-site-dev\\back\\vendor\\laravel\\framework\\src\\Illuminate\\Foundation\\Application.php(933): Illuminate\\Container\\Container->resolve()
#4 D:\\OSPanel\\domains\\asap-new-site-dev\\back\\vendor\\laravel\\framework\\src\\Illuminate\\Container\\Container.php(731): Illuminate\\Foundation\\Application->resolve()
#5 D:\\OSPanel\\domains\\asap-new-site-dev\\back\\vendor\\laravel\\framework\\src\\Illuminate\\Foundation\\Application.php(918): Illuminate\\Container\\Container->make()
#6 D:\\OSPanel\\domains\\asap-new-site-dev\\back\\vendor\\laravel\\framework\\src\\Illuminate\\Container\\Container.php(1456): Illuminate\\Foundation\\Application->make()
#7 D:\\OSPanel\\domains\\asap-new-site-dev\\back\\vendor\\laravel\\framework\\src\\Illuminate\\View\\ViewServiceProvider.php(164): Illuminate\\Container\\Container->offsetGet()
#8 [internal function]: Illuminate\\View\\ViewServiceProvider->Illuminate\\View\\{closure}()
#9 D:\\OSPanel\\domains\\asap-new-site-dev\\back\\vendor\\laravel\\framework\\src\\Illuminate\\View\\Engines\\EngineResolver.php(55): call_user_func()
#10 D:\\OSPanel\\domains\\asap-new-site-dev\\back\\vendor\\laravel\\framework\\src\\Illuminate\\View\\Factory.php(310): Illuminate\\View\\Engines\\EngineResolver->resolve()
#11 D:\\OSPanel\\domains\\asap-new-site-dev\\back\\vendor\\laravel\\framework\\src\\Illuminate\\View\\Factory.php(274): Illuminate\\View\\Factory->getEngineFromPath()
#12 D:\\OSPanel\\domains\\asap-new-site-dev\\back\\vendor\\laravel\\framework\\src\\Illuminate\\View\\Factory.php(146): Illuminate\\View\\Factory->viewInstance()
#13 D:\\OSPanel\\domains\\asap-new-site-dev\\back\\vendor\\laravel\\framework\\src\\Illuminate\\Routing\\ResponseFactory.php(87): Illuminate\\View\\Factory->make()
#14 D:\\OSPanel\\domains\\asap-new-site-dev\\back\\vendor\\laravel\\framework\\src\\Illuminate\\Foundation\\Exceptions\\Handler.php(645): Illuminate\\Routing\\ResponseFactory->view()
#15 D:\\OSPanel\\domains\\asap-new-site-dev\\back\\vendor\\laravel\\framework\\src\\Illuminate\\Foundation\\Exceptions\\Handler.php(573): Illuminate\\Foundation\\Exceptions\\Handler->renderHttpException()
#16 D:\\OSPanel\\domains\\asap-new-site-dev\\back\\vendor\\laravel\\framework\\src\\Illuminate\\Foundation\\Exceptions\\Handler.php(479): Illuminate\\Foundation\\Exceptions\\Handler->prepareResponse()
#17 D:\\OSPanel\\domains\\asap-new-site-dev\\back\\vendor\\laravel\\framework\\src\\Illuminate\\Foundation\\Exceptions\\Handler.php(396): Illuminate\\Foundation\\Exceptions\\Handler->renderExceptionResponse()
#18 D:\\OSPanel\\domains\\asap-new-site-dev\\back\\vendor\\laravel\\framework\\src\\Illuminate\\Routing\\Pipeline.php(51): Illuminate\\Foundation\\Exceptions\\Handler->render()
#19 D:\\OSPanel\\domains\\asap-new-site-dev\\back\\vendor\\laravel\\framework\\src\\Illuminate\\Pipeline\\Pipeline.php(185): Illuminate\\Routing\\Pipeline->handleException()
#20 D:\\OSPanel\\domains\\asap-new-site-dev\\back\\vendor\\laravel\\framework\\src\\Illuminate\\Foundation\\Http\\Middleware\\ValidatePostSize.php(27): Illuminate\\Pipeline\\Pipeline->Illuminate\\Pipeline\\{closure}()
#21 D:\\OSPanel\\domains\\asap-new-site-dev\\back\\vendor\\laravel\\framework\\src\\Illuminate\\Pipeline\\Pipeline.php(180): Illuminate\\Foundation\\Http\\Middleware\\ValidatePostSize->handle()
#22 D:\\OSPanel\\domains\\asap-new-site-dev\\back\\vendor\\laravel\\framework\\src\\Illuminate\\Foundation\\Http\\Middleware\\PreventRequestsDuringMaintenance.php(86): Illuminate\\Pipeline\\Pipeline->Illuminate\\Pipeline\\{closure}()
#23 D:\\OSPanel\\domains\\asap-new-site-dev\\back\\vendor\\laravel\\framework\\src\\Illuminate\\Pipeline\\Pipeline.php(180): Illuminate\\Foundation\\Http\\Middleware\\PreventRequestsDuringMaintenance->handle()
#24 D:\\OSPanel\\domains\\asap-new-site-dev\\back\\vendor\\laravel\\framework\\src\\Illuminate\\Http\\Middleware\\HandleCors.php(49): Illuminate\\Pipeline\\Pipeline->Illuminate\\Pipeline\\{closure}()
#25 D:\\OSPanel\\domains\\asap-new-site-dev\\back\\vendor\\laravel\\framework\\src\\Illuminate\\Pipeline\\Pipeline.php(180): Illuminate\\Http\\Middleware\\HandleCors->handle()
#26 D:\\OSPanel\\domains\\asap-new-site-dev\\back\\vendor\\laravel\\framework\\src\\Illuminate\\Http\\Middleware\\TrustProxies.php(39): Illuminate\\Pipeline\\Pipeline->Illuminate\\Pipeline\\{closure}()
#27 D:\\OSPanel\\domains\\asap-new-site-dev\\back\\vendor\\laravel\\framework\\src\\Illuminate\\Pipeline\\Pipeline.php(180): Illuminate\\Http\\Middleware\\TrustProxies->handle()
#28 D:\\OSPanel\\domains\\asap-new-site-dev\\back\\vendor\\laravel\\framework\\src\\Illuminate\\Pipeline\\Pipeline.php(116): Illuminate\\Pipeline\\Pipeline->Illuminate\\Pipeline\\{closure}()
#29 D:\\OSPanel\\domains\\asap-new-site-dev\\back\\vendor\\laravel\\framework\\src\\Illuminate\\Foundation\\Http\\Kernel.php(175): Illuminate\\Pipeline\\Pipeline->then()
#30 D:\\OSPanel\\domains\\asap-new-site-dev\\back\\vendor\\laravel\\framework\\src\\Illuminate\\Foundation\\Http\\Kernel.php(144): Illuminate\\Foundation\\Http\\Kernel->sendRequestThroughRouter()
#31 D:\\OSPanel\\domains\\asap-new-site-dev\\back\\public\\index.php(51): Illuminate\\Foundation\\Http\\Kernel->handle()
#32 D:\\OSPanel\\domains\\asap-new-site-dev\\back\\vendor\\laravel\\framework\\src\\Illuminate\\Foundation\\resources\\server.php(16): require_once('D:\\\\OSPanel\\\\doma...')
#33 {main}
"} 
[2024-11-16 11:32:39] production.ERROR: Please provide a valid cache path. {"exception":"[object] (InvalidArgumentException(code: 0): Please provide a valid cache path. at D:\\OSPanel\\domains\\asap-new-site-dev\\back\\vendor\\laravel\\framework\\src\\Illuminate\\View\\Compilers\\Compiler.php:66)
[stacktrace]
#0 D:\\OSPanel\\domains\\asap-new-site-dev\\back\\vendor\\laravel\\framework\\src\\Illuminate\\View\\ViewServiceProvider.php(96): Illuminate\\View\\Compilers\\Compiler->__construct()
#1 D:\\OSPanel\\domains\\asap-new-site-dev\\back\\vendor\\laravel\\framework\\src\\Illuminate\\Container\\Container.php(910): Illuminate\\View\\ViewServiceProvider->Illuminate\\View\\{closure}()
#2 D:\\OSPanel\\domains\\asap-new-site-dev\\back\\vendor\\laravel\\framework\\src\\Illuminate\\Container\\Container.php(795): Illuminate\\Container\\Container->build()
#3 D:\\OSPanel\\domains\\asap-new-site-dev\\back\\vendor\\laravel\\framework\\src\\Illuminate\\Foundation\\Application.php(933): Illuminate\\Container\\Container->resolve()
#4 D:\\OSPanel\\domains\\asap-new-site-dev\\back\\vendor\\laravel\\framework\\src\\Illuminate\\Container\\Container.php(731): Illuminate\\Foundation\\Application->resolve()
#5 D:\\OSPanel\\domains\\asap-new-site-dev\\back\\vendor\\laravel\\framework\\src\\Illuminate\\Foundation\\Application.php(918): Illuminate\\Container\\Container->make()
#6 D:\\OSPanel\\domains\\asap-new-site-dev\\back\\vendor\\laravel\\framework\\src\\Illuminate\\Container\\Container.php(1456): Illuminate\\Foundation\\Application->make()
#7 D:\\OSPanel\\domains\\asap-new-site-dev\\back\\vendor\\laravel\\framework\\src\\Illuminate\\View\\ViewServiceProvider.php(164): Illuminate\\Container\\Container->offsetGet()
#8 [internal function]: Illuminate\\View\\ViewServiceProvider->Illuminate\\View\\{closure}()
#9 D:\\OSPanel\\domains\\asap-new-site-dev\\back\\vendor\\laravel\\framework\\src\\Illuminate\\View\\Engines\\EngineResolver.php(55): call_user_func()
#10 D:\\OSPanel\\domains\\asap-new-site-dev\\back\\vendor\\laravel\\framework\\src\\Illuminate\\View\\Factory.php(310): Illuminate\\View\\Engines\\EngineResolver->resolve()
#11 D:\\OSPanel\\domains\\asap-new-site-dev\\back\\vendor\\laravel\\framework\\src\\Illuminate\\View\\Factory.php(274): Illuminate\\View\\Factory->getEngineFromPath()
#12 D:\\OSPanel\\domains\\asap-new-site-dev\\back\\vendor\\laravel\\framework\\src\\Illuminate\\View\\Factory.php(146): Illuminate\\View\\Factory->viewInstance()
#13 D:\\OSPanel\\domains\\asap-new-site-dev\\back\\vendor\\laravel\\framework\\src\\Illuminate\\Routing\\ResponseFactory.php(87): Illuminate\\View\\Factory->make()
#14 D:\\OSPanel\\domains\\asap-new-site-dev\\back\\vendor\\laravel\\framework\\src\\Illuminate\\Foundation\\Exceptions\\Handler.php(645): Illuminate\\Routing\\ResponseFactory->view()
#15 D:\\OSPanel\\domains\\asap-new-site-dev\\back\\vendor\\laravel\\framework\\src\\Illuminate\\Foundation\\Exceptions\\Handler.php(573): Illuminate\\Foundation\\Exceptions\\Handler->renderHttpException()
#16 D:\\OSPanel\\domains\\asap-new-site-dev\\back\\vendor\\laravel\\framework\\src\\Illuminate\\Foundation\\Exceptions\\Handler.php(479): Illuminate\\Foundation\\Exceptions\\Handler->prepareResponse()
#17 D:\\OSPanel\\domains\\asap-new-site-dev\\back\\vendor\\laravel\\framework\\src\\Illuminate\\Foundation\\Exceptions\\Handler.php(396): Illuminate\\Foundation\\Exceptions\\Handler->renderExceptionResponse()
#18 D:\\OSPanel\\domains\\asap-new-site-dev\\back\\vendor\\laravel\\framework\\src\\Illuminate\\Routing\\Pipeline.php(51): Illuminate\\Foundation\\Exceptions\\Handler->render()
#19 D:\\OSPanel\\domains\\asap-new-site-dev\\back\\vendor\\laravel\\framework\\src\\Illuminate\\Pipeline\\Pipeline.php(185): Illuminate\\Routing\\Pipeline->handleException()
#20 D:\\OSPanel\\domains\\asap-new-site-dev\\back\\vendor\\laravel\\framework\\src\\Illuminate\\Foundation\\Http\\Middleware\\PreventRequestsDuringMaintenance.php(86): Illuminate\\Pipeline\\Pipeline->Illuminate\\Pipeline\\{closure}()
#21 D:\\OSPanel\\domains\\asap-new-site-dev\\back\\vendor\\laravel\\framework\\src\\Illuminate\\Pipeline\\Pipeline.php(180): Illuminate\\Foundation\\Http\\Middleware\\PreventRequestsDuringMaintenance->handle()
#22 D:\\OSPanel\\domains\\asap-new-site-dev\\back\\vendor\\laravel\\framework\\src\\Illuminate\\Http\\Middleware\\HandleCors.php(49): Illuminate\\Pipeline\\Pipeline->Illuminate\\Pipeline\\{closure}()
#23 D:\\OSPanel\\domains\\asap-new-site-dev\\back\\vendor\\laravel\\framework\\src\\Illuminate\\Pipeline\\Pipeline.php(180): Illuminate\\Http\\Middleware\\HandleCors->handle()
#24 D:\\OSPanel\\domains\\asap-new-site-dev\\back\\vendor\\laravel\\framework\\src\\Illuminate\\Http\\Middleware\\TrustProxies.php(39): Illuminate\\Pipeline\\Pipeline->Illuminate\\Pipeline\\{closure}()
#25 D:\\OSPanel\\domains\\asap-new-site-dev\\back\\vendor\\laravel\\framework\\src\\Illuminate\\Pipeline\\Pipeline.php(180): Illuminate\\Http\\Middleware\\TrustProxies->handle()
#26 D:\\OSPanel\\domains\\asap-new-site-dev\\back\\vendor\\laravel\\framework\\src\\Illuminate\\Pipeline\\Pipeline.php(116): Illuminate\\Pipeline\\Pipeline->Illuminate\\Pipeline\\{closure}()
#27 D:\\OSPanel\\domains\\asap-new-site-dev\\back\\vendor\\laravel\\framework\\src\\Illuminate\\Foundation\\Http\\Kernel.php(175): Illuminate\\Pipeline\\Pipeline->then()
#28 D:\\OSPanel\\domains\\asap-new-site-dev\\back\\vendor\\laravel\\framework\\src\\Illuminate\\Foundation\\Http\\Kernel.php(144): Illuminate\\Foundation\\Http\\Kernel->sendRequestThroughRouter()
#29 D:\\OSPanel\\domains\\asap-new-site-dev\\back\\public\\index.php(51): Illuminate\\Foundation\\Http\\Kernel->handle()
#30 D:\\OSPanel\\domains\\asap-new-site-dev\\back\\vendor\\laravel\\framework\\src\\Illuminate\\Foundation\\resources\\server.php(16): require_once('D:\\\\OSPanel\\\\doma...')
#31 {main}
"} 
[2024-11-16 11:32:39] production.ERROR: Please provide a valid cache path. {"exception":"[object] (InvalidArgumentException(code: 0): Please provide a valid cache path. at D:\\OSPanel\\domains\\asap-new-site-dev\\back\\vendor\\laravel\\framework\\src\\Illuminate\\View\\Compilers\\Compiler.php:66)
[stacktrace]
#0 D:\\OSPanel\\domains\\asap-new-site-dev\\back\\vendor\\laravel\\framework\\src\\Illuminate\\View\\ViewServiceProvider.php(96): Illuminate\\View\\Compilers\\Compiler->__construct()
#1 D:\\OSPanel\\domains\\asap-new-site-dev\\back\\vendor\\laravel\\framework\\src\\Illuminate\\Container\\Container.php(910): Illuminate\\View\\ViewServiceProvider->Illuminate\\View\\{closure}()
#2 D:\\OSPanel\\domains\\asap-new-site-dev\\back\\vendor\\laravel\\framework\\src\\Illuminate\\Container\\Container.php(795): Illuminate\\Container\\Container->build()
#3 D:\\OSPanel\\domains\\asap-new-site-dev\\back\\vendor\\laravel\\framework\\src\\Illuminate\\Foundation\\Application.php(933): Illuminate\\Container\\Container->resolve()
#4 D:\\OSPanel\\domains\\asap-new-site-dev\\back\\vendor\\laravel\\framework\\src\\Illuminate\\Container\\Container.php(731): Illuminate\\Foundation\\Application->resolve()
#5 D:\\OSPanel\\domains\\asap-new-site-dev\\back\\vendor\\laravel\\framework\\src\\Illuminate\\Foundation\\Application.php(918): Illuminate\\Container\\Container->make()
#6 D:\\OSPanel\\domains\\asap-new-site-dev\\back\\vendor\\laravel\\framework\\src\\Illuminate\\Container\\Container.php(1456): Illuminate\\Foundation\\Application->make()
#7 D:\\OSPanel\\domains\\asap-new-site-dev\\back\\vendor\\laravel\\framework\\src\\Illuminate\\View\\ViewServiceProvider.php(164): Illuminate\\Container\\Container->offsetGet()
#8 [internal function]: Illuminate\\View\\ViewServiceProvider->Illuminate\\View\\{closure}()
#9 D:\\OSPanel\\domains\\asap-new-site-dev\\back\\vendor\\laravel\\framework\\src\\Illuminate\\View\\Engines\\EngineResolver.php(55): call_user_func()
#10 D:\\OSPanel\\domains\\asap-new-site-dev\\back\\vendor\\laravel\\framework\\src\\Illuminate\\View\\Factory.php(310): Illuminate\\View\\Engines\\EngineResolver->resolve()
#11 D:\\OSPanel\\domains\\asap-new-site-dev\\back\\vendor\\laravel\\framework\\src\\Illuminate\\View\\Factory.php(274): Illuminate\\View\\Factory->getEngineFromPath()
#12 D:\\OSPanel\\domains\\asap-new-site-dev\\back\\vendor\\laravel\\framework\\src\\Illuminate\\View\\Factory.php(146): Illuminate\\View\\Factory->viewInstance()
#13 D:\\OSPanel\\domains\\asap-new-site-dev\\back\\vendor\\laravel\\framework\\src\\Illuminate\\Routing\\ResponseFactory.php(87): Illuminate\\View\\Factory->make()
#14 D:\\OSPanel\\domains\\asap-new-site-dev\\back\\vendor\\laravel\\framework\\src\\Illuminate\\Foundation\\Exceptions\\Handler.php(645): Illuminate\\Routing\\ResponseFactory->view()
#15 D:\\OSPanel\\domains\\asap-new-site-dev\\back\\vendor\\laravel\\framework\\src\\Illuminate\\Foundation\\Exceptions\\Handler.php(573): Illuminate\\Foundation\\Exceptions\\Handler->renderHttpException()
#16 D:\\OSPanel\\domains\\asap-new-site-dev\\back\\vendor\\laravel\\framework\\src\\Illuminate\\Foundation\\Exceptions\\Handler.php(479): Illuminate\\Foundation\\Exceptions\\Handler->prepareResponse()
#17 D:\\OSPanel\\domains\\asap-new-site-dev\\back\\vendor\\laravel\\framework\\src\\Illuminate\\Foundation\\Exceptions\\Handler.php(396): Illuminate\\Foundation\\Exceptions\\Handler->renderExceptionResponse()
#18 D:\\OSPanel\\domains\\asap-new-site-dev\\back\\vendor\\laravel\\framework\\src\\Illuminate\\Routing\\Pipeline.php(51): Illuminate\\Foundation\\Exceptions\\Handler->render()
#19 D:\\OSPanel\\domains\\asap-new-site-dev\\back\\vendor\\laravel\\framework\\src\\Illuminate\\Pipeline\\Pipeline.php(185): Illuminate\\Routing\\Pipeline->handleException()
#20 D:\\OSPanel\\domains\\asap-new-site-dev\\back\\vendor\\laravel\\framework\\src\\Illuminate\\Http\\Middleware\\HandleCors.php(49): Illuminate\\Pipeline\\Pipeline->Illuminate\\Pipeline\\{closure}()
#21 D:\\OSPanel\\domains\\asap-new-site-dev\\back\\vendor\\laravel\\framework\\src\\Illuminate\\Pipeline\\Pipeline.php(180): Illuminate\\Http\\Middleware\\HandleCors->handle()
#22 D:\\OSPanel\\domains\\asap-new-site-dev\\back\\vendor\\laravel\\framework\\src\\Illuminate\\Http\\Middleware\\TrustProxies.php(39): Illuminate\\Pipeline\\Pipeline->Illuminate\\Pipeline\\{closure}()
#23 D:\\OSPanel\\domains\\asap-new-site-dev\\back\\vendor\\laravel\\framework\\src\\Illuminate\\Pipeline\\Pipeline.php(180): Illuminate\\Http\\Middleware\\TrustProxies->handle()
#24 D:\\OSPanel\\domains\\asap-new-site-dev\\back\\vendor\\laravel\\framework\\src\\Illuminate\\Pipeline\\Pipeline.php(116): Illuminate\\Pipeline\\Pipeline->Illuminate\\Pipeline\\{closure}()
#25 D:\\OSPanel\\domains\\asap-new-site-dev\\back\\vendor\\laravel\\framework\\src\\Illuminate\\Foundation\\Http\\Kernel.php(175): Illuminate\\Pipeline\\Pipeline->then()
#26 D:\\OSPanel\\domains\\asap-new-site-dev\\back\\vendor\\laravel\\framework\\src\\Illuminate\\Foundation\\Http\\Kernel.php(144): Illuminate\\Foundation\\Http\\Kernel->sendRequestThroughRouter()
#27 D:\\OSPanel\\domains\\asap-new-site-dev\\back\\public\\index.php(51): Illuminate\\Foundation\\Http\\Kernel->handle()
#28 D:\\OSPanel\\domains\\asap-new-site-dev\\back\\vendor\\laravel\\framework\\src\\Illuminate\\Foundation\\resources\\server.php(16): require_once('D:\\\\OSPanel\\\\doma...')
#29 {main}
"} 
[2024-11-16 11:32:39] production.ERROR: Please provide a valid cache path. {"exception":"[object] (InvalidArgumentException(code: 0): Please provide a valid cache path. at D:\\OSPanel\\domains\\asap-new-site-dev\\back\\vendor\\laravel\\framework\\src\\Illuminate\\View\\Compilers\\Compiler.php:66)
[stacktrace]
#0 D:\\OSPanel\\domains\\asap-new-site-dev\\back\\vendor\\laravel\\framework\\src\\Illuminate\\View\\ViewServiceProvider.php(96): Illuminate\\View\\Compilers\\Compiler->__construct()
#1 D:\\OSPanel\\domains\\asap-new-site-dev\\back\\vendor\\laravel\\framework\\src\\Illuminate\\Container\\Container.php(910): Illuminate\\View\\ViewServiceProvider->Illuminate\\View\\{closure}()
#2 D:\\OSPanel\\domains\\asap-new-site-dev\\back\\vendor\\laravel\\framework\\src\\Illuminate\\Container\\Container.php(795): Illuminate\\Container\\Container->build()
#3 D:\\OSPanel\\domains\\asap-new-site-dev\\back\\vendor\\laravel\\framework\\src\\Illuminate\\Foundation\\Application.php(933): Illuminate\\Container\\Container->resolve()
#4 D:\\OSPanel\\domains\\asap-new-site-dev\\back\\vendor\\laravel\\framework\\src\\Illuminate\\Container\\Container.php(731): Illuminate\\Foundation\\Application->resolve()
#5 D:\\OSPanel\\domains\\asap-new-site-dev\\back\\vendor\\laravel\\framework\\src\\Illuminate\\Foundation\\Application.php(918): Illuminate\\Container\\Container->make()
#6 D:\\OSPanel\\domains\\asap-new-site-dev\\back\\vendor\\laravel\\framework\\src\\Illuminate\\Container\\Container.php(1456): Illuminate\\Foundation\\Application->make()
#7 D:\\OSPanel\\domains\\asap-new-site-dev\\back\\vendor\\laravel\\framework\\src\\Illuminate\\View\\ViewServiceProvider.php(164): Illuminate\\Container\\Container->offsetGet()
#8 [internal function]: Illuminate\\View\\ViewServiceProvider->Illuminate\\View\\{closure}()
#9 D:\\OSPanel\\domains\\asap-new-site-dev\\back\\vendor\\laravel\\framework\\src\\Illuminate\\View\\Engines\\EngineResolver.php(55): call_user_func()
#10 D:\\OSPanel\\domains\\asap-new-site-dev\\back\\vendor\\laravel\\framework\\src\\Illuminate\\View\\Factory.php(310): Illuminate\\View\\Engines\\EngineResolver->resolve()
#11 D:\\OSPanel\\domains\\asap-new-site-dev\\back\\vendor\\laravel\\framework\\src\\Illuminate\\View\\Factory.php(274): Illuminate\\View\\Factory->getEngineFromPath()
#12 D:\\OSPanel\\domains\\asap-new-site-dev\\back\\vendor\\laravel\\framework\\src\\Illuminate\\View\\Factory.php(146): Illuminate\\View\\Factory->viewInstance()
#13 D:\\OSPanel\\domains\\asap-new-site-dev\\back\\vendor\\laravel\\framework\\src\\Illuminate\\Routing\\ResponseFactory.php(87): Illuminate\\View\\Factory->make()
#14 D:\\OSPanel\\domains\\asap-new-site-dev\\back\\vendor\\laravel\\framework\\src\\Illuminate\\Foundation\\Exceptions\\Handler.php(645): Illuminate\\Routing\\ResponseFactory->view()
#15 D:\\OSPanel\\domains\\asap-new-site-dev\\back\\vendor\\laravel\\framework\\src\\Illuminate\\Foundation\\Exceptions\\Handler.php(573): Illuminate\\Foundation\\Exceptions\\Handler->renderHttpException()
#16 D:\\OSPanel\\domains\\asap-new-site-dev\\back\\vendor\\laravel\\framework\\src\\Illuminate\\Foundation\\Exceptions\\Handler.php(479): Illuminate\\Foundation\\Exceptions\\Handler->prepareResponse()
#17 D:\\OSPanel\\domains\\asap-new-site-dev\\back\\vendor\\laravel\\framework\\src\\Illuminate\\Foundation\\Exceptions\\Handler.php(396): Illuminate\\Foundation\\Exceptions\\Handler->renderExceptionResponse()
#18 D:\\OSPanel\\domains\\asap-new-site-dev\\back\\vendor\\laravel\\framework\\src\\Illuminate\\Routing\\Pipeline.php(51): Illuminate\\Foundation\\Exceptions\\Handler->render()
#19 D:\\OSPanel\\domains\\asap-new-site-dev\\back\\vendor\\laravel\\framework\\src\\Illuminate\\Pipeline\\Pipeline.php(185): Illuminate\\Routing\\Pipeline->handleException()
#20 D:\\OSPanel\\domains\\asap-new-site-dev\\back\\vendor\\laravel\\framework\\src\\Illuminate\\Http\\Middleware\\TrustProxies.php(39): Illuminate\\Pipeline\\Pipeline->Illuminate\\Pipeline\\{closure}()
#21 D:\\OSPanel\\domains\\asap-new-site-dev\\back\\vendor\\laravel\\framework\\src\\Illuminate\\Pipeline\\Pipeline.php(180): Illuminate\\Http\\Middleware\\TrustProxies->handle()
#22 D:\\OSPanel\\domains\\asap-new-site-dev\\back\\vendor\\laravel\\framework\\src\\Illuminate\\Pipeline\\Pipeline.php(116): Illuminate\\Pipeline\\Pipeline->Illuminate\\Pipeline\\{closure}()
#23 D:\\OSPanel\\domains\\asap-new-site-dev\\back\\vendor\\laravel\\framework\\src\\Illuminate\\Foundation\\Http\\Kernel.php(175): Illuminate\\Pipeline\\Pipeline->then()
#24 D:\\OSPanel\\domains\\asap-new-site-dev\\back\\vendor\\laravel\\framework\\src\\Illuminate\\Foundation\\Http\\Kernel.php(144): Illuminate\\Foundation\\Http\\Kernel->sendRequestThroughRouter()
#25 D:\\OSPanel\\domains\\asap-new-site-dev\\back\\public\\index.php(51): Illuminate\\Foundation\\Http\\Kernel->handle()
#26 D:\\OSPanel\\domains\\asap-new-site-dev\\back\\vendor\\laravel\\framework\\src\\Illuminate\\Foundation\\resources\\server.php(16): require_once('D:\\\\OSPanel\\\\doma...')
#27 {main}
"} 
[2024-11-16 11:32:39] production.ERROR: Please provide a valid cache path. {"exception":"[object] (InvalidArgumentException(code: 0): Please provide a valid cache path. at D:\\OSPanel\\domains\\asap-new-site-dev\\back\\vendor\\laravel\\framework\\src\\Illuminate\\View\\Compilers\\Compiler.php:66)
[stacktrace]
#0 D:\\OSPanel\\domains\\asap-new-site-dev\\back\\vendor\\laravel\\framework\\src\\Illuminate\\View\\ViewServiceProvider.php(96): Illuminate\\View\\Compilers\\Compiler->__construct()
#1 D:\\OSPanel\\domains\\asap-new-site-dev\\back\\vendor\\laravel\\framework\\src\\Illuminate\\Container\\Container.php(910): Illuminate\\View\\ViewServiceProvider->Illuminate\\View\\{closure}()
#2 D:\\OSPanel\\domains\\asap-new-site-dev\\back\\vendor\\laravel\\framework\\src\\Illuminate\\Container\\Container.php(795): Illuminate\\Container\\Container->build()
#3 D:\\OSPanel\\domains\\asap-new-site-dev\\back\\vendor\\laravel\\framework\\src\\Illuminate\\Foundation\\Application.php(933): Illuminate\\Container\\Container->resolve()
#4 D:\\OSPanel\\domains\\asap-new-site-dev\\back\\vendor\\laravel\\framework\\src\\Illuminate\\Container\\Container.php(731): Illuminate\\Foundation\\Application->resolve()
#5 D:\\OSPanel\\domains\\asap-new-site-dev\\back\\vendor\\laravel\\framework\\src\\Illuminate\\Foundation\\Application.php(918): Illuminate\\Container\\Container->make()
#6 D:\\OSPanel\\domains\\asap-new-site-dev\\back\\vendor\\laravel\\framework\\src\\Illuminate\\Container\\Container.php(1456): Illuminate\\Foundation\\Application->make()
#7 D:\\OSPanel\\domains\\asap-new-site-dev\\back\\vendor\\laravel\\framework\\src\\Illuminate\\View\\ViewServiceProvider.php(164): Illuminate\\Container\\Container->offsetGet()
#8 [internal function]: Illuminate\\View\\ViewServiceProvider->Illuminate\\View\\{closure}()
#9 D:\\OSPanel\\domains\\asap-new-site-dev\\back\\vendor\\laravel\\framework\\src\\Illuminate\\View\\Engines\\EngineResolver.php(55): call_user_func()
#10 D:\\OSPanel\\domains\\asap-new-site-dev\\back\\vendor\\laravel\\framework\\src\\Illuminate\\View\\Factory.php(310): Illuminate\\View\\Engines\\EngineResolver->resolve()
#11 D:\\OSPanel\\domains\\asap-new-site-dev\\back\\vendor\\laravel\\framework\\src\\Illuminate\\View\\Factory.php(274): Illuminate\\View\\Factory->getEngineFromPath()
#12 D:\\OSPanel\\domains\\asap-new-site-dev\\back\\vendor\\laravel\\framework\\src\\Illuminate\\View\\Factory.php(146): Illuminate\\View\\Factory->viewInstance()
#13 D:\\OSPanel\\domains\\asap-new-site-dev\\back\\vendor\\laravel\\framework\\src\\Illuminate\\Routing\\ResponseFactory.php(87): Illuminate\\View\\Factory->make()
#14 D:\\OSPanel\\domains\\asap-new-site-dev\\back\\vendor\\laravel\\framework\\src\\Illuminate\\Foundation\\Exceptions\\Handler.php(645): Illuminate\\Routing\\ResponseFactory->view()
#15 D:\\OSPanel\\domains\\asap-new-site-dev\\back\\vendor\\laravel\\framework\\src\\Illuminate\\Foundation\\Exceptions\\Handler.php(573): Illuminate\\Foundation\\Exceptions\\Handler->renderHttpException()
#16 D:\\OSPanel\\domains\\asap-new-site-dev\\back\\vendor\\laravel\\framework\\src\\Illuminate\\Foundation\\Exceptions\\Handler.php(479): Illuminate\\Foundation\\Exceptions\\Handler->prepareResponse()
#17 D:\\OSPanel\\domains\\asap-new-site-dev\\back\\vendor\\laravel\\framework\\src\\Illuminate\\Foundation\\Exceptions\\Handler.php(396): Illuminate\\Foundation\\Exceptions\\Handler->renderExceptionResponse()
#18 D:\\OSPanel\\domains\\asap-new-site-dev\\back\\vendor\\laravel\\framework\\src\\Illuminate\\Routing\\Pipeline.php(51): Illuminate\\Foundation\\Exceptions\\Handler->render()
#19 D:\\OSPanel\\domains\\asap-new-site-dev\\back\\vendor\\laravel\\framework\\src\\Illuminate\\Pipeline\\Pipeline.php(185): Illuminate\\Routing\\Pipeline->handleException()
#20 D:\\OSPanel\\domains\\asap-new-site-dev\\back\\vendor\\laravel\\framework\\src\\Illuminate\\Pipeline\\Pipeline.php(116): Illuminate\\Pipeline\\Pipeline->Illuminate\\Pipeline\\{closure}()
#21 D:\\OSPanel\\domains\\asap-new-site-dev\\back\\vendor\\laravel\\framework\\src\\Illuminate\\Foundation\\Http\\Kernel.php(175): Illuminate\\Pipeline\\Pipeline->then()
#22 D:\\OSPanel\\domains\\asap-new-site-dev\\back\\vendor\\laravel\\framework\\src\\Illuminate\\Foundation\\Http\\Kernel.php(144): Illuminate\\Foundation\\Http\\Kernel->sendRequestThroughRouter()
#23 D:\\OSPanel\\domains\\asap-new-site-dev\\back\\public\\index.php(51): Illuminate\\Foundation\\Http\\Kernel->handle()
#24 D:\\OSPanel\\domains\\asap-new-site-dev\\back\\vendor\\laravel\\framework\\src\\Illuminate\\Foundation\\resources\\server.php(16): require_once('D:\\\\OSPanel\\\\doma...')
#25 {main}
"} 
[2024-11-16 11:32:39] production.ERROR: Please provide a valid cache path. {"exception":"[object] (InvalidArgumentException(code: 0): Please provide a valid cache path. at D:\\OSPanel\\domains\\asap-new-site-dev\\back\\vendor\\laravel\\framework\\src\\Illuminate\\View\\Compilers\\Compiler.php:66)
[stacktrace]
#0 D:\\OSPanel\\domains\\asap-new-site-dev\\back\\vendor\\laravel\\framework\\src\\Illuminate\\View\\ViewServiceProvider.php(96): Illuminate\\View\\Compilers\\Compiler->__construct()
#1 D:\\OSPanel\\domains\\asap-new-site-dev\\back\\vendor\\laravel\\framework\\src\\Illuminate\\Container\\Container.php(910): Illuminate\\View\\ViewServiceProvider->Illuminate\\View\\{closure}()
#2 D:\\OSPanel\\domains\\asap-new-site-dev\\back\\vendor\\laravel\\framework\\src\\Illuminate\\Container\\Container.php(795): Illuminate\\Container\\Container->build()
#3 D:\\OSPanel\\domains\\asap-new-site-dev\\back\\vendor\\laravel\\framework\\src\\Illuminate\\Foundation\\Application.php(933): Illuminate\\Container\\Container->resolve()
#4 D:\\OSPanel\\domains\\asap-new-site-dev\\back\\vendor\\laravel\\framework\\src\\Illuminate\\Container\\Container.php(731): Illuminate\\Foundation\\Application->resolve()
#5 D:\\OSPanel\\domains\\asap-new-site-dev\\back\\vendor\\laravel\\framework\\src\\Illuminate\\Foundation\\Application.php(918): Illuminate\\Container\\Container->make()
#6 D:\\OSPanel\\domains\\asap-new-site-dev\\back\\vendor\\laravel\\framework\\src\\Illuminate\\Container\\Container.php(1456): Illuminate\\Foundation\\Application->make()
#7 D:\\OSPanel\\domains\\asap-new-site-dev\\back\\vendor\\laravel\\framework\\src\\Illuminate\\View\\ViewServiceProvider.php(164): Illuminate\\Container\\Container->offsetGet()
#8 [internal function]: Illuminate\\View\\ViewServiceProvider->Illuminate\\View\\{closure}()
#9 D:\\OSPanel\\domains\\asap-new-site-dev\\back\\vendor\\laravel\\framework\\src\\Illuminate\\View\\Engines\\EngineResolver.php(55): call_user_func()
#10 D:\\OSPanel\\domains\\asap-new-site-dev\\back\\vendor\\laravel\\framework\\src\\Illuminate\\View\\Factory.php(310): Illuminate\\View\\Engines\\EngineResolver->resolve()
#11 D:\\OSPanel\\domains\\asap-new-site-dev\\back\\vendor\\laravel\\framework\\src\\Illuminate\\View\\Factory.php(274): Illuminate\\View\\Factory->getEngineFromPath()
#12 D:\\OSPanel\\domains\\asap-new-site-dev\\back\\vendor\\laravel\\framework\\src\\Illuminate\\View\\Factory.php(146): Illuminate\\View\\Factory->viewInstance()
#13 D:\\OSPanel\\domains\\asap-new-site-dev\\back\\vendor\\laravel\\framework\\src\\Illuminate\\Routing\\ResponseFactory.php(87): Illuminate\\View\\Factory->make()
#14 D:\\OSPanel\\domains\\asap-new-site-dev\\back\\vendor\\laravel\\framework\\src\\Illuminate\\Foundation\\Exceptions\\Handler.php(645): Illuminate\\Routing\\ResponseFactory->view()
#15 D:\\OSPanel\\domains\\asap-new-site-dev\\back\\vendor\\laravel\\framework\\src\\Illuminate\\Foundation\\Exceptions\\Handler.php(573): Illuminate\\Foundation\\Exceptions\\Handler->renderHttpException()
#16 D:\\OSPanel\\domains\\asap-new-site-dev\\back\\vendor\\laravel\\framework\\src\\Illuminate\\Foundation\\Exceptions\\Handler.php(479): Illuminate\\Foundation\\Exceptions\\Handler->prepareResponse()
#17 D:\\OSPanel\\domains\\asap-new-site-dev\\back\\vendor\\laravel\\framework\\src\\Illuminate\\Foundation\\Exceptions\\Handler.php(396): Illuminate\\Foundation\\Exceptions\\Handler->renderExceptionResponse()
#18 D:\\OSPanel\\domains\\asap-new-site-dev\\back\\vendor\\laravel\\framework\\src\\Illuminate\\Foundation\\Http\\Kernel.php(503): Illuminate\\Foundation\\Exceptions\\Handler->render()
#19 D:\\OSPanel\\domains\\asap-new-site-dev\\back\\vendor\\laravel\\framework\\src\\Illuminate\\Foundation\\Http\\Kernel.php(148): Illuminate\\Foundation\\Http\\Kernel->renderException()
#20 D:\\OSPanel\\domains\\asap-new-site-dev\\back\\public\\index.php(51): Illuminate\\Foundation\\Http\\Kernel->handle()
#21 D:\\OSPanel\\domains\\asap-new-site-dev\\back\\vendor\\laravel\\framework\\src\\Illuminate\\Foundation\\resources\\server.php(16): require_once('D:\\\\OSPanel\\\\doma...')
#22 {main}
"} 
[2024-11-16 11:32:39] production.ERROR: Uncaught InvalidArgumentException: Please provide a valid cache path. in D:\OSPanel\domains\asap-new-site-dev\back\vendor\laravel\framework\src\Illuminate\View\Compilers\Compiler.php:66
Stack trace:
#0 D:\OSPanel\domains\asap-new-site-dev\back\vendor\laravel\framework\src\Illuminate\View\ViewServiceProvider.php(96): Illuminate\View\Compilers\Compiler->__construct()
#1 D:\OSPanel\domains\asap-new-site-dev\back\vendor\laravel\framework\src\Illuminate\Container\Container.php(910): Illuminate\View\ViewServiceProvider->Illuminate\View\{closure}()
#2 D:\OSPanel\domains\asap-new-site-dev\back\vendor\laravel\framework\src\Illuminate\Container\Container.php(795): Illuminate\Container\Container->build()
#3 D:\OSPanel\domains\asap-new-site-dev\back\vendor\laravel\framework\src\Illuminate\Foundation\Application.php(933): Illuminate\Container\Container->resolve()
#4 D:\OSPanel\domains\asap-new-site-dev\back\vendor\laravel\framework\src\Illuminate\Container\Container.php(731): Illuminate\Foundation\Application->resolve()
#5 D:\OSPanel\domains\asap-new-site-dev\back\vendor\laravel\framework\src\Illuminate\Foundation\Application.php(918): Illuminate\Container\Container->make()
#6 D:\OSPanel\domains\asap-new-site-dev\back\vendor\laravel\framework\src\Illuminate\Container\Container.php(1456): Illuminate\Foundation\Application->make()
#7 D:\OSPanel\domains\asap-new-site-dev\back\vendor\laravel\framework\src\Illuminate\View\ViewServiceProvider.php(164): Illuminate\Container\Container->offsetGet()
#8 [internal function]: Illuminate\View\ViewServiceProvider->Illuminate\View\{closure}()
#9 D:\OSPanel\domains\asap-new-site-dev\back\vendor\laravel\framework\src\Illuminate\View\Engines\EngineResolver.php(55): call_user_func()
#10 D:\OSPanel\domains\asap-new-site-dev\back\vendor\laravel\framework\src\Illuminate\View\Factory.php(310): Illuminate\View\Engines\EngineResolver->resolve()
#11 D:\OSPanel\domains\asap-new-site-dev\back\vendor\laravel\framework\src\Illuminate\View\Factory.php(274): Illuminate\View\Factory->getEngineFromPath()
#12 D:\OSPanel\domains\asap-new-site-dev\back\vendor\laravel\framework\src\Illuminate\View\Factory.php(146): Illuminate\View\Factory->viewInstance()
#13 D:\OSPanel\domains\asap-new-site-dev\back\vendor\laravel\framework\src\Illuminate\Routing\ResponseFactory.php(87): Illuminate\View\Factory->make()
#14 D:\OSPanel\domains\asap-new-site-dev\back\vendor\laravel\framework\src\Illuminate\Foundation\Exceptions\Handler.php(645): Illuminate\Routing\ResponseFactory->view()
#15 D:\OSPanel\domains\asap-new-site-dev\back\vendor\laravel\framework\src\Illuminate\Foundation\Exceptions\Handler.php(573): Illuminate\Foundation\Exceptions\Handler->renderHttpException()
#16 D:\OSPanel\domains\asap-new-site-dev\back\vendor\laravel\framework\src\Illuminate\Foundation\Exceptions\Handler.php(479): Illuminate\Foundation\Exceptions\Handler->prepareResponse()
#17 D:\OSPanel\domains\asap-new-site-dev\back\vendor\laravel\framework\src\Illuminate\Foundation\Exceptions\Handler.php(396): Illuminate\Foundation\Exceptions\Handler->renderExceptionResponse()
#18 D:\OSPanel\domains\asap-new-site-dev\back\vendor\laravel\framework\src\Illuminate\Foundation\Bootstrap\HandleExceptions.php(217): Illuminate\Foundation\Exceptions\Handler->render()
#19 D:\OSPanel\domains\asap-new-site-dev\back\vendor\laravel\framework\src\Illuminate\Foundation\Bootstrap\HandleExceptions.php(194): Illuminate\Foundation\Bootstrap\HandleExceptions->renderHttpResponse()
#20 D:\OSPanel\domains\asap-new-site-dev\back\vendor\laravel\framework\src\Illuminate\Foundation\Bootstrap\HandleExceptions.php(254): Illuminate\Foundation\Bootstrap\HandleExceptions->handleException()
#21 [internal function]: Illuminate\Foundation\Bootstrap\HandleExceptions->Illuminate\Foundation\Bootstrap\{closure}()
#22 {main}
  thrown {"exception":"[object] (Symfony\\Component\\ErrorHandler\\Error\\FatalError(code: 0): Uncaught InvalidArgumentException: Please provide a valid cache path. in D:\\OSPanel\\domains\\asap-new-site-dev\\back\\vendor\\laravel\\framework\\src\\Illuminate\\View\\Compilers\\Compiler.php:66
Stack trace:
#0 D:\\OSPanel\\domains\\asap-new-site-dev\\back\\vendor\\laravel\\framework\\src\\Illuminate\\View\\ViewServiceProvider.php(96): Illuminate\\View\\Compilers\\Compiler->__construct()
#1 D:\\OSPanel\\domains\\asap-new-site-dev\\back\\vendor\\laravel\\framework\\src\\Illuminate\\Container\\Container.php(910): Illuminate\\View\\ViewServiceProvider->Illuminate\\View\\{closure}()
#2 D:\\OSPanel\\domains\\asap-new-site-dev\\back\\vendor\\laravel\\framework\\src\\Illuminate\\Container\\Container.php(795): Illuminate\\Container\\Container->build()
#3 D:\\OSPanel\\domains\\asap-new-site-dev\\back\\vendor\\laravel\\framework\\src\\Illuminate\\Foundation\\Application.php(933): Illuminate\\Container\\Container->resolve()
#4 D:\\OSPanel\\domains\\asap-new-site-dev\\back\\vendor\\laravel\\framework\\src\\Illuminate\\Container\\Container.php(731): Illuminate\\Foundation\\Application->resolve()
#5 D:\\OSPanel\\domains\\asap-new-site-dev\\back\\vendor\\laravel\\framework\\src\\Illuminate\\Foundation\\Application.php(918): Illuminate\\Container\\Container->make()
#6 D:\\OSPanel\\domains\\asap-new-site-dev\\back\\vendor\\laravel\\framework\\src\\Illuminate\\Container\\Container.php(1456): Illuminate\\Foundation\\Application->make()
#7 D:\\OSPanel\\domains\\asap-new-site-dev\\back\\vendor\\laravel\\framework\\src\\Illuminate\\View\\ViewServiceProvider.php(164): Illuminate\\Container\\Container->offsetGet()
#8 [internal function]: Illuminate\\View\\ViewServiceProvider->Illuminate\\View\\{closure}()
#9 D:\\OSPanel\\domains\\asap-new-site-dev\\back\\vendor\\laravel\\framework\\src\\Illuminate\\View\\Engines\\EngineResolver.php(55): call_user_func()
#10 D:\\OSPanel\\domains\\asap-new-site-dev\\back\\vendor\\laravel\\framework\\src\\Illuminate\\View\\Factory.php(310): Illuminate\\View\\Engines\\EngineResolver->resolve()
#11 D:\\OSPanel\\domains\\asap-new-site-dev\\back\\vendor\\laravel\\framework\\src\\Illuminate\\View\\Factory.php(274): Illuminate\\View\\Factory->getEngineFromPath()
#12 D:\\OSPanel\\domains\\asap-new-site-dev\\back\\vendor\\laravel\\framework\\src\\Illuminate\\View\\Factory.php(146): Illuminate\\View\\Factory->viewInstance()
#13 D:\\OSPanel\\domains\\asap-new-site-dev\\back\\vendor\\laravel\\framework\\src\\Illuminate\\Routing\\ResponseFactory.php(87): Illuminate\\View\\Factory->make()
#14 D:\\OSPanel\\domains\\asap-new-site-dev\\back\\vendor\\laravel\\framework\\src\\Illuminate\\Foundation\\Exceptions\\Handler.php(645): Illuminate\\Routing\\ResponseFactory->view()
#15 D:\\OSPanel\\domains\\asap-new-site-dev\\back\\vendor\\laravel\\framework\\src\\Illuminate\\Foundation\\Exceptions\\Handler.php(573): Illuminate\\Foundation\\Exceptions\\Handler->renderHttpException()
#16 D:\\OSPanel\\domains\\asap-new-site-dev\\back\\vendor\\laravel\\framework\\src\\Illuminate\\Foundation\\Exceptions\\Handler.php(479): Illuminate\\Foundation\\Exceptions\\Handler->prepareResponse()
#17 D:\\OSPanel\\domains\\asap-new-site-dev\\back\\vendor\\laravel\\framework\\src\\Illuminate\\Foundation\\Exceptions\\Handler.php(396): Illuminate\\Foundation\\Exceptions\\Handler->renderExceptionResponse()
#18 D:\\OSPanel\\domains\\asap-new-site-dev\\back\\vendor\\laravel\\framework\\src\\Illuminate\\Foundation\\Bootstrap\\HandleExceptions.php(217): Illuminate\\Foundation\\Exceptions\\Handler->render()
#19 D:\\OSPanel\\domains\\asap-new-site-dev\\back\\vendor\\laravel\\framework\\src\\Illuminate\\Foundation\\Bootstrap\\HandleExceptions.php(194): Illuminate\\Foundation\\Bootstrap\\HandleExceptions->renderHttpResponse()
#20 D:\\OSPanel\\domains\\asap-new-site-dev\\back\\vendor\\laravel\\framework\\src\\Illuminate\\Foundation\\Bootstrap\\HandleExceptions.php(254): Illuminate\\Foundation\\Bootstrap\\HandleExceptions->handleException()
#21 [internal function]: Illuminate\\Foundation\\Bootstrap\\HandleExceptions->Illuminate\\Foundation\\Bootstrap\\{closure}()
#22 {main}
  thrown at D:\\OSPanel\\domains\\asap-new-site-dev\\back\\vendor\\laravel\\framework\\src\\Illuminate\\View\\Compilers\\Compiler.php:66)
[stacktrace]
#0 {main}
"} 
[2024-11-16 11:33:39] production.ERROR: No application encryption key has been specified. {"exception":"[object] (Illuminate\\Encryption\\MissingAppKeyException(code: 0): No application encryption key has been specified. at D:\\OSPanel\\domains\\asap-new-site-dev\\back\\vendor\\laravel\\framework\\src\\Illuminate\\Encryption\\EncryptionServiceProvider.php:79)
[stacktrace]
#0 D:\\OSPanel\\domains\\asap-new-site-dev\\back\\vendor\\laravel\\framework\\src\\Illuminate\\Support\\helpers.php(307): Illuminate\\Encryption\\EncryptionServiceProvider->Illuminate\\Encryption\\{closure}()
#1 D:\\OSPanel\\domains\\asap-new-site-dev\\back\\vendor\\laravel\\framework\\src\\Illuminate\\Encryption\\EncryptionServiceProvider.php(77): tap()
#2 D:\\OSPanel\\domains\\asap-new-site-dev\\back\\vendor\\laravel\\framework\\src\\Illuminate\\Encryption\\EncryptionServiceProvider.php(60): Illuminate\\Encryption\\EncryptionServiceProvider->key()
#3 D:\\OSPanel\\domains\\asap-new-site-dev\\back\\vendor\\laravel\\framework\\src\\Illuminate\\Encryption\\EncryptionServiceProvider.php(32): Illuminate\\Encryption\\EncryptionServiceProvider->parseKey()
#4 D:\\OSPanel\\domains\\asap-new-site-dev\\back\\vendor\\laravel\\framework\\src\\Illuminate\\Container\\Container.php(910): Illuminate\\Encryption\\EncryptionServiceProvider->Illuminate\\Encryption\\{closure}()
#5 D:\\OSPanel\\domains\\asap-new-site-dev\\back\\vendor\\laravel\\framework\\src\\Illuminate\\Container\\Container.php(795): Illuminate\\Container\\Container->build()
#6 D:\\OSPanel\\domains\\asap-new-site-dev\\back\\vendor\\laravel\\framework\\src\\Illuminate\\Foundation\\Application.php(933): Illuminate\\Container\\Container->resolve()
#7 D:\\OSPanel\\domains\\asap-new-site-dev\\back\\vendor\\laravel\\framework\\src\\Illuminate\\Container\\Container.php(731): Illuminate\\Foundation\\Application->resolve()
#8 D:\\OSPanel\\domains\\asap-new-site-dev\\back\\vendor\\laravel\\framework\\src\\Illuminate\\Foundation\\Application.php(918): Illuminate\\Container\\Container->make()
#9 D:\\OSPanel\\domains\\asap-new-site-dev\\back\\vendor\\laravel\\framework\\src\\Illuminate\\Container\\Container.php(1068): Illuminate\\Foundation\\Application->make()
#10 D:\\OSPanel\\domains\\asap-new-site-dev\\back\\vendor\\laravel\\framework\\src\\Illuminate\\Container\\Container.php(984): Illuminate\\Container\\Container->resolveClass()
#11 D:\\OSPanel\\domains\\asap-new-site-dev\\back\\vendor\\laravel\\framework\\src\\Illuminate\\Container\\Container.php(945): Illuminate\\Container\\Container->resolveDependencies()
#12 D:\\OSPanel\\domains\\asap-new-site-dev\\back\\vendor\\laravel\\framework\\src\\Illuminate\\Container\\Container.php(795): Illuminate\\Container\\Container->build()
#13 D:\\OSPanel\\domains\\asap-new-site-dev\\back\\vendor\\laravel\\framework\\src\\Illuminate\\Foundation\\Application.php(933): Illuminate\\Container\\Container->resolve()
#14 D:\\OSPanel\\domains\\asap-new-site-dev\\back\\vendor\\laravel\\framework\\src\\Illuminate\\Container\\Container.php(731): Illuminate\\Foundation\\Application->resolve()
#15 D:\\OSPanel\\domains\\asap-new-site-dev\\back\\vendor\\laravel\\framework\\src\\Illuminate\\Foundation\\Application.php(918): Illuminate\\Container\\Container->make()
#16 D:\\OSPanel\\domains\\asap-new-site-dev\\back\\vendor\\laravel\\framework\\src\\Illuminate\\Pipeline\\Pipeline.php(169): Illuminate\\Foundation\\Application->make()
#17 D:\\OSPanel\\domains\\asap-new-site-dev\\back\\vendor\\laravel\\framework\\src\\Illuminate\\Pipeline\\Pipeline.php(116): Illuminate\\Pipeline\\Pipeline->Illuminate\\Pipeline\\{closure}()
#18 D:\\OSPanel\\domains\\asap-new-site-dev\\back\\vendor\\laravel\\framework\\src\\Illuminate\\Routing\\Router.php(798): Illuminate\\Pipeline\\Pipeline->then()
#19 D:\\OSPanel\\domains\\asap-new-site-dev\\back\\vendor\\laravel\\framework\\src\\Illuminate\\Routing\\Router.php(777): Illuminate\\Routing\\Router->runRouteWithinStack()
#20 D:\\OSPanel\\domains\\asap-new-site-dev\\back\\vendor\\laravel\\framework\\src\\Illuminate\\Routing\\Router.php(741): Illuminate\\Routing\\Router->runRoute()
#21 D:\\OSPanel\\domains\\asap-new-site-dev\\back\\vendor\\laravel\\framework\\src\\Illuminate\\Routing\\Router.php(730): Illuminate\\Routing\\Router->dispatchToRoute()
#22 D:\\OSPanel\\domains\\asap-new-site-dev\\back\\vendor\\laravel\\framework\\src\\Illuminate\\Foundation\\Http\\Kernel.php(200): Illuminate\\Routing\\Router->dispatch()
#23 D:\\OSPanel\\domains\\asap-new-site-dev\\back\\vendor\\laravel\\framework\\src\\Illuminate\\Pipeline\\Pipeline.php(141): Illuminate\\Foundation\\Http\\Kernel->Illuminate\\Foundation\\Http\\{closure}()
#24 D:\\OSPanel\\domains\\asap-new-site-dev\\back\\vendor\\laravel\\framework\\src\\Illuminate\\Foundation\\Http\\Middleware\\TransformsRequest.php(21): Illuminate\\Pipeline\\Pipeline->Illuminate\\Pipeline\\{closure}()
#25 D:\\OSPanel\\domains\\asap-new-site-dev\\back\\vendor\\laravel\\framework\\src\\Illuminate\\Foundation\\Http\\Middleware\\ConvertEmptyStringsToNull.php(31): Illuminate\\Foundation\\Http\\Middleware\\TransformsRequest->handle()
#26 D:\\OSPanel\\domains\\asap-new-site-dev\\back\\vendor\\laravel\\framework\\src\\Illuminate\\Pipeline\\Pipeline.php(180): Illuminate\\Foundation\\Http\\Middleware\\ConvertEmptyStringsToNull->handle()
#27 D:\\OSPanel\\domains\\asap-new-site-dev\\back\\vendor\\laravel\\framework\\src\\Illuminate\\Foundation\\Http\\Middleware\\TransformsRequest.php(21): Illuminate\\Pipeline\\Pipeline->Illuminate\\Pipeline\\{closure}()
#28 D:\\OSPanel\\domains\\asap-new-site-dev\\back\\vendor\\laravel\\framework\\src\\Illuminate\\Foundation\\Http\\Middleware\\TrimStrings.php(40): Illuminate\\Foundation\\Http\\Middleware\\TransformsRequest->handle()
#29 D:\\OSPanel\\domains\\asap-new-site-dev\\back\\vendor\\laravel\\framework\\src\\Illuminate\\Pipeline\\Pipeline.php(180): Illuminate\\Foundation\\Http\\Middleware\\TrimStrings->handle()
#30 D:\\OSPanel\\domains\\asap-new-site-dev\\back\\vendor\\laravel\\framework\\src\\Illuminate\\Foundation\\Http\\Middleware\\ValidatePostSize.php(27): Illuminate\\Pipeline\\Pipeline->Illuminate\\Pipeline\\{closure}()
#31 D:\\OSPanel\\domains\\asap-new-site-dev\\back\\vendor\\laravel\\framework\\src\\Illuminate\\Pipeline\\Pipeline.php(180): Illuminate\\Foundation\\Http\\Middleware\\ValidatePostSize->handle()
#32 D:\\OSPanel\\domains\\asap-new-site-dev\\back\\vendor\\laravel\\framework\\src\\Illuminate\\Foundation\\Http\\Middleware\\PreventRequestsDuringMaintenance.php(86): Illuminate\\Pipeline\\Pipeline->Illuminate\\Pipeline\\{closure}()
#33 D:\\OSPanel\\domains\\asap-new-site-dev\\back\\vendor\\laravel\\framework\\src\\Illuminate\\Pipeline\\Pipeline.php(180): Illuminate\\Foundation\\Http\\Middleware\\PreventRequestsDuringMaintenance->handle()
#34 D:\\OSPanel\\domains\\asap-new-site-dev\\back\\vendor\\laravel\\framework\\src\\Illuminate\\Http\\Middleware\\HandleCors.php(49): Illuminate\\Pipeline\\Pipeline->Illuminate\\Pipeline\\{closure}()
#35 D:\\OSPanel\\domains\\asap-new-site-dev\\back\\vendor\\laravel\\framework\\src\\Illuminate\\Pipeline\\Pipeline.php(180): Illuminate\\Http\\Middleware\\HandleCors->handle()
#36 D:\\OSPanel\\domains\\asap-new-site-dev\\back\\vendor\\laravel\\framework\\src\\Illuminate\\Http\\Middleware\\TrustProxies.php(39): Illuminate\\Pipeline\\Pipeline->Illuminate\\Pipeline\\{closure}()
#37 D:\\OSPanel\\domains\\asap-new-site-dev\\back\\vendor\\laravel\\framework\\src\\Illuminate\\Pipeline\\Pipeline.php(180): Illuminate\\Http\\Middleware\\TrustProxies->handle()
#38 D:\\OSPanel\\domains\\asap-new-site-dev\\back\\vendor\\laravel\\framework\\src\\Illuminate\\Pipeline\\Pipeline.php(116): Illuminate\\Pipeline\\Pipeline->Illuminate\\Pipeline\\{closure}()
#39 D:\\OSPanel\\domains\\asap-new-site-dev\\back\\vendor\\laravel\\framework\\src\\Illuminate\\Foundation\\Http\\Kernel.php(175): Illuminate\\Pipeline\\Pipeline->then()
#40 D:\\OSPanel\\domains\\asap-new-site-dev\\back\\vendor\\laravel\\framework\\src\\Illuminate\\Foundation\\Http\\Kernel.php(144): Illuminate\\Foundation\\Http\\Kernel->sendRequestThroughRouter()
#41 D:\\OSPanel\\domains\\asap-new-site-dev\\back\\public\\index.php(51): Illuminate\\Foundation\\Http\\Kernel->handle()
#42 D:\\OSPanel\\domains\\asap-new-site-dev\\back\\vendor\\laravel\\framework\\src\\Illuminate\\Foundation\\resources\\server.php(16): require_once('D:\\\\OSPanel\\\\doma...')
#43 {main}
"} 
[2024-11-16 11:33:39] production.ERROR: Please provide a valid cache path. {"exception":"[object] (InvalidArgumentException(code: 0): Please provide a valid cache path. at D:\\OSPanel\\domains\\asap-new-site-dev\\back\\vendor\\laravel\\framework\\src\\Illuminate\\View\\Compilers\\Compiler.php:66)
[stacktrace]
#0 D:\\OSPanel\\domains\\asap-new-site-dev\\back\\vendor\\laravel\\framework\\src\\Illuminate\\View\\ViewServiceProvider.php(96): Illuminate\\View\\Compilers\\Compiler->__construct()
#1 D:\\OSPanel\\domains\\asap-new-site-dev\\back\\vendor\\laravel\\framework\\src\\Illuminate\\Container\\Container.php(910): Illuminate\\View\\ViewServiceProvider->Illuminate\\View\\{closure}()
#2 D:\\OSPanel\\domains\\asap-new-site-dev\\back\\vendor\\laravel\\framework\\src\\Illuminate\\Container\\Container.php(795): Illuminate\\Container\\Container->build()
#3 D:\\OSPanel\\domains\\asap-new-site-dev\\back\\vendor\\laravel\\framework\\src\\Illuminate\\Foundation\\Application.php(933): Illuminate\\Container\\Container->resolve()
#4 D:\\OSPanel\\domains\\asap-new-site-dev\\back\\vendor\\laravel\\framework\\src\\Illuminate\\Container\\Container.php(731): Illuminate\\Foundation\\Application->resolve()
#5 D:\\OSPanel\\domains\\asap-new-site-dev\\back\\vendor\\laravel\\framework\\src\\Illuminate\\Foundation\\Application.php(918): Illuminate\\Container\\Container->make()
#6 D:\\OSPanel\\domains\\asap-new-site-dev\\back\\vendor\\laravel\\framework\\src\\Illuminate\\Container\\Container.php(1456): Illuminate\\Foundation\\Application->make()
#7 D:\\OSPanel\\domains\\asap-new-site-dev\\back\\vendor\\laravel\\framework\\src\\Illuminate\\View\\ViewServiceProvider.php(164): Illuminate\\Container\\Container->offsetGet()
#8 [internal function]: Illuminate\\View\\ViewServiceProvider->Illuminate\\View\\{closure}()
#9 D:\\OSPanel\\domains\\asap-new-site-dev\\back\\vendor\\laravel\\framework\\src\\Illuminate\\View\\Engines\\EngineResolver.php(55): call_user_func()
#10 D:\\OSPanel\\domains\\asap-new-site-dev\\back\\vendor\\laravel\\framework\\src\\Illuminate\\View\\Factory.php(310): Illuminate\\View\\Engines\\EngineResolver->resolve()
#11 D:\\OSPanel\\domains\\asap-new-site-dev\\back\\vendor\\laravel\\framework\\src\\Illuminate\\View\\Factory.php(274): Illuminate\\View\\Factory->getEngineFromPath()
#12 D:\\OSPanel\\domains\\asap-new-site-dev\\back\\vendor\\laravel\\framework\\src\\Illuminate\\View\\Factory.php(146): Illuminate\\View\\Factory->viewInstance()
#13 D:\\OSPanel\\domains\\asap-new-site-dev\\back\\vendor\\laravel\\framework\\src\\Illuminate\\Routing\\ResponseFactory.php(87): Illuminate\\View\\Factory->make()
#14 D:\\OSPanel\\domains\\asap-new-site-dev\\back\\vendor\\laravel\\framework\\src\\Illuminate\\Foundation\\Exceptions\\Handler.php(645): Illuminate\\Routing\\ResponseFactory->view()
#15 D:\\OSPanel\\domains\\asap-new-site-dev\\back\\vendor\\laravel\\framework\\src\\Illuminate\\Foundation\\Exceptions\\Handler.php(573): Illuminate\\Foundation\\Exceptions\\Handler->renderHttpException()
#16 D:\\OSPanel\\domains\\asap-new-site-dev\\back\\vendor\\laravel\\framework\\src\\Illuminate\\Foundation\\Exceptions\\Handler.php(479): Illuminate\\Foundation\\Exceptions\\Handler->prepareResponse()
#17 D:\\OSPanel\\domains\\asap-new-site-dev\\back\\vendor\\laravel\\framework\\src\\Illuminate\\Foundation\\Exceptions\\Handler.php(396): Illuminate\\Foundation\\Exceptions\\Handler->renderExceptionResponse()
#18 D:\\OSPanel\\domains\\asap-new-site-dev\\back\\vendor\\laravel\\framework\\src\\Illuminate\\Routing\\Pipeline.php(51): Illuminate\\Foundation\\Exceptions\\Handler->render()
#19 D:\\OSPanel\\domains\\asap-new-site-dev\\back\\vendor\\laravel\\framework\\src\\Illuminate\\Pipeline\\Pipeline.php(185): Illuminate\\Routing\\Pipeline->handleException()
#20 D:\\OSPanel\\domains\\asap-new-site-dev\\back\\vendor\\laravel\\framework\\src\\Illuminate\\Pipeline\\Pipeline.php(116): Illuminate\\Pipeline\\Pipeline->Illuminate\\Pipeline\\{closure}()
#21 D:\\OSPanel\\domains\\asap-new-site-dev\\back\\vendor\\laravel\\framework\\src\\Illuminate\\Routing\\Router.php(798): Illuminate\\Pipeline\\Pipeline->then()
#22 D:\\OSPanel\\domains\\asap-new-site-dev\\back\\vendor\\laravel\\framework\\src\\Illuminate\\Routing\\Router.php(777): Illuminate\\Routing\\Router->runRouteWithinStack()
#23 D:\\OSPanel\\domains\\asap-new-site-dev\\back\\vendor\\laravel\\framework\\src\\Illuminate\\Routing\\Router.php(741): Illuminate\\Routing\\Router->runRoute()
#24 D:\\OSPanel\\domains\\asap-new-site-dev\\back\\vendor\\laravel\\framework\\src\\Illuminate\\Routing\\Router.php(730): Illuminate\\Routing\\Router->dispatchToRoute()
#25 D:\\OSPanel\\domains\\asap-new-site-dev\\back\\vendor\\laravel\\framework\\src\\Illuminate\\Foundation\\Http\\Kernel.php(200): Illuminate\\Routing\\Router->dispatch()
#26 D:\\OSPanel\\domains\\asap-new-site-dev\\back\\vendor\\laravel\\framework\\src\\Illuminate\\Pipeline\\Pipeline.php(141): Illuminate\\Foundation\\Http\\Kernel->Illuminate\\Foundation\\Http\\{closure}()
#27 D:\\OSPanel\\domains\\asap-new-site-dev\\back\\vendor\\laravel\\framework\\src\\Illuminate\\Foundation\\Http\\Middleware\\TransformsRequest.php(21): Illuminate\\Pipeline\\Pipeline->Illuminate\\Pipeline\\{closure}()
#28 D:\\OSPanel\\domains\\asap-new-site-dev\\back\\vendor\\laravel\\framework\\src\\Illuminate\\Foundation\\Http\\Middleware\\ConvertEmptyStringsToNull.php(31): Illuminate\\Foundation\\Http\\Middleware\\TransformsRequest->handle()
#29 D:\\OSPanel\\domains\\asap-new-site-dev\\back\\vendor\\laravel\\framework\\src\\Illuminate\\Pipeline\\Pipeline.php(180): Illuminate\\Foundation\\Http\\Middleware\\ConvertEmptyStringsToNull->handle()
#30 D:\\OSPanel\\domains\\asap-new-site-dev\\back\\vendor\\laravel\\framework\\src\\Illuminate\\Foundation\\Http\\Middleware\\TransformsRequest.php(21): Illuminate\\Pipeline\\Pipeline->Illuminate\\Pipeline\\{closure}()
#31 D:\\OSPanel\\domains\\asap-new-site-dev\\back\\vendor\\laravel\\framework\\src\\Illuminate\\Foundation\\Http\\Middleware\\TrimStrings.php(40): Illuminate\\Foundation\\Http\\Middleware\\TransformsRequest->handle()
#32 D:\\OSPanel\\domains\\asap-new-site-dev\\back\\vendor\\laravel\\framework\\src\\Illuminate\\Pipeline\\Pipeline.php(180): Illuminate\\Foundation\\Http\\Middleware\\TrimStrings->handle()
#33 D:\\OSPanel\\domains\\asap-new-site-dev\\back\\vendor\\laravel\\framework\\src\\Illuminate\\Foundation\\Http\\Middleware\\ValidatePostSize.php(27): Illuminate\\Pipeline\\Pipeline->Illuminate\\Pipeline\\{closure}()
#34 D:\\OSPanel\\domains\\asap-new-site-dev\\back\\vendor\\laravel\\framework\\src\\Illuminate\\Pipeline\\Pipeline.php(180): Illuminate\\Foundation\\Http\\Middleware\\ValidatePostSize->handle()
#35 D:\\OSPanel\\domains\\asap-new-site-dev\\back\\vendor\\laravel\\framework\\src\\Illuminate\\Foundation\\Http\\Middleware\\PreventRequestsDuringMaintenance.php(86): Illuminate\\Pipeline\\Pipeline->Illuminate\\Pipeline\\{closure}()
#36 D:\\OSPanel\\domains\\asap-new-site-dev\\back\\vendor\\laravel\\framework\\src\\Illuminate\\Pipeline\\Pipeline.php(180): Illuminate\\Foundation\\Http\\Middleware\\PreventRequestsDuringMaintenance->handle()
#37 D:\\OSPanel\\domains\\asap-new-site-dev\\back\\vendor\\laravel\\framework\\src\\Illuminate\\Http\\Middleware\\HandleCors.php(49): Illuminate\\Pipeline\\Pipeline->Illuminate\\Pipeline\\{closure}()
#38 D:\\OSPanel\\domains\\asap-new-site-dev\\back\\vendor\\laravel\\framework\\src\\Illuminate\\Pipeline\\Pipeline.php(180): Illuminate\\Http\\Middleware\\HandleCors->handle()
#39 D:\\OSPanel\\domains\\asap-new-site-dev\\back\\vendor\\laravel\\framework\\src\\Illuminate\\Http\\Middleware\\TrustProxies.php(39): Illuminate\\Pipeline\\Pipeline->Illuminate\\Pipeline\\{closure}()
#40 D:\\OSPanel\\domains\\asap-new-site-dev\\back\\vendor\\laravel\\framework\\src\\Illuminate\\Pipeline\\Pipeline.php(180): Illuminate\\Http\\Middleware\\TrustProxies->handle()
#41 D:\\OSPanel\\domains\\asap-new-site-dev\\back\\vendor\\laravel\\framework\\src\\Illuminate\\Pipeline\\Pipeline.php(116): Illuminate\\Pipeline\\Pipeline->Illuminate\\Pipeline\\{closure}()
#42 D:\\OSPanel\\domains\\asap-new-site-dev\\back\\vendor\\laravel\\framework\\src\\Illuminate\\Foundation\\Http\\Kernel.php(175): Illuminate\\Pipeline\\Pipeline->then()
#43 D:\\OSPanel\\domains\\asap-new-site-dev\\back\\vendor\\laravel\\framework\\src\\Illuminate\\Foundation\\Http\\Kernel.php(144): Illuminate\\Foundation\\Http\\Kernel->sendRequestThroughRouter()
#44 D:\\OSPanel\\domains\\asap-new-site-dev\\back\\public\\index.php(51): Illuminate\\Foundation\\Http\\Kernel->handle()
#45 D:\\OSPanel\\domains\\asap-new-site-dev\\back\\vendor\\laravel\\framework\\src\\Illuminate\\Foundation\\resources\\server.php(16): require_once('D:\\\\OSPanel\\\\doma...')
#46 {main}
"} 
[2024-11-16 11:33:39] production.ERROR: Please provide a valid cache path. {"exception":"[object] (InvalidArgumentException(code: 0): Please provide a valid cache path. at D:\\OSPanel\\domains\\asap-new-site-dev\\back\\vendor\\laravel\\framework\\src\\Illuminate\\View\\Compilers\\Compiler.php:66)
[stacktrace]
#0 D:\\OSPanel\\domains\\asap-new-site-dev\\back\\vendor\\laravel\\framework\\src\\Illuminate\\View\\ViewServiceProvider.php(96): Illuminate\\View\\Compilers\\Compiler->__construct()
#1 D:\\OSPanel\\domains\\asap-new-site-dev\\back\\vendor\\laravel\\framework\\src\\Illuminate\\Container\\Container.php(910): Illuminate\\View\\ViewServiceProvider->Illuminate\\View\\{closure}()
#2 D:\\OSPanel\\domains\\asap-new-site-dev\\back\\vendor\\laravel\\framework\\src\\Illuminate\\Container\\Container.php(795): Illuminate\\Container\\Container->build()
#3 D:\\OSPanel\\domains\\asap-new-site-dev\\back\\vendor\\laravel\\framework\\src\\Illuminate\\Foundation\\Application.php(933): Illuminate\\Container\\Container->resolve()
#4 D:\\OSPanel\\domains\\asap-new-site-dev\\back\\vendor\\laravel\\framework\\src\\Illuminate\\Container\\Container.php(731): Illuminate\\Foundation\\Application->resolve()
#5 D:\\OSPanel\\domains\\asap-new-site-dev\\back\\vendor\\laravel\\framework\\src\\Illuminate\\Foundation\\Application.php(918): Illuminate\\Container\\Container->make()
#6 D:\\OSPanel\\domains\\asap-new-site-dev\\back\\vendor\\laravel\\framework\\src\\Illuminate\\Container\\Container.php(1456): Illuminate\\Foundation\\Application->make()
#7 D:\\OSPanel\\domains\\asap-new-site-dev\\back\\vendor\\laravel\\framework\\src\\Illuminate\\View\\ViewServiceProvider.php(164): Illuminate\\Container\\Container->offsetGet()
#8 [internal function]: Illuminate\\View\\ViewServiceProvider->Illuminate\\View\\{closure}()
#9 D:\\OSPanel\\domains\\asap-new-site-dev\\back\\vendor\\laravel\\framework\\src\\Illuminate\\View\\Engines\\EngineResolver.php(55): call_user_func()
#10 D:\\OSPanel\\domains\\asap-new-site-dev\\back\\vendor\\laravel\\framework\\src\\Illuminate\\View\\Factory.php(310): Illuminate\\View\\Engines\\EngineResolver->resolve()
#11 D:\\OSPanel\\domains\\asap-new-site-dev\\back\\vendor\\laravel\\framework\\src\\Illuminate\\View\\Factory.php(274): Illuminate\\View\\Factory->getEngineFromPath()
#12 D:\\OSPanel\\domains\\asap-new-site-dev\\back\\vendor\\laravel\\framework\\src\\Illuminate\\View\\Factory.php(146): Illuminate\\View\\Factory->viewInstance()
#13 D:\\OSPanel\\domains\\asap-new-site-dev\\back\\vendor\\laravel\\framework\\src\\Illuminate\\Routing\\ResponseFactory.php(87): Illuminate\\View\\Factory->make()
#14 D:\\OSPanel\\domains\\asap-new-site-dev\\back\\vendor\\laravel\\framework\\src\\Illuminate\\Foundation\\Exceptions\\Handler.php(645): Illuminate\\Routing\\ResponseFactory->view()
#15 D:\\OSPanel\\domains\\asap-new-site-dev\\back\\vendor\\laravel\\framework\\src\\Illuminate\\Foundation\\Exceptions\\Handler.php(573): Illuminate\\Foundation\\Exceptions\\Handler->renderHttpException()
#16 D:\\OSPanel\\domains\\asap-new-site-dev\\back\\vendor\\laravel\\framework\\src\\Illuminate\\Foundation\\Exceptions\\Handler.php(479): Illuminate\\Foundation\\Exceptions\\Handler->prepareResponse()
#17 D:\\OSPanel\\domains\\asap-new-site-dev\\back\\vendor\\laravel\\framework\\src\\Illuminate\\Foundation\\Exceptions\\Handler.php(396): Illuminate\\Foundation\\Exceptions\\Handler->renderExceptionResponse()
#18 D:\\OSPanel\\domains\\asap-new-site-dev\\back\\vendor\\laravel\\framework\\src\\Illuminate\\Routing\\Pipeline.php(51): Illuminate\\Foundation\\Exceptions\\Handler->render()
#19 D:\\OSPanel\\domains\\asap-new-site-dev\\back\\vendor\\laravel\\framework\\src\\Illuminate\\Pipeline\\Pipeline.php(143): Illuminate\\Routing\\Pipeline->handleException()
#20 D:\\OSPanel\\domains\\asap-new-site-dev\\back\\vendor\\laravel\\framework\\src\\Illuminate\\Foundation\\Http\\Middleware\\TransformsRequest.php(21): Illuminate\\Pipeline\\Pipeline->Illuminate\\Pipeline\\{closure}()
#21 D:\\OSPanel\\domains\\asap-new-site-dev\\back\\vendor\\laravel\\framework\\src\\Illuminate\\Foundation\\Http\\Middleware\\ConvertEmptyStringsToNull.php(31): Illuminate\\Foundation\\Http\\Middleware\\TransformsRequest->handle()
#22 D:\\OSPanel\\domains\\asap-new-site-dev\\back\\vendor\\laravel\\framework\\src\\Illuminate\\Pipeline\\Pipeline.php(180): Illuminate\\Foundation\\Http\\Middleware\\ConvertEmptyStringsToNull->handle()
#23 D:\\OSPanel\\domains\\asap-new-site-dev\\back\\vendor\\laravel\\framework\\src\\Illuminate\\Foundation\\Http\\Middleware\\TransformsRequest.php(21): Illuminate\\Pipeline\\Pipeline->Illuminate\\Pipeline\\{closure}()
#24 D:\\OSPanel\\domains\\asap-new-site-dev\\back\\vendor\\laravel\\framework\\src\\Illuminate\\Foundation\\Http\\Middleware\\TrimStrings.php(40): Illuminate\\Foundation\\Http\\Middleware\\TransformsRequest->handle()
#25 D:\\OSPanel\\domains\\asap-new-site-dev\\back\\vendor\\laravel\\framework\\src\\Illuminate\\Pipeline\\Pipeline.php(180): Illuminate\\Foundation\\Http\\Middleware\\TrimStrings->handle()
#26 D:\\OSPanel\\domains\\asap-new-site-dev\\back\\vendor\\laravel\\framework\\src\\Illuminate\\Foundation\\Http\\Middleware\\ValidatePostSize.php(27): Illuminate\\Pipeline\\Pipeline->Illuminate\\Pipeline\\{closure}()
#27 D:\\OSPanel\\domains\\asap-new-site-dev\\back\\vendor\\laravel\\framework\\src\\Illuminate\\Pipeline\\Pipeline.php(180): Illuminate\\Foundation\\Http\\Middleware\\ValidatePostSize->handle()
#28 D:\\OSPanel\\domains\\asap-new-site-dev\\back\\vendor\\laravel\\framework\\src\\Illuminate\\Foundation\\Http\\Middleware\\PreventRequestsDuringMaintenance.php(86): Illuminate\\Pipeline\\Pipeline->Illuminate\\Pipeline\\{closure}()
#29 D:\\OSPanel\\domains\\asap-new-site-dev\\back\\vendor\\laravel\\framework\\src\\Illuminate\\Pipeline\\Pipeline.php(180): Illuminate\\Foundation\\Http\\Middleware\\PreventRequestsDuringMaintenance->handle()
#30 D:\\OSPanel\\domains\\asap-new-site-dev\\back\\vendor\\laravel\\framework\\src\\Illuminate\\Http\\Middleware\\HandleCors.php(49): Illuminate\\Pipeline\\Pipeline->Illuminate\\Pipeline\\{closure}()
#31 D:\\OSPanel\\domains\\asap-new-site-dev\\back\\vendor\\laravel\\framework\\src\\Illuminate\\Pipeline\\Pipeline.php(180): Illuminate\\Http\\Middleware\\HandleCors->handle()
#32 D:\\OSPanel\\domains\\asap-new-site-dev\\back\\vendor\\laravel\\framework\\src\\Illuminate\\Http\\Middleware\\TrustProxies.php(39): Illuminate\\Pipeline\\Pipeline->Illuminate\\Pipeline\\{closure}()
#33 D:\\OSPanel\\domains\\asap-new-site-dev\\back\\vendor\\laravel\\framework\\src\\Illuminate\\Pipeline\\Pipeline.php(180): Illuminate\\Http\\Middleware\\TrustProxies->handle()
#34 D:\\OSPanel\\domains\\asap-new-site-dev\\back\\vendor\\laravel\\framework\\src\\Illuminate\\Pipeline\\Pipeline.php(116): Illuminate\\Pipeline\\Pipeline->Illuminate\\Pipeline\\{closure}()
#35 D:\\OSPanel\\domains\\asap-new-site-dev\\back\\vendor\\laravel\\framework\\src\\Illuminate\\Foundation\\Http\\Kernel.php(175): Illuminate\\Pipeline\\Pipeline->then()
#36 D:\\OSPanel\\domains\\asap-new-site-dev\\back\\vendor\\laravel\\framework\\src\\Illuminate\\Foundation\\Http\\Kernel.php(144): Illuminate\\Foundation\\Http\\Kernel->sendRequestThroughRouter()
#37 D:\\OSPanel\\domains\\asap-new-site-dev\\back\\public\\index.php(51): Illuminate\\Foundation\\Http\\Kernel->handle()
#38 D:\\OSPanel\\domains\\asap-new-site-dev\\back\\vendor\\laravel\\framework\\src\\Illuminate\\Foundation\\resources\\server.php(16): require_once('D:\\\\OSPanel\\\\doma...')
#39 {main}
"} 
[2024-11-16 11:33:39] production.ERROR: Please provide a valid cache path. {"exception":"[object] (InvalidArgumentException(code: 0): Please provide a valid cache path. at D:\\OSPanel\\domains\\asap-new-site-dev\\back\\vendor\\laravel\\framework\\src\\Illuminate\\View\\Compilers\\Compiler.php:66)
[stacktrace]
#0 D:\\OSPanel\\domains\\asap-new-site-dev\\back\\vendor\\laravel\\framework\\src\\Illuminate\\View\\ViewServiceProvider.php(96): Illuminate\\View\\Compilers\\Compiler->__construct()
#1 D:\\OSPanel\\domains\\asap-new-site-dev\\back\\vendor\\laravel\\framework\\src\\Illuminate\\Container\\Container.php(910): Illuminate\\View\\ViewServiceProvider->Illuminate\\View\\{closure}()
#2 D:\\OSPanel\\domains\\asap-new-site-dev\\back\\vendor\\laravel\\framework\\src\\Illuminate\\Container\\Container.php(795): Illuminate\\Container\\Container->build()
#3 D:\\OSPanel\\domains\\asap-new-site-dev\\back\\vendor\\laravel\\framework\\src\\Illuminate\\Foundation\\Application.php(933): Illuminate\\Container\\Container->resolve()
#4 D:\\OSPanel\\domains\\asap-new-site-dev\\back\\vendor\\laravel\\framework\\src\\Illuminate\\Container\\Container.php(731): Illuminate\\Foundation\\Application->resolve()
#5 D:\\OSPanel\\domains\\asap-new-site-dev\\back\\vendor\\laravel\\framework\\src\\Illuminate\\Foundation\\Application.php(918): Illuminate\\Container\\Container->make()
#6 D:\\OSPanel\\domains\\asap-new-site-dev\\back\\vendor\\laravel\\framework\\src\\Illuminate\\Container\\Container.php(1456): Illuminate\\Foundation\\Application->make()
#7 D:\\OSPanel\\domains\\asap-new-site-dev\\back\\vendor\\laravel\\framework\\src\\Illuminate\\View\\ViewServiceProvider.php(164): Illuminate\\Container\\Container->offsetGet()
#8 [internal function]: Illuminate\\View\\ViewServiceProvider->Illuminate\\View\\{closure}()
#9 D:\\OSPanel\\domains\\asap-new-site-dev\\back\\vendor\\laravel\\framework\\src\\Illuminate\\View\\Engines\\EngineResolver.php(55): call_user_func()
#10 D:\\OSPanel\\domains\\asap-new-site-dev\\back\\vendor\\laravel\\framework\\src\\Illuminate\\View\\Factory.php(310): Illuminate\\View\\Engines\\EngineResolver->resolve()
#11 D:\\OSPanel\\domains\\asap-new-site-dev\\back\\vendor\\laravel\\framework\\src\\Illuminate\\View\\Factory.php(274): Illuminate\\View\\Factory->getEngineFromPath()
#12 D:\\OSPanel\\domains\\asap-new-site-dev\\back\\vendor\\laravel\\framework\\src\\Illuminate\\View\\Factory.php(146): Illuminate\\View\\Factory->viewInstance()
#13 D:\\OSPanel\\domains\\asap-new-site-dev\\back\\vendor\\laravel\\framework\\src\\Illuminate\\Routing\\ResponseFactory.php(87): Illuminate\\View\\Factory->make()
#14 D:\\OSPanel\\domains\\asap-new-site-dev\\back\\vendor\\laravel\\framework\\src\\Illuminate\\Foundation\\Exceptions\\Handler.php(645): Illuminate\\Routing\\ResponseFactory->view()
#15 D:\\OSPanel\\domains\\asap-new-site-dev\\back\\vendor\\laravel\\framework\\src\\Illuminate\\Foundation\\Exceptions\\Handler.php(573): Illuminate\\Foundation\\Exceptions\\Handler->renderHttpException()
#16 D:\\OSPanel\\domains\\asap-new-site-dev\\back\\vendor\\laravel\\framework\\src\\Illuminate\\Foundation\\Exceptions\\Handler.php(479): Illuminate\\Foundation\\Exceptions\\Handler->prepareResponse()
#17 D:\\OSPanel\\domains\\asap-new-site-dev\\back\\vendor\\laravel\\framework\\src\\Illuminate\\Foundation\\Exceptions\\Handler.php(396): Illuminate\\Foundation\\Exceptions\\Handler->renderExceptionResponse()
#18 D:\\OSPanel\\domains\\asap-new-site-dev\\back\\vendor\\laravel\\framework\\src\\Illuminate\\Routing\\Pipeline.php(51): Illuminate\\Foundation\\Exceptions\\Handler->render()
#19 D:\\OSPanel\\domains\\asap-new-site-dev\\back\\vendor\\laravel\\framework\\src\\Illuminate\\Pipeline\\Pipeline.php(185): Illuminate\\Routing\\Pipeline->handleException()
#20 D:\\OSPanel\\domains\\asap-new-site-dev\\back\\vendor\\laravel\\framework\\src\\Illuminate\\Foundation\\Http\\Middleware\\TransformsRequest.php(21): Illuminate\\Pipeline\\Pipeline->Illuminate\\Pipeline\\{closure}()
#21 D:\\OSPanel\\domains\\asap-new-site-dev\\back\\vendor\\laravel\\framework\\src\\Illuminate\\Foundation\\Http\\Middleware\\TrimStrings.php(40): Illuminate\\Foundation\\Http\\Middleware\\TransformsRequest->handle()
#22 D:\\OSPanel\\domains\\asap-new-site-dev\\back\\vendor\\laravel\\framework\\src\\Illuminate\\Pipeline\\Pipeline.php(180): Illuminate\\Foundation\\Http\\Middleware\\TrimStrings->handle()
#23 D:\\OSPanel\\domains\\asap-new-site-dev\\back\\vendor\\laravel\\framework\\src\\Illuminate\\Foundation\\Http\\Middleware\\ValidatePostSize.php(27): Illuminate\\Pipeline\\Pipeline->Illuminate\\Pipeline\\{closure}()
#24 D:\\OSPanel\\domains\\asap-new-site-dev\\back\\vendor\\laravel\\framework\\src\\Illuminate\\Pipeline\\Pipeline.php(180): Illuminate\\Foundation\\Http\\Middleware\\ValidatePostSize->handle()
#25 D:\\OSPanel\\domains\\asap-new-site-dev\\back\\vendor\\laravel\\framework\\src\\Illuminate\\Foundation\\Http\\Middleware\\PreventRequestsDuringMaintenance.php(86): Illuminate\\Pipeline\\Pipeline->Illuminate\\Pipeline\\{closure}()
#26 D:\\OSPanel\\domains\\asap-new-site-dev\\back\\vendor\\laravel\\framework\\src\\Illuminate\\Pipeline\\Pipeline.php(180): Illuminate\\Foundation\\Http\\Middleware\\PreventRequestsDuringMaintenance->handle()
#27 D:\\OSPanel\\domains\\asap-new-site-dev\\back\\vendor\\laravel\\framework\\src\\Illuminate\\Http\\Middleware\\HandleCors.php(49): Illuminate\\Pipeline\\Pipeline->Illuminate\\Pipeline\\{closure}()
#28 D:\\OSPanel\\domains\\asap-new-site-dev\\back\\vendor\\laravel\\framework\\src\\Illuminate\\Pipeline\\Pipeline.php(180): Illuminate\\Http\\Middleware\\HandleCors->handle()
#29 D:\\OSPanel\\domains\\asap-new-site-dev\\back\\vendor\\laravel\\framework\\src\\Illuminate\\Http\\Middleware\\TrustProxies.php(39): Illuminate\\Pipeline\\Pipeline->Illuminate\\Pipeline\\{closure}()
#30 D:\\OSPanel\\domains\\asap-new-site-dev\\back\\vendor\\laravel\\framework\\src\\Illuminate\\Pipeline\\Pipeline.php(180): Illuminate\\Http\\Middleware\\TrustProxies->handle()
#31 D:\\OSPanel\\domains\\asap-new-site-dev\\back\\vendor\\laravel\\framework\\src\\Illuminate\\Pipeline\\Pipeline.php(116): Illuminate\\Pipeline\\Pipeline->Illuminate\\Pipeline\\{closure}()
#32 D:\\OSPanel\\domains\\asap-new-site-dev\\back\\vendor\\laravel\\framework\\src\\Illuminate\\Foundation\\Http\\Kernel.php(175): Illuminate\\Pipeline\\Pipeline->then()
#33 D:\\OSPanel\\domains\\asap-new-site-dev\\back\\vendor\\laravel\\framework\\src\\Illuminate\\Foundation\\Http\\Kernel.php(144): Illuminate\\Foundation\\Http\\Kernel->sendRequestThroughRouter()
#34 D:\\OSPanel\\domains\\asap-new-site-dev\\back\\public\\index.php(51): Illuminate\\Foundation\\Http\\Kernel->handle()
#35 D:\\OSPanel\\domains\\asap-new-site-dev\\back\\vendor\\laravel\\framework\\src\\Illuminate\\Foundation\\resources\\server.php(16): require_once('D:\\\\OSPanel\\\\doma...')
#36 {main}
"} 
[2024-11-16 11:33:39] production.ERROR: Please provide a valid cache path. {"exception":"[object] (InvalidArgumentException(code: 0): Please provide a valid cache path. at D:\\OSPanel\\domains\\asap-new-site-dev\\back\\vendor\\laravel\\framework\\src\\Illuminate\\View\\Compilers\\Compiler.php:66)
[stacktrace]
#0 D:\\OSPanel\\domains\\asap-new-site-dev\\back\\vendor\\laravel\\framework\\src\\Illuminate\\View\\ViewServiceProvider.php(96): Illuminate\\View\\Compilers\\Compiler->__construct()
#1 D:\\OSPanel\\domains\\asap-new-site-dev\\back\\vendor\\laravel\\framework\\src\\Illuminate\\Container\\Container.php(910): Illuminate\\View\\ViewServiceProvider->Illuminate\\View\\{closure}()
#2 D:\\OSPanel\\domains\\asap-new-site-dev\\back\\vendor\\laravel\\framework\\src\\Illuminate\\Container\\Container.php(795): Illuminate\\Container\\Container->build()
#3 D:\\OSPanel\\domains\\asap-new-site-dev\\back\\vendor\\laravel\\framework\\src\\Illuminate\\Foundation\\Application.php(933): Illuminate\\Container\\Container->resolve()
#4 D:\\OSPanel\\domains\\asap-new-site-dev\\back\\vendor\\laravel\\framework\\src\\Illuminate\\Container\\Container.php(731): Illuminate\\Foundation\\Application->resolve()
#5 D:\\OSPanel\\domains\\asap-new-site-dev\\back\\vendor\\laravel\\framework\\src\\Illuminate\\Foundation\\Application.php(918): Illuminate\\Container\\Container->make()
#6 D:\\OSPanel\\domains\\asap-new-site-dev\\back\\vendor\\laravel\\framework\\src\\Illuminate\\Container\\Container.php(1456): Illuminate\\Foundation\\Application->make()
#7 D:\\OSPanel\\domains\\asap-new-site-dev\\back\\vendor\\laravel\\framework\\src\\Illuminate\\View\\ViewServiceProvider.php(164): Illuminate\\Container\\Container->offsetGet()
#8 [internal function]: Illuminate\\View\\ViewServiceProvider->Illuminate\\View\\{closure}()
#9 D:\\OSPanel\\domains\\asap-new-site-dev\\back\\vendor\\laravel\\framework\\src\\Illuminate\\View\\Engines\\EngineResolver.php(55): call_user_func()
#10 D:\\OSPanel\\domains\\asap-new-site-dev\\back\\vendor\\laravel\\framework\\src\\Illuminate\\View\\Factory.php(310): Illuminate\\View\\Engines\\EngineResolver->resolve()
#11 D:\\OSPanel\\domains\\asap-new-site-dev\\back\\vendor\\laravel\\framework\\src\\Illuminate\\View\\Factory.php(274): Illuminate\\View\\Factory->getEngineFromPath()
#12 D:\\OSPanel\\domains\\asap-new-site-dev\\back\\vendor\\laravel\\framework\\src\\Illuminate\\View\\Factory.php(146): Illuminate\\View\\Factory->viewInstance()
#13 D:\\OSPanel\\domains\\asap-new-site-dev\\back\\vendor\\laravel\\framework\\src\\Illuminate\\Routing\\ResponseFactory.php(87): Illuminate\\View\\Factory->make()
#14 D:\\OSPanel\\domains\\asap-new-site-dev\\back\\vendor\\laravel\\framework\\src\\Illuminate\\Foundation\\Exceptions\\Handler.php(645): Illuminate\\Routing\\ResponseFactory->view()
#15 D:\\OSPanel\\domains\\asap-new-site-dev\\back\\vendor\\laravel\\framework\\src\\Illuminate\\Foundation\\Exceptions\\Handler.php(573): Illuminate\\Foundation\\Exceptions\\Handler->renderHttpException()
#16 D:\\OSPanel\\domains\\asap-new-site-dev\\back\\vendor\\laravel\\framework\\src\\Illuminate\\Foundation\\Exceptions\\Handler.php(479): Illuminate\\Foundation\\Exceptions\\Handler->prepareResponse()
#17 D:\\OSPanel\\domains\\asap-new-site-dev\\back\\vendor\\laravel\\framework\\src\\Illuminate\\Foundation\\Exceptions\\Handler.php(396): Illuminate\\Foundation\\Exceptions\\Handler->renderExceptionResponse()
#18 D:\\OSPanel\\domains\\asap-new-site-dev\\back\\vendor\\laravel\\framework\\src\\Illuminate\\Routing\\Pipeline.php(51): Illuminate\\Foundation\\Exceptions\\Handler->render()
#19 D:\\OSPanel\\domains\\asap-new-site-dev\\back\\vendor\\laravel\\framework\\src\\Illuminate\\Pipeline\\Pipeline.php(185): Illuminate\\Routing\\Pipeline->handleException()
#20 D:\\OSPanel\\domains\\asap-new-site-dev\\back\\vendor\\laravel\\framework\\src\\Illuminate\\Foundation\\Http\\Middleware\\ValidatePostSize.php(27): Illuminate\\Pipeline\\Pipeline->Illuminate\\Pipeline\\{closure}()
#21 D:\\OSPanel\\domains\\asap-new-site-dev\\back\\vendor\\laravel\\framework\\src\\Illuminate\\Pipeline\\Pipeline.php(180): Illuminate\\Foundation\\Http\\Middleware\\ValidatePostSize->handle()
#22 D:\\OSPanel\\domains\\asap-new-site-dev\\back\\vendor\\laravel\\framework\\src\\Illuminate\\Foundation\\Http\\Middleware\\PreventRequestsDuringMaintenance.php(86): Illuminate\\Pipeline\\Pipeline->Illuminate\\Pipeline\\{closure}()
#23 D:\\OSPanel\\domains\\asap-new-site-dev\\back\\vendor\\laravel\\framework\\src\\Illuminate\\Pipeline\\Pipeline.php(180): Illuminate\\Foundation\\Http\\Middleware\\PreventRequestsDuringMaintenance->handle()
#24 D:\\OSPanel\\domains\\asap-new-site-dev\\back\\vendor\\laravel\\framework\\src\\Illuminate\\Http\\Middleware\\HandleCors.php(49): Illuminate\\Pipeline\\Pipeline->Illuminate\\Pipeline\\{closure}()
#25 D:\\OSPanel\\domains\\asap-new-site-dev\\back\\vendor\\laravel\\framework\\src\\Illuminate\\Pipeline\\Pipeline.php(180): Illuminate\\Http\\Middleware\\HandleCors->handle()
#26 D:\\OSPanel\\domains\\asap-new-site-dev\\back\\vendor\\laravel\\framework\\src\\Illuminate\\Http\\Middleware\\TrustProxies.php(39): Illuminate\\Pipeline\\Pipeline->Illuminate\\Pipeline\\{closure}()
#27 D:\\OSPanel\\domains\\asap-new-site-dev\\back\\vendor\\laravel\\framework\\src\\Illuminate\\Pipeline\\Pipeline.php(180): Illuminate\\Http\\Middleware\\TrustProxies->handle()
#28 D:\\OSPanel\\domains\\asap-new-site-dev\\back\\vendor\\laravel\\framework\\src\\Illuminate\\Pipeline\\Pipeline.php(116): Illuminate\\Pipeline\\Pipeline->Illuminate\\Pipeline\\{closure}()
#29 D:\\OSPanel\\domains\\asap-new-site-dev\\back\\vendor\\laravel\\framework\\src\\Illuminate\\Foundation\\Http\\Kernel.php(175): Illuminate\\Pipeline\\Pipeline->then()
#30 D:\\OSPanel\\domains\\asap-new-site-dev\\back\\vendor\\laravel\\framework\\src\\Illuminate\\Foundation\\Http\\Kernel.php(144): Illuminate\\Foundation\\Http\\Kernel->sendRequestThroughRouter()
#31 D:\\OSPanel\\domains\\asap-new-site-dev\\back\\public\\index.php(51): Illuminate\\Foundation\\Http\\Kernel->handle()
#32 D:\\OSPanel\\domains\\asap-new-site-dev\\back\\vendor\\laravel\\framework\\src\\Illuminate\\Foundation\\resources\\server.php(16): require_once('D:\\\\OSPanel\\\\doma...')
#33 {main}
"} 
[2024-11-16 11:33:39] production.ERROR: Please provide a valid cache path. {"exception":"[object] (InvalidArgumentException(code: 0): Please provide a valid cache path. at D:\\OSPanel\\domains\\asap-new-site-dev\\back\\vendor\\laravel\\framework\\src\\Illuminate\\View\\Compilers\\Compiler.php:66)
[stacktrace]
#0 D:\\OSPanel\\domains\\asap-new-site-dev\\back\\vendor\\laravel\\framework\\src\\Illuminate\\View\\ViewServiceProvider.php(96): Illuminate\\View\\Compilers\\Compiler->__construct()
#1 D:\\OSPanel\\domains\\asap-new-site-dev\\back\\vendor\\laravel\\framework\\src\\Illuminate\\Container\\Container.php(910): Illuminate\\View\\ViewServiceProvider->Illuminate\\View\\{closure}()
#2 D:\\OSPanel\\domains\\asap-new-site-dev\\back\\vendor\\laravel\\framework\\src\\Illuminate\\Container\\Container.php(795): Illuminate\\Container\\Container->build()
#3 D:\\OSPanel\\domains\\asap-new-site-dev\\back\\vendor\\laravel\\framework\\src\\Illuminate\\Foundation\\Application.php(933): Illuminate\\Container\\Container->resolve()
#4 D:\\OSPanel\\domains\\asap-new-site-dev\\back\\vendor\\laravel\\framework\\src\\Illuminate\\Container\\Container.php(731): Illuminate\\Foundation\\Application->resolve()
#5 D:\\OSPanel\\domains\\asap-new-site-dev\\back\\vendor\\laravel\\framework\\src\\Illuminate\\Foundation\\Application.php(918): Illuminate\\Container\\Container->make()
#6 D:\\OSPanel\\domains\\asap-new-site-dev\\back\\vendor\\laravel\\framework\\src\\Illuminate\\Container\\Container.php(1456): Illuminate\\Foundation\\Application->make()
#7 D:\\OSPanel\\domains\\asap-new-site-dev\\back\\vendor\\laravel\\framework\\src\\Illuminate\\View\\ViewServiceProvider.php(164): Illuminate\\Container\\Container->offsetGet()
#8 [internal function]: Illuminate\\View\\ViewServiceProvider->Illuminate\\View\\{closure}()
#9 D:\\OSPanel\\domains\\asap-new-site-dev\\back\\vendor\\laravel\\framework\\src\\Illuminate\\View\\Engines\\EngineResolver.php(55): call_user_func()
#10 D:\\OSPanel\\domains\\asap-new-site-dev\\back\\vendor\\laravel\\framework\\src\\Illuminate\\View\\Factory.php(310): Illuminate\\View\\Engines\\EngineResolver->resolve()
#11 D:\\OSPanel\\domains\\asap-new-site-dev\\back\\vendor\\laravel\\framework\\src\\Illuminate\\View\\Factory.php(274): Illuminate\\View\\Factory->getEngineFromPath()
#12 D:\\OSPanel\\domains\\asap-new-site-dev\\back\\vendor\\laravel\\framework\\src\\Illuminate\\View\\Factory.php(146): Illuminate\\View\\Factory->viewInstance()
#13 D:\\OSPanel\\domains\\asap-new-site-dev\\back\\vendor\\laravel\\framework\\src\\Illuminate\\Routing\\ResponseFactory.php(87): Illuminate\\View\\Factory->make()
#14 D:\\OSPanel\\domains\\asap-new-site-dev\\back\\vendor\\laravel\\framework\\src\\Illuminate\\Foundation\\Exceptions\\Handler.php(645): Illuminate\\Routing\\ResponseFactory->view()
#15 D:\\OSPanel\\domains\\asap-new-site-dev\\back\\vendor\\laravel\\framework\\src\\Illuminate\\Foundation\\Exceptions\\Handler.php(573): Illuminate\\Foundation\\Exceptions\\Handler->renderHttpException()
#16 D:\\OSPanel\\domains\\asap-new-site-dev\\back\\vendor\\laravel\\framework\\src\\Illuminate\\Foundation\\Exceptions\\Handler.php(479): Illuminate\\Foundation\\Exceptions\\Handler->prepareResponse()
#17 D:\\OSPanel\\domains\\asap-new-site-dev\\back\\vendor\\laravel\\framework\\src\\Illuminate\\Foundation\\Exceptions\\Handler.php(396): Illuminate\\Foundation\\Exceptions\\Handler->renderExceptionResponse()
#18 D:\\OSPanel\\domains\\asap-new-site-dev\\back\\vendor\\laravel\\framework\\src\\Illuminate\\Routing\\Pipeline.php(51): Illuminate\\Foundation\\Exceptions\\Handler->render()
#19 D:\\OSPanel\\domains\\asap-new-site-dev\\back\\vendor\\laravel\\framework\\src\\Illuminate\\Pipeline\\Pipeline.php(185): Illuminate\\Routing\\Pipeline->handleException()
#20 D:\\OSPanel\\domains\\asap-new-site-dev\\back\\vendor\\laravel\\framework\\src\\Illuminate\\Foundation\\Http\\Middleware\\PreventRequestsDuringMaintenance.php(86): Illuminate\\Pipeline\\Pipeline->Illuminate\\Pipeline\\{closure}()
#21 D:\\OSPanel\\domains\\asap-new-site-dev\\back\\vendor\\laravel\\framework\\src\\Illuminate\\Pipeline\\Pipeline.php(180): Illuminate\\Foundation\\Http\\Middleware\\PreventRequestsDuringMaintenance->handle()
#22 D:\\OSPanel\\domains\\asap-new-site-dev\\back\\vendor\\laravel\\framework\\src\\Illuminate\\Http\\Middleware\\HandleCors.php(49): Illuminate\\Pipeline\\Pipeline->Illuminate\\Pipeline\\{closure}()
#23 D:\\OSPanel\\domains\\asap-new-site-dev\\back\\vendor\\laravel\\framework\\src\\Illuminate\\Pipeline\\Pipeline.php(180): Illuminate\\Http\\Middleware\\HandleCors->handle()
#24 D:\\OSPanel\\domains\\asap-new-site-dev\\back\\vendor\\laravel\\framework\\src\\Illuminate\\Http\\Middleware\\TrustProxies.php(39): Illuminate\\Pipeline\\Pipeline->Illuminate\\Pipeline\\{closure}()
#25 D:\\OSPanel\\domains\\asap-new-site-dev\\back\\vendor\\laravel\\framework\\src\\Illuminate\\Pipeline\\Pipeline.php(180): Illuminate\\Http\\Middleware\\TrustProxies->handle()
#26 D:\\OSPanel\\domains\\asap-new-site-dev\\back\\vendor\\laravel\\framework\\src\\Illuminate\\Pipeline\\Pipeline.php(116): Illuminate\\Pipeline\\Pipeline->Illuminate\\Pipeline\\{closure}()
#27 D:\\OSPanel\\domains\\asap-new-site-dev\\back\\vendor\\laravel\\framework\\src\\Illuminate\\Foundation\\Http\\Kernel.php(175): Illuminate\\Pipeline\\Pipeline->then()
#28 D:\\OSPanel\\domains\\asap-new-site-dev\\back\\vendor\\laravel\\framework\\src\\Illuminate\\Foundation\\Http\\Kernel.php(144): Illuminate\\Foundation\\Http\\Kernel->sendRequestThroughRouter()
#29 D:\\OSPanel\\domains\\asap-new-site-dev\\back\\public\\index.php(51): Illuminate\\Foundation\\Http\\Kernel->handle()
#30 D:\\OSPanel\\domains\\asap-new-site-dev\\back\\vendor\\laravel\\framework\\src\\Illuminate\\Foundation\\resources\\server.php(16): require_once('D:\\\\OSPanel\\\\doma...')
#31 {main}
"} 
[2024-11-16 11:33:39] production.ERROR: Please provide a valid cache path. {"exception":"[object] (InvalidArgumentException(code: 0): Please provide a valid cache path. at D:\\OSPanel\\domains\\asap-new-site-dev\\back\\vendor\\laravel\\framework\\src\\Illuminate\\View\\Compilers\\Compiler.php:66)
[stacktrace]
#0 D:\\OSPanel\\domains\\asap-new-site-dev\\back\\vendor\\laravel\\framework\\src\\Illuminate\\View\\ViewServiceProvider.php(96): Illuminate\\View\\Compilers\\Compiler->__construct()
#1 D:\\OSPanel\\domains\\asap-new-site-dev\\back\\vendor\\laravel\\framework\\src\\Illuminate\\Container\\Container.php(910): Illuminate\\View\\ViewServiceProvider->Illuminate\\View\\{closure}()
#2 D:\\OSPanel\\domains\\asap-new-site-dev\\back\\vendor\\laravel\\framework\\src\\Illuminate\\Container\\Container.php(795): Illuminate\\Container\\Container->build()
#3 D:\\OSPanel\\domains\\asap-new-site-dev\\back\\vendor\\laravel\\framework\\src\\Illuminate\\Foundation\\Application.php(933): Illuminate\\Container\\Container->resolve()
#4 D:\\OSPanel\\domains\\asap-new-site-dev\\back\\vendor\\laravel\\framework\\src\\Illuminate\\Container\\Container.php(731): Illuminate\\Foundation\\Application->resolve()
#5 D:\\OSPanel\\domains\\asap-new-site-dev\\back\\vendor\\laravel\\framework\\src\\Illuminate\\Foundation\\Application.php(918): Illuminate\\Container\\Container->make()
#6 D:\\OSPanel\\domains\\asap-new-site-dev\\back\\vendor\\laravel\\framework\\src\\Illuminate\\Container\\Container.php(1456): Illuminate\\Foundation\\Application->make()
#7 D:\\OSPanel\\domains\\asap-new-site-dev\\back\\vendor\\laravel\\framework\\src\\Illuminate\\View\\ViewServiceProvider.php(164): Illuminate\\Container\\Container->offsetGet()
#8 [internal function]: Illuminate\\View\\ViewServiceProvider->Illuminate\\View\\{closure}()
#9 D:\\OSPanel\\domains\\asap-new-site-dev\\back\\vendor\\laravel\\framework\\src\\Illuminate\\View\\Engines\\EngineResolver.php(55): call_user_func()
#10 D:\\OSPanel\\domains\\asap-new-site-dev\\back\\vendor\\laravel\\framework\\src\\Illuminate\\View\\Factory.php(310): Illuminate\\View\\Engines\\EngineResolver->resolve()
#11 D:\\OSPanel\\domains\\asap-new-site-dev\\back\\vendor\\laravel\\framework\\src\\Illuminate\\View\\Factory.php(274): Illuminate\\View\\Factory->getEngineFromPath()
#12 D:\\OSPanel\\domains\\asap-new-site-dev\\back\\vendor\\laravel\\framework\\src\\Illuminate\\View\\Factory.php(146): Illuminate\\View\\Factory->viewInstance()
#13 D:\\OSPanel\\domains\\asap-new-site-dev\\back\\vendor\\laravel\\framework\\src\\Illuminate\\Routing\\ResponseFactory.php(87): Illuminate\\View\\Factory->make()
#14 D:\\OSPanel\\domains\\asap-new-site-dev\\back\\vendor\\laravel\\framework\\src\\Illuminate\\Foundation\\Exceptions\\Handler.php(645): Illuminate\\Routing\\ResponseFactory->view()
#15 D:\\OSPanel\\domains\\asap-new-site-dev\\back\\vendor\\laravel\\framework\\src\\Illuminate\\Foundation\\Exceptions\\Handler.php(573): Illuminate\\Foundation\\Exceptions\\Handler->renderHttpException()
#16 D:\\OSPanel\\domains\\asap-new-site-dev\\back\\vendor\\laravel\\framework\\src\\Illuminate\\Foundation\\Exceptions\\Handler.php(479): Illuminate\\Foundation\\Exceptions\\Handler->prepareResponse()
#17 D:\\OSPanel\\domains\\asap-new-site-dev\\back\\vendor\\laravel\\framework\\src\\Illuminate\\Foundation\\Exceptions\\Handler.php(396): Illuminate\\Foundation\\Exceptions\\Handler->renderExceptionResponse()
#18 D:\\OSPanel\\domains\\asap-new-site-dev\\back\\vendor\\laravel\\framework\\src\\Illuminate\\Routing\\Pipeline.php(51): Illuminate\\Foundation\\Exceptions\\Handler->render()
#19 D:\\OSPanel\\domains\\asap-new-site-dev\\back\\vendor\\laravel\\framework\\src\\Illuminate\\Pipeline\\Pipeline.php(185): Illuminate\\Routing\\Pipeline->handleException()
#20 D:\\OSPanel\\domains\\asap-new-site-dev\\back\\vendor\\laravel\\framework\\src\\Illuminate\\Http\\Middleware\\HandleCors.php(49): Illuminate\\Pipeline\\Pipeline->Illuminate\\Pipeline\\{closure}()
#21 D:\\OSPanel\\domains\\asap-new-site-dev\\back\\vendor\\laravel\\framework\\src\\Illuminate\\Pipeline\\Pipeline.php(180): Illuminate\\Http\\Middleware\\HandleCors->handle()
#22 D:\\OSPanel\\domains\\asap-new-site-dev\\back\\vendor\\laravel\\framework\\src\\Illuminate\\Http\\Middleware\\TrustProxies.php(39): Illuminate\\Pipeline\\Pipeline->Illuminate\\Pipeline\\{closure}()
#23 D:\\OSPanel\\domains\\asap-new-site-dev\\back\\vendor\\laravel\\framework\\src\\Illuminate\\Pipeline\\Pipeline.php(180): Illuminate\\Http\\Middleware\\TrustProxies->handle()
#24 D:\\OSPanel\\domains\\asap-new-site-dev\\back\\vendor\\laravel\\framework\\src\\Illuminate\\Pipeline\\Pipeline.php(116): Illuminate\\Pipeline\\Pipeline->Illuminate\\Pipeline\\{closure}()
#25 D:\\OSPanel\\domains\\asap-new-site-dev\\back\\vendor\\laravel\\framework\\src\\Illuminate\\Foundation\\Http\\Kernel.php(175): Illuminate\\Pipeline\\Pipeline->then()
#26 D:\\OSPanel\\domains\\asap-new-site-dev\\back\\vendor\\laravel\\framework\\src\\Illuminate\\Foundation\\Http\\Kernel.php(144): Illuminate\\Foundation\\Http\\Kernel->sendRequestThroughRouter()
#27 D:\\OSPanel\\domains\\asap-new-site-dev\\back\\public\\index.php(51): Illuminate\\Foundation\\Http\\Kernel->handle()
#28 D:\\OSPanel\\domains\\asap-new-site-dev\\back\\vendor\\laravel\\framework\\src\\Illuminate\\Foundation\\resources\\server.php(16): require_once('D:\\\\OSPanel\\\\doma...')
#29 {main}
"} 
[2024-11-16 11:33:39] production.ERROR: Please provide a valid cache path. {"exception":"[object] (InvalidArgumentException(code: 0): Please provide a valid cache path. at D:\\OSPanel\\domains\\asap-new-site-dev\\back\\vendor\\laravel\\framework\\src\\Illuminate\\View\\Compilers\\Compiler.php:66)
[stacktrace]
#0 D:\\OSPanel\\domains\\asap-new-site-dev\\back\\vendor\\laravel\\framework\\src\\Illuminate\\View\\ViewServiceProvider.php(96): Illuminate\\View\\Compilers\\Compiler->__construct()
#1 D:\\OSPanel\\domains\\asap-new-site-dev\\back\\vendor\\laravel\\framework\\src\\Illuminate\\Container\\Container.php(910): Illuminate\\View\\ViewServiceProvider->Illuminate\\View\\{closure}()
#2 D:\\OSPanel\\domains\\asap-new-site-dev\\back\\vendor\\laravel\\framework\\src\\Illuminate\\Container\\Container.php(795): Illuminate\\Container\\Container->build()
#3 D:\\OSPanel\\domains\\asap-new-site-dev\\back\\vendor\\laravel\\framework\\src\\Illuminate\\Foundation\\Application.php(933): Illuminate\\Container\\Container->resolve()
#4 D:\\OSPanel\\domains\\asap-new-site-dev\\back\\vendor\\laravel\\framework\\src\\Illuminate\\Container\\Container.php(731): Illuminate\\Foundation\\Application->resolve()
#5 D:\\OSPanel\\domains\\asap-new-site-dev\\back\\vendor\\laravel\\framework\\src\\Illuminate\\Foundation\\Application.php(918): Illuminate\\Container\\Container->make()
#6 D:\\OSPanel\\domains\\asap-new-site-dev\\back\\vendor\\laravel\\framework\\src\\Illuminate\\Container\\Container.php(1456): Illuminate\\Foundation\\Application->make()
#7 D:\\OSPanel\\domains\\asap-new-site-dev\\back\\vendor\\laravel\\framework\\src\\Illuminate\\View\\ViewServiceProvider.php(164): Illuminate\\Container\\Container->offsetGet()
#8 [internal function]: Illuminate\\View\\ViewServiceProvider->Illuminate\\View\\{closure}()
#9 D:\\OSPanel\\domains\\asap-new-site-dev\\back\\vendor\\laravel\\framework\\src\\Illuminate\\View\\Engines\\EngineResolver.php(55): call_user_func()
#10 D:\\OSPanel\\domains\\asap-new-site-dev\\back\\vendor\\laravel\\framework\\src\\Illuminate\\View\\Factory.php(310): Illuminate\\View\\Engines\\EngineResolver->resolve()
#11 D:\\OSPanel\\domains\\asap-new-site-dev\\back\\vendor\\laravel\\framework\\src\\Illuminate\\View\\Factory.php(274): Illuminate\\View\\Factory->getEngineFromPath()
#12 D:\\OSPanel\\domains\\asap-new-site-dev\\back\\vendor\\laravel\\framework\\src\\Illuminate\\View\\Factory.php(146): Illuminate\\View\\Factory->viewInstance()
#13 D:\\OSPanel\\domains\\asap-new-site-dev\\back\\vendor\\laravel\\framework\\src\\Illuminate\\Routing\\ResponseFactory.php(87): Illuminate\\View\\Factory->make()
#14 D:\\OSPanel\\domains\\asap-new-site-dev\\back\\vendor\\laravel\\framework\\src\\Illuminate\\Foundation\\Exceptions\\Handler.php(645): Illuminate\\Routing\\ResponseFactory->view()
#15 D:\\OSPanel\\domains\\asap-new-site-dev\\back\\vendor\\laravel\\framework\\src\\Illuminate\\Foundation\\Exceptions\\Handler.php(573): Illuminate\\Foundation\\Exceptions\\Handler->renderHttpException()
#16 D:\\OSPanel\\domains\\asap-new-site-dev\\back\\vendor\\laravel\\framework\\src\\Illuminate\\Foundation\\Exceptions\\Handler.php(479): Illuminate\\Foundation\\Exceptions\\Handler->prepareResponse()
#17 D:\\OSPanel\\domains\\asap-new-site-dev\\back\\vendor\\laravel\\framework\\src\\Illuminate\\Foundation\\Exceptions\\Handler.php(396): Illuminate\\Foundation\\Exceptions\\Handler->renderExceptionResponse()
#18 D:\\OSPanel\\domains\\asap-new-site-dev\\back\\vendor\\laravel\\framework\\src\\Illuminate\\Routing\\Pipeline.php(51): Illuminate\\Foundation\\Exceptions\\Handler->render()
#19 D:\\OSPanel\\domains\\asap-new-site-dev\\back\\vendor\\laravel\\framework\\src\\Illuminate\\Pipeline\\Pipeline.php(185): Illuminate\\Routing\\Pipeline->handleException()
#20 D:\\OSPanel\\domains\\asap-new-site-dev\\back\\vendor\\laravel\\framework\\src\\Illuminate\\Http\\Middleware\\TrustProxies.php(39): Illuminate\\Pipeline\\Pipeline->Illuminate\\Pipeline\\{closure}()
#21 D:\\OSPanel\\domains\\asap-new-site-dev\\back\\vendor\\laravel\\framework\\src\\Illuminate\\Pipeline\\Pipeline.php(180): Illuminate\\Http\\Middleware\\TrustProxies->handle()
#22 D:\\OSPanel\\domains\\asap-new-site-dev\\back\\vendor\\laravel\\framework\\src\\Illuminate\\Pipeline\\Pipeline.php(116): Illuminate\\Pipeline\\Pipeline->Illuminate\\Pipeline\\{closure}()
#23 D:\\OSPanel\\domains\\asap-new-site-dev\\back\\vendor\\laravel\\framework\\src\\Illuminate\\Foundation\\Http\\Kernel.php(175): Illuminate\\Pipeline\\Pipeline->then()
#24 D:\\OSPanel\\domains\\asap-new-site-dev\\back\\vendor\\laravel\\framework\\src\\Illuminate\\Foundation\\Http\\Kernel.php(144): Illuminate\\Foundation\\Http\\Kernel->sendRequestThroughRouter()
#25 D:\\OSPanel\\domains\\asap-new-site-dev\\back\\public\\index.php(51): Illuminate\\Foundation\\Http\\Kernel->handle()
#26 D:\\OSPanel\\domains\\asap-new-site-dev\\back\\vendor\\laravel\\framework\\src\\Illuminate\\Foundation\\resources\\server.php(16): require_once('D:\\\\OSPanel\\\\doma...')
#27 {main}
"} 
[2024-11-16 11:33:39] production.ERROR: Please provide a valid cache path. {"exception":"[object] (InvalidArgumentException(code: 0): Please provide a valid cache path. at D:\\OSPanel\\domains\\asap-new-site-dev\\back\\vendor\\laravel\\framework\\src\\Illuminate\\View\\Compilers\\Compiler.php:66)
[stacktrace]
#0 D:\\OSPanel\\domains\\asap-new-site-dev\\back\\vendor\\laravel\\framework\\src\\Illuminate\\View\\ViewServiceProvider.php(96): Illuminate\\View\\Compilers\\Compiler->__construct()
#1 D:\\OSPanel\\domains\\asap-new-site-dev\\back\\vendor\\laravel\\framework\\src\\Illuminate\\Container\\Container.php(910): Illuminate\\View\\ViewServiceProvider->Illuminate\\View\\{closure}()
#2 D:\\OSPanel\\domains\\asap-new-site-dev\\back\\vendor\\laravel\\framework\\src\\Illuminate\\Container\\Container.php(795): Illuminate\\Container\\Container->build()
#3 D:\\OSPanel\\domains\\asap-new-site-dev\\back\\vendor\\laravel\\framework\\src\\Illuminate\\Foundation\\Application.php(933): Illuminate\\Container\\Container->resolve()
#4 D:\\OSPanel\\domains\\asap-new-site-dev\\back\\vendor\\laravel\\framework\\src\\Illuminate\\Container\\Container.php(731): Illuminate\\Foundation\\Application->resolve()
#5 D:\\OSPanel\\domains\\asap-new-site-dev\\back\\vendor\\laravel\\framework\\src\\Illuminate\\Foundation\\Application.php(918): Illuminate\\Container\\Container->make()
#6 D:\\OSPanel\\domains\\asap-new-site-dev\\back\\vendor\\laravel\\framework\\src\\Illuminate\\Container\\Container.php(1456): Illuminate\\Foundation\\Application->make()
#7 D:\\OSPanel\\domains\\asap-new-site-dev\\back\\vendor\\laravel\\framework\\src\\Illuminate\\View\\ViewServiceProvider.php(164): Illuminate\\Container\\Container->offsetGet()
#8 [internal function]: Illuminate\\View\\ViewServiceProvider->Illuminate\\View\\{closure}()
#9 D:\\OSPanel\\domains\\asap-new-site-dev\\back\\vendor\\laravel\\framework\\src\\Illuminate\\View\\Engines\\EngineResolver.php(55): call_user_func()
#10 D:\\OSPanel\\domains\\asap-new-site-dev\\back\\vendor\\laravel\\framework\\src\\Illuminate\\View\\Factory.php(310): Illuminate\\View\\Engines\\EngineResolver->resolve()
#11 D:\\OSPanel\\domains\\asap-new-site-dev\\back\\vendor\\laravel\\framework\\src\\Illuminate\\View\\Factory.php(274): Illuminate\\View\\Factory->getEngineFromPath()
#12 D:\\OSPanel\\domains\\asap-new-site-dev\\back\\vendor\\laravel\\framework\\src\\Illuminate\\View\\Factory.php(146): Illuminate\\View\\Factory->viewInstance()
#13 D:\\OSPanel\\domains\\asap-new-site-dev\\back\\vendor\\laravel\\framework\\src\\Illuminate\\Routing\\ResponseFactory.php(87): Illuminate\\View\\Factory->make()
#14 D:\\OSPanel\\domains\\asap-new-site-dev\\back\\vendor\\laravel\\framework\\src\\Illuminate\\Foundation\\Exceptions\\Handler.php(645): Illuminate\\Routing\\ResponseFactory->view()
#15 D:\\OSPanel\\domains\\asap-new-site-dev\\back\\vendor\\laravel\\framework\\src\\Illuminate\\Foundation\\Exceptions\\Handler.php(573): Illuminate\\Foundation\\Exceptions\\Handler->renderHttpException()
#16 D:\\OSPanel\\domains\\asap-new-site-dev\\back\\vendor\\laravel\\framework\\src\\Illuminate\\Foundation\\Exceptions\\Handler.php(479): Illuminate\\Foundation\\Exceptions\\Handler->prepareResponse()
#17 D:\\OSPanel\\domains\\asap-new-site-dev\\back\\vendor\\laravel\\framework\\src\\Illuminate\\Foundation\\Exceptions\\Handler.php(396): Illuminate\\Foundation\\Exceptions\\Handler->renderExceptionResponse()
#18 D:\\OSPanel\\domains\\asap-new-site-dev\\back\\vendor\\laravel\\framework\\src\\Illuminate\\Routing\\Pipeline.php(51): Illuminate\\Foundation\\Exceptions\\Handler->render()
#19 D:\\OSPanel\\domains\\asap-new-site-dev\\back\\vendor\\laravel\\framework\\src\\Illuminate\\Pipeline\\Pipeline.php(185): Illuminate\\Routing\\Pipeline->handleException()
#20 D:\\OSPanel\\domains\\asap-new-site-dev\\back\\vendor\\laravel\\framework\\src\\Illuminate\\Pipeline\\Pipeline.php(116): Illuminate\\Pipeline\\Pipeline->Illuminate\\Pipeline\\{closure}()
#21 D:\\OSPanel\\domains\\asap-new-site-dev\\back\\vendor\\laravel\\framework\\src\\Illuminate\\Foundation\\Http\\Kernel.php(175): Illuminate\\Pipeline\\Pipeline->then()
#22 D:\\OSPanel\\domains\\asap-new-site-dev\\back\\vendor\\laravel\\framework\\src\\Illuminate\\Foundation\\Http\\Kernel.php(144): Illuminate\\Foundation\\Http\\Kernel->sendRequestThroughRouter()
#23 D:\\OSPanel\\domains\\asap-new-site-dev\\back\\public\\index.php(51): Illuminate\\Foundation\\Http\\Kernel->handle()
#24 D:\\OSPanel\\domains\\asap-new-site-dev\\back\\vendor\\laravel\\framework\\src\\Illuminate\\Foundation\\resources\\server.php(16): require_once('D:\\\\OSPanel\\\\doma...')
#25 {main}
"} 
[2024-11-16 11:33:39] production.ERROR: Please provide a valid cache path. {"exception":"[object] (InvalidArgumentException(code: 0): Please provide a valid cache path. at D:\\OSPanel\\domains\\asap-new-site-dev\\back\\vendor\\laravel\\framework\\src\\Illuminate\\View\\Compilers\\Compiler.php:66)
[stacktrace]
#0 D:\\OSPanel\\domains\\asap-new-site-dev\\back\\vendor\\laravel\\framework\\src\\Illuminate\\View\\ViewServiceProvider.php(96): Illuminate\\View\\Compilers\\Compiler->__construct()
#1 D:\\OSPanel\\domains\\asap-new-site-dev\\back\\vendor\\laravel\\framework\\src\\Illuminate\\Container\\Container.php(910): Illuminate\\View\\ViewServiceProvider->Illuminate\\View\\{closure}()
#2 D:\\OSPanel\\domains\\asap-new-site-dev\\back\\vendor\\laravel\\framework\\src\\Illuminate\\Container\\Container.php(795): Illuminate\\Container\\Container->build()
#3 D:\\OSPanel\\domains\\asap-new-site-dev\\back\\vendor\\laravel\\framework\\src\\Illuminate\\Foundation\\Application.php(933): Illuminate\\Container\\Container->resolve()
#4 D:\\OSPanel\\domains\\asap-new-site-dev\\back\\vendor\\laravel\\framework\\src\\Illuminate\\Container\\Container.php(731): Illuminate\\Foundation\\Application->resolve()
#5 D:\\OSPanel\\domains\\asap-new-site-dev\\back\\vendor\\laravel\\framework\\src\\Illuminate\\Foundation\\Application.php(918): Illuminate\\Container\\Container->make()
#6 D:\\OSPanel\\domains\\asap-new-site-dev\\back\\vendor\\laravel\\framework\\src\\Illuminate\\Container\\Container.php(1456): Illuminate\\Foundation\\Application->make()
#7 D:\\OSPanel\\domains\\asap-new-site-dev\\back\\vendor\\laravel\\framework\\src\\Illuminate\\View\\ViewServiceProvider.php(164): Illuminate\\Container\\Container->offsetGet()
#8 [internal function]: Illuminate\\View\\ViewServiceProvider->Illuminate\\View\\{closure}()
#9 D:\\OSPanel\\domains\\asap-new-site-dev\\back\\vendor\\laravel\\framework\\src\\Illuminate\\View\\Engines\\EngineResolver.php(55): call_user_func()
#10 D:\\OSPanel\\domains\\asap-new-site-dev\\back\\vendor\\laravel\\framework\\src\\Illuminate\\View\\Factory.php(310): Illuminate\\View\\Engines\\EngineResolver->resolve()
#11 D:\\OSPanel\\domains\\asap-new-site-dev\\back\\vendor\\laravel\\framework\\src\\Illuminate\\View\\Factory.php(274): Illuminate\\View\\Factory->getEngineFromPath()
#12 D:\\OSPanel\\domains\\asap-new-site-dev\\back\\vendor\\laravel\\framework\\src\\Illuminate\\View\\Factory.php(146): Illuminate\\View\\Factory->viewInstance()
#13 D:\\OSPanel\\domains\\asap-new-site-dev\\back\\vendor\\laravel\\framework\\src\\Illuminate\\Routing\\ResponseFactory.php(87): Illuminate\\View\\Factory->make()
#14 D:\\OSPanel\\domains\\asap-new-site-dev\\back\\vendor\\laravel\\framework\\src\\Illuminate\\Foundation\\Exceptions\\Handler.php(645): Illuminate\\Routing\\ResponseFactory->view()
#15 D:\\OSPanel\\domains\\asap-new-site-dev\\back\\vendor\\laravel\\framework\\src\\Illuminate\\Foundation\\Exceptions\\Handler.php(573): Illuminate\\Foundation\\Exceptions\\Handler->renderHttpException()
#16 D:\\OSPanel\\domains\\asap-new-site-dev\\back\\vendor\\laravel\\framework\\src\\Illuminate\\Foundation\\Exceptions\\Handler.php(479): Illuminate\\Foundation\\Exceptions\\Handler->prepareResponse()
#17 D:\\OSPanel\\domains\\asap-new-site-dev\\back\\vendor\\laravel\\framework\\src\\Illuminate\\Foundation\\Exceptions\\Handler.php(396): Illuminate\\Foundation\\Exceptions\\Handler->renderExceptionResponse()
#18 D:\\OSPanel\\domains\\asap-new-site-dev\\back\\vendor\\laravel\\framework\\src\\Illuminate\\Foundation\\Http\\Kernel.php(503): Illuminate\\Foundation\\Exceptions\\Handler->render()
#19 D:\\OSPanel\\domains\\asap-new-site-dev\\back\\vendor\\laravel\\framework\\src\\Illuminate\\Foundation\\Http\\Kernel.php(148): Illuminate\\Foundation\\Http\\Kernel->renderException()
#20 D:\\OSPanel\\domains\\asap-new-site-dev\\back\\public\\index.php(51): Illuminate\\Foundation\\Http\\Kernel->handle()
#21 D:\\OSPanel\\domains\\asap-new-site-dev\\back\\vendor\\laravel\\framework\\src\\Illuminate\\Foundation\\resources\\server.php(16): require_once('D:\\\\OSPanel\\\\doma...')
#22 {main}
"} 
[2024-11-16 11:33:39] production.ERROR: Uncaught InvalidArgumentException: Please provide a valid cache path. in D:\OSPanel\domains\asap-new-site-dev\back\vendor\laravel\framework\src\Illuminate\View\Compilers\Compiler.php:66
Stack trace:
#0 D:\OSPanel\domains\asap-new-site-dev\back\vendor\laravel\framework\src\Illuminate\View\ViewServiceProvider.php(96): Illuminate\View\Compilers\Compiler->__construct()
#1 D:\OSPanel\domains\asap-new-site-dev\back\vendor\laravel\framework\src\Illuminate\Container\Container.php(910): Illuminate\View\ViewServiceProvider->Illuminate\View\{closure}()
#2 D:\OSPanel\domains\asap-new-site-dev\back\vendor\laravel\framework\src\Illuminate\Container\Container.php(795): Illuminate\Container\Container->build()
#3 D:\OSPanel\domains\asap-new-site-dev\back\vendor\laravel\framework\src\Illuminate\Foundation\Application.php(933): Illuminate\Container\Container->resolve()
#4 D:\OSPanel\domains\asap-new-site-dev\back\vendor\laravel\framework\src\Illuminate\Container\Container.php(731): Illuminate\Foundation\Application->resolve()
#5 D:\OSPanel\domains\asap-new-site-dev\back\vendor\laravel\framework\src\Illuminate\Foundation\Application.php(918): Illuminate\Container\Container->make()
#6 D:\OSPanel\domains\asap-new-site-dev\back\vendor\laravel\framework\src\Illuminate\Container\Container.php(1456): Illuminate\Foundation\Application->make()
#7 D:\OSPanel\domains\asap-new-site-dev\back\vendor\laravel\framework\src\Illuminate\View\ViewServiceProvider.php(164): Illuminate\Container\Container->offsetGet()
#8 [internal function]: Illuminate\View\ViewServiceProvider->Illuminate\View\{closure}()
#9 D:\OSPanel\domains\asap-new-site-dev\back\vendor\laravel\framework\src\Illuminate\View\Engines\EngineResolver.php(55): call_user_func()
#10 D:\OSPanel\domains\asap-new-site-dev\back\vendor\laravel\framework\src\Illuminate\View\Factory.php(310): Illuminate\View\Engines\EngineResolver->resolve()
#11 D:\OSPanel\domains\asap-new-site-dev\back\vendor\laravel\framework\src\Illuminate\View\Factory.php(274): Illuminate\View\Factory->getEngineFromPath()
#12 D:\OSPanel\domains\asap-new-site-dev\back\vendor\laravel\framework\src\Illuminate\View\Factory.php(146): Illuminate\View\Factory->viewInstance()
#13 D:\OSPanel\domains\asap-new-site-dev\back\vendor\laravel\framework\src\Illuminate\Routing\ResponseFactory.php(87): Illuminate\View\Factory->make()
#14 D:\OSPanel\domains\asap-new-site-dev\back\vendor\laravel\framework\src\Illuminate\Foundation\Exceptions\Handler.php(645): Illuminate\Routing\ResponseFactory->view()
#15 D:\OSPanel\domains\asap-new-site-dev\back\vendor\laravel\framework\src\Illuminate\Foundation\Exceptions\Handler.php(573): Illuminate\Foundation\Exceptions\Handler->renderHttpException()
#16 D:\OSPanel\domains\asap-new-site-dev\back\vendor\laravel\framework\src\Illuminate\Foundation\Exceptions\Handler.php(479): Illuminate\Foundation\Exceptions\Handler->prepareResponse()
#17 D:\OSPanel\domains\asap-new-site-dev\back\vendor\laravel\framework\src\Illuminate\Foundation\Exceptions\Handler.php(396): Illuminate\Foundation\Exceptions\Handler->renderExceptionResponse()
#18 D:\OSPanel\domains\asap-new-site-dev\back\vendor\laravel\framework\src\Illuminate\Foundation\Bootstrap\HandleExceptions.php(217): Illuminate\Foundation\Exceptions\Handler->render()
#19 D:\OSPanel\domains\asap-new-site-dev\back\vendor\laravel\framework\src\Illuminate\Foundation\Bootstrap\HandleExceptions.php(194): Illuminate\Foundation\Bootstrap\HandleExceptions->renderHttpResponse()
#20 D:\OSPanel\domains\asap-new-site-dev\back\vendor\laravel\framework\src\Illuminate\Foundation\Bootstrap\HandleExceptions.php(254): Illuminate\Foundation\Bootstrap\HandleExceptions->handleException()
#21 [internal function]: Illuminate\Foundation\Bootstrap\HandleExceptions->Illuminate\Foundation\Bootstrap\{closure}()
#22 {main}
  thrown {"exception":"[object] (Symfony\\Component\\ErrorHandler\\Error\\FatalError(code: 0): Uncaught InvalidArgumentException: Please provide a valid cache path. in D:\\OSPanel\\domains\\asap-new-site-dev\\back\\vendor\\laravel\\framework\\src\\Illuminate\\View\\Compilers\\Compiler.php:66
Stack trace:
#0 D:\\OSPanel\\domains\\asap-new-site-dev\\back\\vendor\\laravel\\framework\\src\\Illuminate\\View\\ViewServiceProvider.php(96): Illuminate\\View\\Compilers\\Compiler->__construct()
#1 D:\\OSPanel\\domains\\asap-new-site-dev\\back\\vendor\\laravel\\framework\\src\\Illuminate\\Container\\Container.php(910): Illuminate\\View\\ViewServiceProvider->Illuminate\\View\\{closure}()
#2 D:\\OSPanel\\domains\\asap-new-site-dev\\back\\vendor\\laravel\\framework\\src\\Illuminate\\Container\\Container.php(795): Illuminate\\Container\\Container->build()
#3 D:\\OSPanel\\domains\\asap-new-site-dev\\back\\vendor\\laravel\\framework\\src\\Illuminate\\Foundation\\Application.php(933): Illuminate\\Container\\Container->resolve()
#4 D:\\OSPanel\\domains\\asap-new-site-dev\\back\\vendor\\laravel\\framework\\src\\Illuminate\\Container\\Container.php(731): Illuminate\\Foundation\\Application->resolve()
#5 D:\\OSPanel\\domains\\asap-new-site-dev\\back\\vendor\\laravel\\framework\\src\\Illuminate\\Foundation\\Application.php(918): Illuminate\\Container\\Container->make()
#6 D:\\OSPanel\\domains\\asap-new-site-dev\\back\\vendor\\laravel\\framework\\src\\Illuminate\\Container\\Container.php(1456): Illuminate\\Foundation\\Application->make()
#7 D:\\OSPanel\\domains\\asap-new-site-dev\\back\\vendor\\laravel\\framework\\src\\Illuminate\\View\\ViewServiceProvider.php(164): Illuminate\\Container\\Container->offsetGet()
#8 [internal function]: Illuminate\\View\\ViewServiceProvider->Illuminate\\View\\{closure}()
#9 D:\\OSPanel\\domains\\asap-new-site-dev\\back\\vendor\\laravel\\framework\\src\\Illuminate\\View\\Engines\\EngineResolver.php(55): call_user_func()
#10 D:\\OSPanel\\domains\\asap-new-site-dev\\back\\vendor\\laravel\\framework\\src\\Illuminate\\View\\Factory.php(310): Illuminate\\View\\Engines\\EngineResolver->resolve()
#11 D:\\OSPanel\\domains\\asap-new-site-dev\\back\\vendor\\laravel\\framework\\src\\Illuminate\\View\\Factory.php(274): Illuminate\\View\\Factory->getEngineFromPath()
#12 D:\\OSPanel\\domains\\asap-new-site-dev\\back\\vendor\\laravel\\framework\\src\\Illuminate\\View\\Factory.php(146): Illuminate\\View\\Factory->viewInstance()
#13 D:\\OSPanel\\domains\\asap-new-site-dev\\back\\vendor\\laravel\\framework\\src\\Illuminate\\Routing\\ResponseFactory.php(87): Illuminate\\View\\Factory->make()
#14 D:\\OSPanel\\domains\\asap-new-site-dev\\back\\vendor\\laravel\\framework\\src\\Illuminate\\Foundation\\Exceptions\\Handler.php(645): Illuminate\\Routing\\ResponseFactory->view()
#15 D:\\OSPanel\\domains\\asap-new-site-dev\\back\\vendor\\laravel\\framework\\src\\Illuminate\\Foundation\\Exceptions\\Handler.php(573): Illuminate\\Foundation\\Exceptions\\Handler->renderHttpException()
#16 D:\\OSPanel\\domains\\asap-new-site-dev\\back\\vendor\\laravel\\framework\\src\\Illuminate\\Foundation\\Exceptions\\Handler.php(479): Illuminate\\Foundation\\Exceptions\\Handler->prepareResponse()
#17 D:\\OSPanel\\domains\\asap-new-site-dev\\back\\vendor\\laravel\\framework\\src\\Illuminate\\Foundation\\Exceptions\\Handler.php(396): Illuminate\\Foundation\\Exceptions\\Handler->renderExceptionResponse()
#18 D:\\OSPanel\\domains\\asap-new-site-dev\\back\\vendor\\laravel\\framework\\src\\Illuminate\\Foundation\\Bootstrap\\HandleExceptions.php(217): Illuminate\\Foundation\\Exceptions\\Handler->render()
#19 D:\\OSPanel\\domains\\asap-new-site-dev\\back\\vendor\\laravel\\framework\\src\\Illuminate\\Foundation\\Bootstrap\\HandleExceptions.php(194): Illuminate\\Foundation\\Bootstrap\\HandleExceptions->renderHttpResponse()
#20 D:\\OSPanel\\domains\\asap-new-site-dev\\back\\vendor\\laravel\\framework\\src\\Illuminate\\Foundation\\Bootstrap\\HandleExceptions.php(254): Illuminate\\Foundation\\Bootstrap\\HandleExceptions->handleException()
#21 [internal function]: Illuminate\\Foundation\\Bootstrap\\HandleExceptions->Illuminate\\Foundation\\Bootstrap\\{closure}()
#22 {main}
  thrown at D:\\OSPanel\\domains\\asap-new-site-dev\\back\\vendor\\laravel\\framework\\src\\Illuminate\\View\\Compilers\\Compiler.php:66)
[stacktrace]
#0 {main}
"} 
